,S0,S1,S2,S3,S4
0,0.93458635,0.023113031,0.039355304,0.002072708,0.0008725616
1,0.93483895,0.023054661,0.03916814,0.0020663792,0.00087175175
2,0.93476623,0.023251617,0.03901229,0.0020921822,0.0008777242
3,0.9356774,0.02338995,0.038052585,0.0020467958,0.0008332716
4,0.935503,0.02365639,0.037935443,0.0020619237,0.00084324717
5,0.9374008,0.023263743,0.036517065,0.002024916,0.000793506
6,0.93857944,0.022907497,0.035744615,0.0020017708,0.00076659827
7,0.9404077,0.02264003,0.03427669,0.0019389769,0.00073660497
8,0.9407213,0.022914195,0.033781886,0.0018746991,0.00070790487
9,0.9398647,0.022483934,0.034932684,0.0019635658,0.00075520854
10,0.9390727,0.022892024,0.035273913,0.0019781739,0.00078315596
11,0.93811977,0.022971423,0.036036003,0.0020460726,0.000826733
12,0.9388085,0.022875687,0.035582922,0.00196362,0.0007691481
13,0.93703604,0.023225373,0.036942996,0.0019989584,0.0007966568
14,0.9379458,0.022873674,0.0363667,0.0020142521,0.00079960056
15,0.93751955,0.023071647,0.036532782,0.0020489409,0.00082716753
16,0.9377563,0.02283715,0.036539707,0.0020390896,0.0008276858
17,0.93708295,0.023027468,0.03710229,0.0019861462,0.0008011424
18,0.9358389,0.023072746,0.03818478,0.002047315,0.00085627276
19,0.9362758,0.022992367,0.03786196,0.0020337224,0.0008361505
20,0.9372813,0.023275008,0.036641054,0.001994898,0.00080768764
21,0.9389225,0.022637682,0.03565355,0.0019986122,0.00078767736
22,0.9390144,0.022577811,0.03566669,0.0019664555,0.00077457307
23,0.9385618,0.023192758,0.035582654,0.0019160733,0.00074669236
24,0.93879664,0.023203015,0.03530073,0.001946231,0.00075343007
25,0.93820417,0.023191938,0.03581159,0.002007266,0.00078509026
26,0.9394757,0.022870496,0.03487947,0.0020035037,0.000770912
27,0.9399507,0.023640996,0.03379296,0.0019016238,0.0007136679
28,0.9395286,0.023206254,0.03456146,0.0019550628,0.0007486135
29,0.9398013,0.022919733,0.034560304,0.001961805,0.0007569169
30,0.9393247,0.022769796,0.035164528,0.001976681,0.0007642946
31,0.93985015,0.02337107,0.034145154,0.0019098785,0.00072380557
32,0.9395388,0.022951258,0.034821816,0.0019383439,0.0007497828
33,0.9399944,0.022516705,0.03479014,0.0019486065,0.00075019937
34,0.94000864,0.02311771,0.03425415,0.0018980186,0.0007214083
35,0.9402048,0.023008091,0.03413837,0.0019120573,0.0007365444
36,0.9411772,0.022672163,0.03358688,0.0018605092,0.00070323655
37,0.9409105,0.02311985,0.0333956,0.0018663593,0.0007076909
38,0.94190913,0.02333243,0.032236237,0.001831314,0.000690849
39,0.94255716,0.022674035,0.032216217,0.0018605364,0.0006920736
40,0.9421953,0.02274637,0.032471485,0.0018793134,0.00070746575
41,0.94202954,0.022962207,0.032530032,0.0018107201,0.0006676127
42,0.94217384,0.022763127,0.032507204,0.0018570469,0.0006987493
43,0.94157535,0.022855306,0.033060387,0.0018352816,0.0006735912
44,0.9423775,0.022526406,0.032579802,0.0018460155,0.0006702513
45,0.94225097,0.022676013,0.032506973,0.0018698864,0.00069622387
46,0.94098747,0.023182632,0.03325198,0.0018724891,0.00070533657
47,0.9415368,0.022968668,0.03295818,0.0018472532,0.000689164
48,0.94098,0.022911774,0.033498086,0.0018909335,0.000719111
49,0.9409004,0.022560922,0.03388466,0.0019263603,0.00072763086
50,0.94136924,0.022831982,0.03320232,0.001883832,0.0007126645
51,0.94090706,0.023027193,0.03349436,0.0018628563,0.00070850505
52,0.9403964,0.022752099,0.034163114,0.001943063,0.0007452433
53,0.94029105,0.022906557,0.034169156,0.0019091388,0.00072406017
54,0.9397018,0.022417063,0.03510617,0.0020033228,0.00077166286
55,0.93834823,0.022718793,0.036156,0.001996291,0.00078069564
56,0.9359573,0.023448747,0.037712984,0.0020427855,0.00083818694
57,0.9362294,0.022899523,0.03794499,0.0020742184,0.0008517358
58,0.9334907,0.02314229,0.040305488,0.0021471758,0.000914346
59,0.9360302,0.022773568,0.03827742,0.0020575635,0.0008612738
60,0.9351917,0.022899013,0.038942233,0.0020805625,0.0008863962
61,0.9326996,0.023311403,0.04090319,0.0021463467,0.0009394707
62,0.9346981,0.023458615,0.03892752,0.002048846,0.0008669675
63,0.93569857,0.023007287,0.038407393,0.0020468226,0.00083991094
64,0.9369869,0.023265878,0.03694542,0.0019943248,0.00080736465
65,0.9390665,0.022991639,0.035227723,0.001946757,0.0007672405
66,0.9401165,0.022724789,0.03451329,0.0019054068,0.00074001896
67,0.9398183,0.022816522,0.034722544,0.0019058519,0.00073678035
68,0.9400178,0.02266121,0.03470235,0.0018918124,0.00072677503
69,0.9390431,0.022959381,0.035303384,0.0019326801,0.0007615038
70,0.93951994,0.023002375,0.03481543,0.0019190485,0.0007432487
71,0.93957466,0.023117837,0.03466154,0.0019112608,0.00073478237
72,0.9403298,0.022787174,0.03423556,0.0019082873,0.00073918136
73,0.9405656,0.022838302,0.03397704,0.0018925897,0.000726461
74,0.933589,0.027500818,0.036426853,0.0018116138,0.00067173026
75,0.9325673,0.029403795,0.035309017,0.0019940801,0.0007258787
76,0.9320086,0.031171456,0.033626355,0.0023444227,0.00084920536
77,0.91742754,0.042693555,0.035459366,0.0031788282,0.0012406812
78,0.91549176,0.043277495,0.036658872,0.003248668,0.0013231074
79,0.9370513,0.02565636,0.034404244,0.0020616131,0.0008264741
80,0.9369139,0.023028925,0.037204932,0.0020094495,0.000842773
81,0.93410367,0.023479732,0.039435886,0.0020843553,0.00089630083
82,0.93471277,0.023475997,0.038928255,0.0020304753,0.0008525112
83,0.9367033,0.023080496,0.03736001,0.002025305,0.0008308657
84,0.9373994,0.022826888,0.03690631,0.002040529,0.0008269033
85,0.937225,0.023352513,0.03660396,0.0020115923,0.000806875
86,0.9376835,0.023318445,0.036225818,0.0019731126,0.00079910574
87,0.9373257,0.023217006,0.036681034,0.0019782975,0.00079794263
88,0.9384994,0.023501216,0.035333004,0.0019176641,0.0007487965
89,0.9407836,0.02305443,0.033572067,0.0018785521,0.00071124715
90,0.9415142,0.023075463,0.03287442,0.0018480676,0.0006878558
91,0.94141674,0.02307008,0.032952033,0.0018672067,0.0006939047
92,0.94143486,0.023064334,0.03295274,0.0018532135,0.0006947493
93,0.94064206,0.023182703,0.033575863,0.001878513,0.0007208587
94,0.9408395,0.023302985,0.033313837,0.0018488987,0.0006947627
95,0.9404008,0.023362355,0.03364419,0.0018810758,0.0007116388
96,0.9411391,0.022755783,0.033496212,0.0018952343,0.0007137076
97,0.94047785,0.022870356,0.03404751,0.001896605,0.00070761546
98,0.9396787,0.02325807,0.03438178,0.0019380762,0.0007433254
99,0.93878037,0.022363799,0.036080573,0.002000703,0.00077457685
100,0.93668467,0.022851385,0.037598282,0.002034202,0.00083137944
101,0.93413967,0.022783775,0.040052228,0.0021272113,0.00089708576
102,0.93093956,0.023324516,0.042593185,0.0021746315,0.00096807844
103,0.92876107,0.02355511,0.04450027,0.0021932048,0.000990308
104,0.93240166,0.023616908,0.040919196,0.0021308868,0.00093128806
105,0.9325074,0.023477804,0.040931057,0.0021590665,0.00092460786
106,0.9341219,0.023140054,0.03968513,0.0021463586,0.0009067104
107,0.93394405,0.02382889,0.039269604,0.0020833614,0.00087404286
108,0.93296415,0.023399575,0.040573705,0.0021445039,0.0009180553
109,0.93169516,0.023310484,0.041824147,0.0022057397,0.00096451276
110,0.93166107,0.02377658,0.041477636,0.0021593776,0.0009254061
111,0.9350758,0.023496801,0.03856305,0.002034127,0.00083025155
112,0.93342453,0.023405196,0.040165417,0.002120596,0.00088415534
113,0.9344113,0.023738615,0.038891613,0.0020971817,0.0008612979
114,0.93794125,0.023556449,0.03579739,0.0019460549,0.00075888983
115,0.93880653,0.023219181,0.035290804,0.0019356025,0.0007478357
116,0.93891287,0.023095073,0.035317544,0.0019277672,0.0007467615
117,0.9388372,0.022981318,0.03545633,0.001962293,0.00076294347
118,0.938116,0.023204945,0.035894006,0.0019885586,0.00079650246
119,0.93742454,0.023216413,0.036639072,0.001949975,0.0007699033
120,0.936971,0.023268295,0.036987614,0.001978506,0.0007944938
121,0.93665594,0.023161536,0.03739065,0.0019975198,0.0007943668
122,0.9386754,0.02357753,0.03510511,0.0018976533,0.00074427505
123,0.93901986,0.023785641,0.034561016,0.0019094602,0.0007240426
124,0.9393926,0.023668658,0.034286924,0.0019149622,0.00073687726
125,0.9390544,0.0235769,0.034673464,0.0019426554,0.00075262354
126,0.93837434,0.023272268,0.035564613,0.0019971046,0.0007916208
127,0.9357551,0.02349558,0.037834775,0.00205528,0.00085923896
128,0.93520087,0.02325008,0.038615607,0.0020559863,0.00087742414
129,0.9336158,0.023438463,0.0399738,0.0020796163,0.00089236186
130,0.93236405,0.023887806,0.04075444,0.0020973557,0.0008962699
131,0.93610114,0.023685718,0.03745841,0.0019692811,0.0007855486
132,0.9381468,0.023229059,0.035828754,0.0020057783,0.00078951946
133,0.9388648,0.023472684,0.034961548,0.0019488976,0.00075198914
134,0.9390649,0.023602353,0.034643676,0.001940968,0.0007481489
135,0.9389794,0.02334484,0.034995902,0.0019299578,0.00074999477
136,0.93700004,0.02417731,0.0360415,0.0019894612,0.0007917025
137,0.9390094,0.023169674,0.035109363,0.00196097,0.00075056445
138,0.9387359,0.022968201,0.035553582,0.001975817,0.00076650095
139,0.93761367,0.023143968,0.036442917,0.0020026397,0.0007968172
140,0.93552274,0.022927893,0.038619306,0.0020631002,0.00086700445
141,0.93349624,0.0237975,0.039789606,0.0020376572,0.0008789714
142,0.9340461,0.023331184,0.03971767,0.0020343978,0.0008705797
143,0.9340443,0.023109276,0.039871816,0.0020746712,0.0009000439
144,0.9340943,0.02342723,0.0395313,0.002067896,0.000879265
145,0.93628764,0.023445936,0.037476305,0.001984857,0.00080530386
146,0.9345612,0.023234082,0.039223216,0.0020897132,0.0008918567
147,0.9330041,0.023422727,0.04055557,0.0021070424,0.00091059215
148,0.9321448,0.023383208,0.041329525,0.0021790701,0.0009633805
149,0.93148535,0.023795944,0.0416579,0.0021175107,0.0009432849
150,0.9300343,0.023530312,0.04327571,0.0021639208,0.0009957415
151,0.9329303,0.023803089,0.040291227,0.0020599726,0.00091534865
152,0.93428755,0.0236869,0.039115928,0.0020332013,0.0008763624
153,0.93812954,0.02308496,0.036061537,0.0019435547,0.0007803935
154,0.9376242,0.023051996,0.036532942,0.0019866293,0.0008042201
155,0.9375873,0.023014953,0.03660531,0.001987525,0.00080481905
156,0.93541884,0.023018181,0.038670935,0.0020340884,0.0008579396
157,0.9306926,0.0236147,0.042532038,0.0021690936,0.0009915039
158,0.9273519,0.023770034,0.045539163,0.0022554838,0.0010834808
159,0.9276026,0.02394621,0.04520181,0.0021956454,0.0010538469
160,0.9293435,0.024132352,0.043375727,0.0021406866,0.0010077178
161,0.93093014,0.023872152,0.042068493,0.0021486545,0.0009804214
162,0.9329017,0.023528727,0.04053485,0.0021019683,0.0009328736
163,0.93605983,0.023331296,0.037790366,0.0019850829,0.00083345483
164,0.9361742,0.02328775,0.037703488,0.001997658,0.00083684345
165,0.93587905,0.023628598,0.037681293,0.0019823397,0.0008286879
166,0.9363521,0.022894925,0.037901852,0.0020201837,0.00083097414
167,0.9368645,0.023325495,0.037028585,0.001970689,0.00081072905
168,0.9361384,0.023454962,0.037598215,0.0019840961,0.0008242225
169,0.9362401,0.023666257,0.037236854,0.0020058511,0.00085099856
170,0.934342,0.023569878,0.0391074,0.002081258,0.0008993113
171,0.93416935,0.02325205,0.03960355,0.0020723385,0.0009027353
172,0.93329227,0.02353181,0.04019104,0.0020667154,0.00091816287
173,0.9293991,0.023348683,0.044030413,0.0021904998,0.0010312374
174,0.92753303,0.023732629,0.045431644,0.0022172662,0.0010853866
175,0.92875564,0.023688339,0.0443587,0.0021554083,0.0010418957
176,0.9302452,0.023956552,0.042691637,0.0021127886,0.0009938107
177,0.9315308,0.023686271,0.04175985,0.002084191,0.00093885115
178,0.93438065,0.023227263,0.03946517,0.0020388456,0.00088810094
179,0.9356652,0.023680614,0.037814118,0.0019894103,0.00085069425
180,0.9363017,0.023695631,0.037197698,0.001976388,0.00082859024
181,0.93622327,0.023637986,0.03727288,0.0020169138,0.0008489293
182,0.9366776,0.023480795,0.037049707,0.0019731303,0.00081882044
183,0.93725497,0.023468917,0.036505304,0.0019628007,0.00080807094
184,0.9365304,0.023337834,0.03731432,0.0019848302,0.0008324841
185,0.9358668,0.02335233,0.037952427,0.001989096,0.00083944295
186,0.9368395,0.02337463,0.036986187,0.0019695682,0.0008301232
187,0.93632025,0.023273759,0.037582822,0.0019754253,0.00084789493
188,0.93562794,0.023017602,0.038503032,0.001991926,0.0008594467
189,0.93442905,0.023401275,0.039260104,0.002017765,0.0008917613
190,0.9341952,0.024013653,0.038963705,0.001969964,0.00085743575
191,0.9355508,0.023877792,0.03773952,0.001977823,0.00085403584
192,0.93581855,0.02374539,0.037587643,0.0020033263,0.0008451267
193,0.93697304,0.023700291,0.036568437,0.0019568638,0.0008014542
194,0.936986,0.023136394,0.037025847,0.002008698,0.0008430192
195,0.93516636,0.023446098,0.038541727,0.0019834258,0.0008623256
196,0.93412936,0.023557546,0.039415967,0.0020164333,0.0008806122
197,0.9347329,0.023076609,0.03928752,0.0020180237,0.0008849218
198,0.933389,0.023671178,0.040000524,0.0020299049,0.0009094527
199,0.9357252,0.023685275,0.03771966,0.0019969419,0.0008729436
200,0.9356852,0.023436561,0.03805843,0.0019736544,0.0008460651
201,0.9342242,0.023127852,0.03967657,0.002051865,0.00091956
202,0.9352699,0.023921454,0.038077306,0.0019139416,0.0008174012
203,0.927123,0.029837975,0.040332418,0.0019270151,0.00077959045
204,0.93077534,0.030182008,0.036077905,0.0021484445,0.0008163275
205,0.92412174,0.036966965,0.03532607,0.0025985632,0.0009867366
206,0.8975247,0.059210185,0.037523557,0.0041121156,0.00162942
207,0.91043425,0.04776664,0.03702329,0.0033989793,0.001376813
208,0.9370636,0.026618764,0.033551756,0.001997203,0.0007686558
209,0.9390839,0.02362316,0.034607656,0.0019223653,0.0007629075
210,0.9366986,0.023841973,0.03667274,0.0019675805,0.0008190242
211,0.93657845,0.023491563,0.037134606,0.001967405,0.00082796527
212,0.93606204,0.02361441,0.037482582,0.001984426,0.00085652183
213,0.9352764,0.023310952,0.038595222,0.0019746115,0.0008427897
214,0.9357366,0.023088934,0.038336556,0.0019884314,0.0008493867
215,0.9348905,0.02342798,0.03879732,0.0020006595,0.000883548
216,0.9344221,0.023484375,0.03922798,0.0019950168,0.0008705532
217,0.93430763,0.023842718,0.03889701,0.0020442556,0.0009084081
218,0.93457896,0.023885334,0.03865229,0.002015378,0.00086814765
219,0.9354946,0.023216795,0.03840964,0.0020197309,0.00085929513
220,0.9350995,0.023625772,0.038435463,0.0020002385,0.00083909865
221,0.9339513,0.023788642,0.039319083,0.0020526764,0.00088825735
222,0.93499494,0.023962956,0.038158726,0.0020234918,0.00085995777
223,0.9345114,0.023490477,0.03906965,0.0020504394,0.00087802904
224,0.9354708,0.023816643,0.03784349,0.00200967,0.0008593188
225,0.9337897,0.023296291,0.0399532,0.0020679473,0.00089287374
226,0.9319788,0.023734743,0.041219972,0.0021221328,0.0009443834
227,0.9304294,0.023610344,0.042857658,0.00214022,0.00096236356
228,0.930739,0.023813082,0.04238193,0.002109562,0.0009564213
229,0.9308661,0.023765137,0.042311367,0.0021093874,0.0009480013
230,0.93120456,0.02383555,0.04185982,0.0021303927,0.0009696759
231,0.93360925,0.023933593,0.039564207,0.0020086889,0.00088426104
232,0.9340319,0.02368008,0.039300058,0.0020650679,0.0009229242
233,0.9334796,0.023773141,0.039839648,0.0020206226,0.0008868651
234,0.933883,0.023799451,0.039436646,0.0019975086,0.00088337774
235,0.9335967,0.023323262,0.040088825,0.0020640388,0.0009271567
236,0.9311521,0.023949495,0.04183683,0.002092621,0.0009689609
237,0.9338911,0.023723947,0.039473675,0.0020095408,0.0009016547
238,0.933692,0.023512397,0.039928567,0.0019908447,0.0008763101
239,0.9327356,0.024020812,0.040304333,0.002025869,0.0009133834
240,0.9351428,0.023455193,0.03853588,0.002005043,0.00086110417
241,0.93583703,0.023679994,0.037739787,0.0019335252,0.0008096221
242,0.93547016,0.023533437,0.03813689,0.002007806,0.000851689
243,0.93442523,0.02301397,0.039598446,0.0020711003,0.00089119637
244,0.9320301,0.023629395,0.041308954,0.0020973585,0.0009341612
245,0.9303486,0.023601126,0.042894956,0.002172017,0.0009832906
246,0.9245508,0.024030602,0.047987044,0.0023207706,0.0011108383
247,0.9243802,0.024484273,0.047734402,0.0023093675,0.0010918572
248,0.92736304,0.023736656,0.04557955,0.0022818893,0.0010387939
249,0.92717856,0.024288313,0.0452972,0.0022223485,0.0010136028
250,0.92770725,0.02378768,0.04515435,0.0022912817,0.0010594778
251,0.9287392,0.024375103,0.04371103,0.0021870271,0.0009876466
252,0.92900485,0.024387289,0.043439224,0.0021689378,0.0009997213
253,0.9298272,0.023816653,0.04319175,0.002176658,0.0009878909
254,0.92645323,0.023966754,0.04624213,0.002270313,0.0010675306
255,0.93097925,0.026288038,0.039876122,0.0020163332,0.0008402006
256,0.93264186,0.026766136,0.03779613,0.002001177,0.00079476443
257,0.9349777,0.025590925,0.036450606,0.0021388598,0.0008419294
258,0.93491656,0.027548967,0.03459357,0.0021176387,0.0008232383
259,0.93291223,0.028394694,0.03555052,0.002230071,0.0009125035
260,0.9360826,0.024911212,0.036189683,0.0019928997,0.0008236658
261,0.93385744,0.02388211,0.03937098,0.0019990718,0.0008904206
262,0.93466747,0.02375346,0.038741924,0.0019779147,0.0008592648
263,0.9333672,0.023443827,0.040252596,0.0020238573,0.00091244816
264,0.933958,0.024067206,0.03910407,0.0019874116,0.0008832978
265,0.93200904,0.02356287,0.041379463,0.0020779,0.00097066315
266,0.92936105,0.024230655,0.0432889,0.0020957787,0.0010235442
267,0.92852575,0.024191054,0.044134412,0.0021018558,0.0010468652
268,0.92882997,0.024160396,0.04386592,0.002093934,0.0010497458
269,0.9278703,0.023925062,0.045021035,0.002117756,0.0010658684
270,0.9315668,0.02406162,0.041359436,0.0020398668,0.00097230653
271,0.93206775,0.024249582,0.040719226,0.0020120465,0.00095149264
272,0.933093,0.024129141,0.039879397,0.0019896766,0.00090869056
273,0.93402535,0.024047628,0.039033543,0.001996691,0.0008967776
274,0.93552923,0.024032755,0.037612528,0.0019703694,0.000855193
275,0.9358018,0.024096854,0.037299134,0.0019561166,0.0008461609
276,0.9351027,0.024147017,0.03793042,0.0019733505,0.0008465251
277,0.9349724,0.024070645,0.03810395,0.0019870142,0.0008659484
278,0.93502337,0.024138516,0.037999585,0.0019861532,0.0008523074
279,0.9355255,0.023722803,0.037896316,0.0020020239,0.00085341104
280,0.93644667,0.023869349,0.03688561,0.0019643013,0.0008339567
281,0.93547225,0.023397654,0.038246535,0.0020085648,0.00087512954
282,0.9322755,0.023889134,0.040764585,0.0021062943,0.00096452323
283,0.929771,0.024266418,0.042847704,0.0021189214,0.0009960304
284,0.9303497,0.024267966,0.042306807,0.0021068645,0.0009686892
285,0.93058896,0.024181968,0.04221275,0.002070737,0.00094544364
286,0.9329328,0.023924232,0.04016082,0.002061627,0.000920538
287,0.9349802,0.023822129,0.038339265,0.0019959381,0.0008625105
288,0.93411875,0.02414521,0.03883432,0.002014254,0.0008873911
289,0.933939,0.023679238,0.039431453,0.0020237507,0.00092667795
290,0.93123907,0.023546372,0.04216223,0.0020661987,0.0009860996
291,0.93036085,0.02408787,0.042478517,0.0020718945,0.001000859
292,0.9294328,0.02380321,0.043619037,0.0021096463,0.0010353131
293,0.9294096,0.024028622,0.043423098,0.002097138,0.0010415015
294,0.93000287,0.023809996,0.04309077,0.002085456,0.0010108248
295,0.9310518,0.023489736,0.042384885,0.0020775106,0.0009961514
296,0.93143296,0.023824327,0.041756805,0.002025702,0.0009602608
297,0.93164,0.023466298,0.04186747,0.002048447,0.0009776333
298,0.92963964,0.023820845,0.043434672,0.0020824973,0.0010223135
299,0.9295809,0.024236979,0.043133963,0.0020501716,0.0009980487
300,0.9219704,0.03197718,0.043144405,0.0020469686,0.00086097704
301,0.9269028,0.031817544,0.03806517,0.0023002578,0.00091428636
302,0.91885805,0.040726423,0.036404666,0.0028784983,0.0011323674
303,0.9044428,0.052401446,0.037866514,0.0037553576,0.0015339385
304,0.9085841,0.047738537,0.038838334,0.0034413058,0.0013976468
305,0.9356944,0.02547608,0.03595663,0.002012369,0.0008606065
306,0.9353166,0.02405302,0.037842304,0.0019293148,0.00085877493
307,0.93156195,0.023874842,0.041564837,0.002033807,0.0009645702
308,0.93090856,0.024200046,0.041865587,0.0020447904,0.000981022
309,0.93098164,0.024020093,0.0419219,0.0020789038,0.0009974785
310,0.932046,0.024126204,0.040831093,0.002040417,0.0009562225
311,0.9319312,0.02443434,0.04067929,0.002021614,0.0009336831
312,0.93478864,0.023667628,0.03866065,0.0019948839,0.000888185
313,0.9348278,0.0240147,0.03832037,0.0019722588,0.0008649
314,0.9370825,0.023235077,0.036918946,0.0019332109,0.00083021465
315,0.93708396,0.023457984,0.03674812,0.0019038885,0.00080595963
316,0.9343375,0.023191635,0.039518993,0.0020284795,0.00092332205
317,0.9324938,0.023674505,0.04089426,0.0020122982,0.0009251131
318,0.9287575,0.023491267,0.044525947,0.0021418333,0.0010834426
319,0.92771226,0.02403274,0.045052838,0.0021188215,0.0010833304
320,0.9250142,0.024476789,0.04719831,0.0021624328,0.0011482015
321,0.92830545,0.024163483,0.044378072,0.002099891,0.0010530193
322,0.928489,0.023958672,0.044328865,0.002142602,0.001080819
323,0.9314623,0.02381062,0.04167591,0.0020619712,0.0009891209
324,0.93150026,0.023891943,0.041554257,0.00206318,0.0009903741
325,0.9321142,0.023778073,0.04111688,0.0020348325,0.0009560745
326,0.93223184,0.023603974,0.04119056,0.00202842,0.0009452309
327,0.9325729,0.023889335,0.04056987,0.0020332553,0.0009346657
328,0.93246084,0.023565253,0.040960807,0.0020647317,0.0009483136
329,0.9324632,0.023760792,0.040838476,0.0020205644,0.00091690815
330,0.93289024,0.024218883,0.039987214,0.001997215,0.0009063919
331,0.93244386,0.023953592,0.040620487,0.0020448233,0.0009372871
332,0.93370557,0.023625476,0.039762247,0.0020079536,0.0008987818
333,0.93385774,0.02368218,0.03951914,0.0020260636,0.00091483025
334,0.9319478,0.023352519,0.04166162,0.0020726994,0.00096530485
335,0.9289507,0.024057344,0.04384644,0.0020958628,0.0010495681
336,0.92800796,0.024345472,0.044488903,0.002103408,0.001054231
337,0.92741984,0.02381868,0.045512937,0.0021553421,0.0010933366
338,0.92862874,0.024312004,0.043898206,0.002117253,0.0010438449
339,0.9326768,0.023890434,0.040470436,0.0020297926,0.0009325749
340,0.9319138,0.023857525,0.041181695,0.002077868,0.0009691732
341,0.93044525,0.023625337,0.042819444,0.0021109506,0.0009989043
342,0.9292669,0.023744274,0.043794263,0.0021435826,0.0010509562
343,0.9257159,0.024056228,0.04687855,0.0021958333,0.0011534197
344,0.9245361,0.024576405,0.047546197,0.0021862427,0.0011551902
345,0.92539996,0.02449949,0.046814624,0.002165974,0.0011199834
346,0.92835206,0.025188843,0.043388415,0.002078587,0.0009920286
347,0.93285376,0.023909481,0.040324453,0.002016396,0.0008959328
348,0.9342147,0.024378918,0.038547523,0.0019949544,0.0008639014
349,0.93370265,0.0250082,0.038402993,0.0020007107,0.00088533177
350,0.9336853,0.024956243,0.03846856,0.001999942,0.0008900349
351,0.9329745,0.024564411,0.039602567,0.0019721414,0.0008862635
352,0.9330941,0.023877347,0.040033493,0.002046782,0.00094830344
353,0.933052,0.024275126,0.03978272,0.001979953,0.00091010233
354,0.93225765,0.024230044,0.040584896,0.002002266,0.00092520023
355,0.9313927,0.023910666,0.04170876,0.0020438607,0.0009440136
356,0.9294594,0.024175039,0.04328771,0.0020789637,0.0009988836
357,0.9332058,0.0237217,0.040169496,0.0020048702,0.0008982536
358,0.93274194,0.024643285,0.039723564,0.0019886491,0.0009025717
359,0.93259704,0.024230998,0.040227916,0.0020299454,0.0009140881
360,0.9343336,0.023936959,0.038889524,0.001982525,0.0008573996
361,0.9345262,0.024022922,0.038586125,0.002000162,0.0008645876
362,0.9354558,0.023986185,0.03777302,0.0019493958,0.0008356189
363,0.9328281,0.024213217,0.040054813,0.002015534,0.00088834466
364,0.93222034,0.025354963,0.039589636,0.0019851334,0.0008498772
365,0.9328511,0.024814101,0.039324626,0.0020789178,0.00093139085
366,0.9334959,0.0252695,0.038290475,0.0020406533,0.0009033556
367,0.9330927,0.025580555,0.038417123,0.002028596,0.0008809125
368,0.93456876,0.024278024,0.03823212,0.0020303442,0.0008908498
369,0.93354845,0.023996621,0.039586052,0.0019819504,0.00088685437
370,0.93404025,0.024149353,0.038971983,0.001963055,0.0008754101
371,0.9338936,0.024391653,0.038843084,0.0019751238,0.000896404
372,0.9326314,0.024064407,0.04040407,0.001997831,0.000902321
373,0.9343538,0.024579862,0.03826151,0.0019499704,0.000854898
374,0.9348597,0.024645254,0.03772597,0.0019397184,0.0008293134
375,0.9359569,0.024579491,0.036742855,0.0019177508,0.00080295914
376,0.9363111,0.024766691,0.03618623,0.0019311352,0.0008048603
377,0.9370409,0.024219532,0.0359576,0.001955351,0.00082647486
378,0.936068,0.024157505,0.03698476,0.0019543676,0.00083541335
379,0.93468666,0.024312621,0.038224965,0.0019392726,0.00083652104
380,0.9342633,0.024265379,0.038683336,0.0019424773,0.00084549584
381,0.93411815,0.024127942,0.038889967,0.0019896263,0.0008742654
382,0.93514866,0.02464162,0.037419826,0.0019634876,0.0008263758
383,0.9348771,0.02455629,0.037676208,0.002032138,0.00085833325
384,0.93487406,0.024712559,0.0375318,0.0020162517,0.0008653908
385,0.9345131,0.024314791,0.038344,0.001976794,0.0008512875
386,0.9346496,0.024675937,0.037855078,0.001970911,0.0008484764
387,0.93357164,0.024448587,0.039092965,0.002010075,0.0008767685
388,0.9349319,0.024671223,0.03754142,0.0019933165,0.00086211803
389,0.93571246,0.024782967,0.036796372,0.0019249669,0.0007831665
390,0.9355718,0.024839627,0.036805745,0.0019587807,0.0008240553
391,0.9355472,0.023927359,0.037682034,0.0019972855,0.00084614195
392,0.9335467,0.02459423,0.038954835,0.0020215756,0.0008827577
393,0.9339295,0.02510779,0.03815541,0.0019643886,0.00084290735
394,0.9349607,0.02412358,0.038100973,0.001964689,0.00085004285
395,0.93323886,0.024267433,0.039573576,0.002026624,0.00089341565
396,0.9343737,0.02439928,0.038371604,0.0020012895,0.0008540614
397,0.93524563,0.02462167,0.037328318,0.001968418,0.0008359923
398,0.93424237,0.024578856,0.038393654,0.0019535618,0.0008314392
399,0.93390256,0.025102563,0.038183432,0.0019718814,0.0008395805
400,0.93355584,0.025399642,0.03821657,0.0020101836,0.0008176955
401,0.93458295,0.02551677,0.037026957,0.0020373967,0.0008358629
402,0.9356146,0.025891123,0.03570379,0.0019802416,0.00081019
403,0.9350066,0.024854248,0.03723733,0.002041381,0.0008605059
404,0.93271136,0.025405155,0.03897268,0.0020283528,0.00088236906
405,0.9330104,0.024855552,0.03929311,0.0019816146,0.0008593061
406,0.9345183,0.024532164,0.038122352,0.0019704583,0.00085677044
407,0.93341404,0.024610484,0.03908483,0.0020102577,0.0008803763
408,0.9343844,0.024815548,0.037903924,0.0020200966,0.00087601715
409,0.9333152,0.024550963,0.0391867,0.0020334031,0.00091377663
410,0.9315135,0.024198988,0.041279495,0.0020510415,0.00095699134
411,0.9294471,0.024117796,0.04329703,0.0020984402,0.0010395697
412,0.92584825,0.024076996,0.046727877,0.0021865598,0.0011603622
413,0.9281632,0.024228292,0.04448465,0.0020817327,0.0010422146
414,0.9297864,0.023782674,0.04333407,0.0020866862,0.0010101445
415,0.93232656,0.023903286,0.04085088,0.0020066693,0.0009126032
416,0.9353522,0.023848817,0.037970643,0.0019782437,0.0008500432
417,0.93827605,0.023309026,0.035765182,0.0018951806,0.0007545636
418,0.9381202,0.023181465,0.035993353,0.0019198714,0.0007850866
419,0.93907547,0.023184199,0.035183035,0.0018407633,0.0007164225
420,0.9386484,0.023343882,0.03538355,0.0018690632,0.0007550589
421,0.9383797,0.022964206,0.035971012,0.0019070557,0.00077795115
422,0.93681586,0.023141425,0.0372728,0.0019497509,0.00082019344
423,0.9370421,0.024023086,0.036341056,0.0018501971,0.00074348185
424,0.93771595,0.023893228,0.03577182,0.0018691627,0.0007498037
425,0.9287689,0.030117411,0.038495407,0.0019076418,0.0007107443
426,0.9038696,0.051083464,0.04085702,0.0030407351,0.0011492037
427,0.34926182,0.5889895,0.022428863,0.028568586,0.010751243
428,0.12519433,0.81405956,0.01001139,0.036083285,0.014651457
429,0.093898274,0.8457186,0.008463402,0.03609047,0.015829114
430,0.10144184,0.83581567,0.0088065965,0.037970252,0.015965609
431,0.10345758,0.8349356,0.008830392,0.037344992,0.015431332
432,0.106686875,0.83146906,0.008907685,0.03774422,0.015192237
433,0.11075704,0.8275289,0.009162308,0.037807614,0.014744237
434,0.1079703,0.8316527,0.008830745,0.03693448,0.014611772
435,0.098927595,0.84175146,0.008488879,0.03619383,0.014638207
436,0.10075953,0.8381099,0.008556408,0.03731111,0.015263035
437,0.10229891,0.83683425,0.0088101765,0.03678638,0.015270318
438,0.09500362,0.8452584,0.008474999,0.036460876,0.014802039
439,0.09983126,0.83807796,0.00872473,0.037767287,0.015598803
440,0.098636344,0.8405429,0.00847038,0.037045036,0.015305371
441,0.1051199,0.83261055,0.008853842,0.037936464,0.0154792415
442,0.10554264,0.832689,0.008865225,0.03768593,0.015217234
443,0.10252287,0.8367328,0.008541053,0.037389,0.014814189
444,0.10150157,0.8377293,0.0086743925,0.036648404,0.015446333
445,0.105468854,0.83221513,0.008777755,0.038240537,0.015297599
446,0.102797784,0.83577096,0.008601542,0.03752295,0.015306817
447,0.101473235,0.8368697,0.008591176,0.037850317,0.0152154835
448,0.10047034,0.838571,0.008663509,0.03719756,0.0150975445
449,0.10362317,0.83436865,0.008794114,0.037721843,0.015492156
450,0.10220731,0.83632123,0.0085451845,0.03777869,0.015147626
451,0.10172531,0.83704656,0.008911576,0.036944058,0.015372472
452,0.10497081,0.83259594,0.008687257,0.038414154,0.015331829
453,0.100790404,0.83855027,0.008499874,0.037315577,0.014843895
454,0.101220846,0.83787,0.008699857,0.0368804,0.015328886
455,0.10602729,0.83198404,0.008913516,0.037588842,0.015486261
456,0.10605922,0.83279043,0.008908081,0.037218183,0.015024112
457,0.09808558,0.84163684,0.008414386,0.036833126,0.01502999
458,0.10364469,0.83552265,0.009011738,0.036257986,0.015562887
459,0.10073957,0.838723,0.008694171,0.036701165,0.0151421605
460,0.11515667,0.82141805,0.00948573,0.038479324,0.0154601615
461,0.10615734,0.8337181,0.008933169,0.03668459,0.014506685
462,0.11102956,0.82776684,0.009149986,0.037113655,0.014939956
463,0.11661534,0.8214599,0.009218727,0.037900757,0.014805284
464,0.11416846,0.8253866,0.0090061575,0.037182614,0.014256124
465,0.107979015,0.83147895,0.008978465,0.03657017,0.014993528
466,0.11014101,0.82883996,0.009087872,0.0370641,0.0148670925
467,0.10338915,0.8365512,0.00862723,0.036518864,0.014913642
468,0.10034523,0.8392518,0.008720361,0.036150776,0.015531824
469,0.10061767,0.83867073,0.008915203,0.036490276,0.015306035
470,0.10093698,0.837564,0.008630854,0.037309304,0.015558789
471,0.103966385,0.8346725,0.008907465,0.036913462,0.015540142
472,0.10202854,0.8376336,0.009019977,0.03617778,0.015140126
473,0.095099285,0.8447242,0.008363113,0.036378432,0.015434966
474,0.10082102,0.83786476,0.0088166315,0.036746338,0.015751256
475,0.10230022,0.8364042,0.008835626,0.037155453,0.0153044835
476,0.10033383,0.8384461,0.008560995,0.037425194,0.015233835
477,0.103622586,0.8345418,0.008606684,0.038082965,0.015145879
478,0.10864537,0.83029497,0.009200515,0.036568053,0.015291106
479,0.09938839,0.84083533,0.008594135,0.036239658,0.014942496
480,0.10256097,0.8361001,0.008850368,0.03702827,0.015460372
481,0.09678415,0.84329414,0.008530357,0.036057964,0.015333453
482,0.092185445,0.84762377,0.008309463,0.036423117,0.0154582225
483,0.089580685,0.84978867,0.008324221,0.03630118,0.016005298
484,0.087817065,0.85147697,0.008180772,0.036265045,0.016260171
485,0.093370765,0.84436285,0.008703885,0.037159927,0.016402613
486,0.09176999,0.8466814,0.008394677,0.036921203,0.016232787
487,0.08805926,0.8514808,0.008267628,0.03616123,0.016031118
488,0.09133132,0.8470919,0.008570804,0.036362313,0.016643638
489,0.095493995,0.84262633,0.008897772,0.036764216,0.016217778
490,0.09457439,0.84420675,0.008634352,0.03700069,0.0155837545
491,0.09741926,0.84030485,0.008614725,0.0375366,0.016124591
492,0.10446255,0.8331101,0.009075126,0.03808009,0.015272148
493,0.09837503,0.8412597,0.008771855,0.036638323,0.014954999
494,0.093239546,0.8463528,0.00844844,0.03629553,0.015663696
495,0.097240336,0.8405073,0.008436047,0.037839543,0.015976759
496,0.099015124,0.8384888,0.008849807,0.037905116,0.015741097
497,0.09934335,0.83838266,0.008658276,0.03785114,0.015764613
498,0.0970196,0.84157705,0.0084108915,0.03763578,0.015356542
499,0.09670753,0.8419227,0.008382461,0.03727526,0.015712012
500,0.09496044,0.84345084,0.00844589,0.037303247,0.015839495
501,0.095924266,0.84244347,0.0087006455,0.036997158,0.015934512
502,0.095781244,0.8420918,0.0085066585,0.037496332,0.016123936
503,0.09947376,0.83828944,0.008919188,0.037591632,0.015725952
504,0.093888484,0.8449429,0.00835467,0.036852162,0.015961831
505,0.10023007,0.83703655,0.00879447,0.03779214,0.01614678
506,0.10872071,0.8282156,0.009040404,0.038362846,0.015660549
507,0.09406961,0.84651184,0.008274435,0.03608979,0.015054358
508,0.10203396,0.835955,0.008893625,0.037302073,0.015815336
509,0.1104031,0.82687783,0.0090179,0.038526736,0.015174477
510,0.109653816,0.82876176,0.008867883,0.03794239,0.014774203
511,0.105514966,0.8335055,0.008851917,0.037203386,0.014924241
512,0.11096791,0.82767314,0.009059302,0.037241083,0.015058585
513,0.10975652,0.82933307,0.009035706,0.03669309,0.015181677
514,0.10841155,0.83031917,0.009037498,0.03724409,0.014987693
515,0.102714196,0.8370665,0.008732099,0.036267858,0.0152194165
516,0.09713548,0.84286255,0.008420736,0.036156636,0.015424594
517,0.10420461,0.83387226,0.009047061,0.03719584,0.01568026
518,0.09805146,0.8412496,0.008457032,0.036836196,0.0154057685
519,0.10357207,0.83460504,0.009075406,0.037223,0.015524474
520,0.10572588,0.83242184,0.008816593,0.037695117,0.015340586
521,0.10557026,0.8335352,0.008868561,0.036980625,0.015045408
522,0.105511464,0.8336591,0.009206146,0.036464527,0.015158774
523,0.10521875,0.83339053,0.008931957,0.03736955,0.01508922
524,0.10490313,0.8340916,0.008804916,0.037115157,0.015085101
525,0.104802676,0.8337543,0.008977203,0.03762496,0.014840798
526,0.10165781,0.8374939,0.008681857,0.037045017,0.015121456
527,0.10172051,0.83706695,0.008737503,0.03753808,0.014936847
528,0.10136673,0.83768994,0.008960237,0.03657803,0.015405022
529,0.10193599,0.83616173,0.008597168,0.038050264,0.015254896
530,0.10201446,0.83674353,0.008584229,0.037474554,0.01518323
531,0.0987235,0.8409491,0.008786489,0.036419332,0.015121515
532,0.10146482,0.83678716,0.008816985,0.03742419,0.015506768
533,0.10514776,0.8332161,0.0089842845,0.037425634,0.015226212
534,0.1008218,0.8383512,0.00859073,0.03721077,0.015025541
535,0.096501194,0.8429643,0.008695383,0.036610518,0.015228662
536,0.106215715,0.8312487,0.009302081,0.037529558,0.015703931
537,0.10376672,0.83435655,0.0086730635,0.038326908,0.014876808
538,0.10160856,0.8375579,0.00880004,0.03679005,0.015243487
539,0.10133089,0.8373161,0.008823173,0.037241217,0.0152885625
540,0.09107512,0.8498949,0.0082378965,0.035514195,0.015277886
541,0.095886946,0.84203005,0.008668368,0.036992654,0.016422015
542,0.09789526,0.8403228,0.008694616,0.03759587,0.015491516
543,0.09804198,0.8405821,0.008672377,0.037160337,0.015543185
544,0.09770914,0.8412176,0.00874041,0.03665407,0.015678791
545,0.09714219,0.8422419,0.008548707,0.036548525,0.015518723
546,0.10194325,0.8355273,0.008795519,0.038053676,0.015680276
547,0.09755817,0.84205437,0.008562509,0.036489338,0.015335541
548,0.095314875,0.8444104,0.00855798,0.035956237,0.015760511
549,0.09596121,0.84293497,0.008642356,0.036564644,0.015896825
550,0.09457902,0.8445341,0.008572697,0.036657486,0.015656676
551,0.09533491,0.8433411,0.008687829,0.0369094,0.015726766
552,0.09353596,0.84587157,0.008654486,0.03603908,0.015899004
553,0.097293295,0.840776,0.008768818,0.037076484,0.016085358
554,0.09464654,0.8445368,0.008540381,0.036806468,0.015469823
555,0.09419524,0.84454626,0.008421852,0.036984876,0.015851675
556,0.09508773,0.8431194,0.00837516,0.037494946,0.015922785
557,0.09839714,0.840022,0.0086388895,0.037062466,0.015879437
558,0.09608401,0.8428149,0.008466798,0.03692044,0.015713802
559,0.09629623,0.84255666,0.008459737,0.03695049,0.015736947
560,0.09552417,0.84343857,0.00848078,0.036663126,0.015893359
561,0.097831905,0.84068376,0.008658393,0.03710142,0.015724547
562,0.09625882,0.8424031,0.008578064,0.037061583,0.015698493
563,0.102078296,0.8350646,0.008609974,0.038438886,0.015808344
564,0.10047641,0.83836234,0.008707849,0.037264224,0.015189172
565,0.10182918,0.83619094,0.008745189,0.03779902,0.015435715
566,0.10190859,0.83649635,0.008759378,0.037351474,0.01548424
567,0.10016461,0.8386234,0.008673913,0.03712442,0.01541365
568,0.100770615,0.8368605,0.0086165005,0.037704874,0.016047582
569,0.105633795,0.83179504,0.008867688,0.038233515,0.015470006
570,0.10007301,0.8387576,0.008463141,0.037489984,0.01521631
571,0.10094027,0.8366689,0.0084761055,0.03814861,0.015766086
572,0.10791842,0.82972544,0.00912144,0.037738796,0.015495845
573,0.10810903,0.82928693,0.008921049,0.038464807,0.01521818
574,0.10572769,0.8325124,0.008799081,0.0377805,0.015180311
575,0.10721415,0.8306122,0.008926277,0.038103666,0.015143667
576,0.10103026,0.8376244,0.00842113,0.037495434,0.015428824
577,0.105250426,0.832422,0.008850537,0.03780152,0.015675541
578,0.107934274,0.82962304,0.008870862,0.038044494,0.015527322
579,0.10739626,0.8309025,0.00893822,0.037485592,0.015277404
580,0.10564765,0.8331024,0.008909018,0.037415136,0.0149258515
581,0.106380805,0.8320518,0.008689345,0.0376727,0.015205342
582,0.10105354,0.8383725,0.0085224435,0.036793895,0.015257592
583,0.10063559,0.8377921,0.008590833,0.037591863,0.015389586
584,0.098274484,0.8404534,0.00858429,0.03709538,0.015592438
585,0.103219464,0.8345817,0.008782822,0.037881646,0.015534489
586,0.095562115,0.8439229,0.008312952,0.036795024,0.015407016
587,0.105511636,0.83138835,0.009025047,0.038102314,0.015972605
588,0.10273865,0.83593994,0.008600446,0.037609622,0.015111357
589,0.10596651,0.8324389,0.008905373,0.037547525,0.015141684
590,0.10897673,0.8290492,0.008902945,0.03782066,0.0152503885
591,0.114108905,0.8239099,0.009022842,0.038071524,0.014886803
592,0.11845927,0.81967074,0.009360934,0.037530053,0.014979036
593,0.120607525,0.81797785,0.009411698,0.03726682,0.014736187
594,0.1278359,0.8105495,0.009771566,0.037267465,0.014575608
595,0.13453758,0.8032323,0.009947923,0.037990496,0.014291646
596,0.11566493,0.8249587,0.009224304,0.03603034,0.014121725
597,0.11458671,0.82393044,0.009043143,0.037660107,0.014779593
598,0.11422793,0.82435983,0.009145453,0.037407443,0.014859293
599,0.11756795,0.82028526,0.009246132,0.037890073,0.015010615
600,0.11058975,0.82866883,0.009143606,0.03681385,0.0147839645
601,0.10237145,0.838017,0.008726688,0.03577245,0.015112441
602,0.10351248,0.8351552,0.008799168,0.036989734,0.015543342
603,0.108180925,0.82973003,0.008964046,0.038033895,0.015091108
604,0.10460984,0.834189,0.008760707,0.03733743,0.01510302
605,0.103909604,0.83493876,0.008657359,0.03728453,0.01520975
606,0.115226395,0.82199234,0.00945165,0.038448166,0.014881377
607,0.11035573,0.8282889,0.008722266,0.037916224,0.014716866
608,0.107367,0.83185977,0.009061303,0.036972884,0.01473904
609,0.11374833,0.82377493,0.009354634,0.038354173,0.014767956
610,0.10555105,0.8337258,0.008598794,0.037450876,0.014673434
611,0.103539884,0.8354265,0.0087999245,0.037299342,0.014934277
612,0.10484313,0.8335455,0.008883921,0.037152622,0.015574744
613,0.11560684,0.82153696,0.009346426,0.038370825,0.015138944
614,0.12220213,0.81570333,0.009593275,0.037999686,0.014501591
615,0.10808272,0.83215976,0.008824112,0.036615554,0.01431782
616,0.10944003,0.8302513,0.009233543,0.03629587,0.014779361
617,0.1085103,0.8301549,0.0089759,0.03749895,0.014859951
618,0.09894683,0.84100306,0.008403095,0.036597166,0.015049802
619,0.09800322,0.8405383,0.008606459,0.03767593,0.015176105
620,0.09546271,0.8440045,0.008578951,0.036224514,0.015729338
621,0.09497574,0.84371656,0.0084995935,0.037021793,0.015786333
622,0.09727849,0.8414875,0.008936661,0.03627069,0.0160267
623,0.097636156,0.84086967,0.008832287,0.036771983,0.015889999
624,0.10210681,0.8360663,0.009116566,0.03722461,0.015485684
625,0.097373694,0.8416909,0.008401247,0.03713556,0.015398614
626,0.098852135,0.840417,0.008773182,0.0364236,0.015534031
627,0.095791005,0.84350896,0.008397926,0.036816902,0.015485106
628,0.10069518,0.836856,0.008588791,0.038159356,0.015700705
629,0.098659016,0.84052444,0.008518333,0.03698534,0.015312876
630,0.10152373,0.8366571,0.008669531,0.03783097,0.0153186945
631,0.09742537,0.84228426,0.008537088,0.03622727,0.015526004
632,0.10276993,0.83552045,0.0089874165,0.037213124,0.015509087
633,0.095189236,0.8447253,0.008412286,0.03620559,0.015467619
634,0.09931738,0.8390176,0.008845373,0.037187807,0.015631821
635,0.09361323,0.8459653,0.008333761,0.036694046,0.015393592
636,0.09656113,0.8418628,0.008679939,0.037215278,0.01568078
637,0.100896776,0.8368247,0.00872015,0.03801208,0.015546305
638,0.09766283,0.8413725,0.008498841,0.037250187,0.015215626
639,0.09504016,0.8441998,0.008412214,0.036731947,0.015615828
640,0.09942738,0.83858424,0.008693131,0.03756266,0.01573258
641,0.09820218,0.8408983,0.008559446,0.03676554,0.015574586
642,0.09818175,0.8398497,0.008381722,0.038053084,0.015533802
643,0.09977879,0.8393027,0.008804096,0.036656156,0.015458258
644,0.10639754,0.8311064,0.008859903,0.038133413,0.015502778
645,0.10392425,0.8347477,0.008562583,0.03771554,0.01505001
646,0.1087224,0.8296437,0.009230178,0.037252177,0.015151486
647,0.11089446,0.82689714,0.00878675,0.038462806,0.014958729
648,0.10953691,0.8298114,0.009091527,0.036847573,0.014712691
649,0.11105066,0.8270727,0.00896146,0.0379611,0.014954188
650,0.11018558,0.8280485,0.008934348,0.038201466,0.014630085
651,0.11028622,0.8283128,0.009081356,0.037658975,0.014660738
652,0.10233236,0.8369997,0.008664814,0.037123464,0.014879624
653,0.10922244,0.8287665,0.008964299,0.037687376,0.015359308
654,0.097673714,0.8422085,0.00842533,0.03648887,0.015203506
655,0.09510167,0.84411603,0.00845922,0.036433566,0.015889518
656,0.09917895,0.8385559,0.008580696,0.03793687,0.015747558
657,0.097928226,0.8412867,0.008531849,0.036625117,0.015628021
658,0.10195252,0.8357553,0.008920386,0.037940938,0.015430818
659,0.09590388,0.84358287,0.008298162,0.036893316,0.015321831
660,0.09896641,0.83985084,0.008679571,0.037120223,0.01538291
661,0.09842196,0.83996433,0.008426385,0.037646346,0.015540933
662,0.09842067,0.8400218,0.008479047,0.037581593,0.015496884
663,0.098066516,0.8404102,0.008467374,0.03760829,0.015447659
664,0.09550683,0.8438993,0.008456273,0.036727674,0.015409934
665,0.09994005,0.83790874,0.008572267,0.037835117,0.015743794
666,0.09990465,0.8386041,0.008713054,0.03751216,0.015266035
667,0.100224,0.83788383,0.008628091,0.037720427,0.015543626
668,0.098103456,0.8409391,0.008498803,0.036942482,0.015516115
669,0.10076524,0.83796805,0.008975919,0.037015744,0.015274996
670,0.10324131,0.8338954,0.008663461,0.03883252,0.015367268
671,0.10561555,0.8325304,0.008862126,0.038048267,0.014943688
672,0.1051474,0.83343464,0.009014447,0.03751572,0.014887725
673,0.10021548,0.8386031,0.008509833,0.037622146,0.015049369
674,0.104251996,0.83332074,0.008614663,0.03871683,0.015095706
675,0.13065064,0.8034486,0.009937681,0.040562376,0.015400636
676,0.27768078,0.6514533,0.017625816,0.038588073,0.014651988
677,0.68740714,0.2540267,0.0363474,0.0159878,0.0062309927
678,0.90892845,0.04998618,0.036263216,0.0034441436,0.0013779945
679,0.9403152,0.025529781,0.031543676,0.0018943765,0.0007169378
680,0.94334936,0.022292743,0.031846467,0.0018111217,0.0007002215
681,0.942458,0.02231127,0.03273004,0.001804635,0.0006961749
682,0.9419677,0.022007704,0.03350595,0.0018099098,0.0007086935
683,0.9394761,0.022076499,0.035775807,0.0018995961,0.0007719474
684,0.9362828,0.02259544,0.03827024,0.0019937793,0.00085778465
685,0.9366697,0.022567598,0.037907008,0.0019949002,0.0008607484
686,0.93466204,0.022106882,0.04029496,0.0020458777,0.0008900878
687,0.93094873,0.022868495,0.04304222,0.002132946,0.0010075718
688,0.9315849,0.02278859,0.0424782,0.0021309885,0.0010172672
689,0.92913914,0.022742646,0.04490503,0.0021598989,0.0010533229
690,0.9263958,0.02346238,0.046797153,0.0022123542,0.0011324341
691,0.9295766,0.023172712,0.04412681,0.002100117,0.0010238041
692,0.9308623,0.023019673,0.043042142,0.0020793572,0.0009966185
693,0.9342358,0.022785826,0.0400489,0.0020106772,0.00091874885
694,0.937132,0.022409867,0.03768379,0.0019349807,0.00083926495
695,0.93729234,0.02246503,0.037476517,0.0019315723,0.0008345443
696,0.93773437,0.022177836,0.037330218,0.0019286962,0.00082886824
697,0.9384704,0.023851808,0.035277985,0.0017322944,0.0006674732
698,0.9404615,0.024502713,0.032789145,0.0016521793,0.00059456733
699,0.94280154,0.024279714,0.030638117,0.001693771,0.00058677315
700,0.9406455,0.026495228,0.030300455,0.0018867125,0.00067209225
701,0.9288064,0.035261434,0.03263696,0.0024044085,0.0008907625
702,0.9389173,0.027264362,0.03117143,0.0019314605,0.00071546965
703,0.9437132,0.022768246,0.031045849,0.0017953322,0.0006773119
704,0.94341123,0.022035655,0.032092847,0.0017750361,0.0006852926
705,0.9416966,0.022202909,0.033551585,0.0018178927,0.00073098816
706,0.9396199,0.022354808,0.035365578,0.0018718614,0.0007878528
707,0.9372352,0.022318054,0.037705146,0.0019185705,0.0008231203
708,0.9391517,0.022327464,0.035849594,0.0018803303,0.0007909517
709,0.9397656,0.021966023,0.03559917,0.0018855778,0.00078361045
710,0.93928504,0.022174811,0.03582728,0.0019027026,0.0008100915
711,0.9396356,0.022737768,0.03507945,0.0018091742,0.0007379878
712,0.94079816,0.022202492,0.034448024,0.0018186201,0.0007327303
713,0.9408553,0.022025755,0.034553748,0.001830553,0.00073468336
714,0.9417478,0.02224098,0.03347384,0.0018129073,0.0007245445
715,0.9417784,0.022244027,0.033442352,0.0018136979,0.0007214942
716,0.93986964,0.022432636,0.03505303,0.0018678486,0.00077677425
717,0.93929225,0.022051187,0.035965096,0.0018982885,0.00079321786
718,0.93887365,0.022249019,0.03620989,0.0018777472,0.0007896489
719,0.938629,0.022176322,0.036521405,0.0018802079,0.00079296844
720,0.9372634,0.022341415,0.037621602,0.0019319586,0.0008415138
721,0.936082,0.022406515,0.038662925,0.0019745291,0.00087394204
722,0.9369563,0.022972666,0.03732016,0.0019220759,0.0008289114
723,0.9364559,0.022635637,0.038103383,0.0019635956,0.0008414698
724,0.93563545,0.022444064,0.03905161,0.0020083704,0.00086051243
725,0.935611,0.02276503,0.038725853,0.0020183646,0.0008798015
726,0.93686503,0.02296118,0.037398476,0.0019506298,0.00082474435
727,0.93741727,0.022522435,0.037358597,0.0019061903,0.000795565
728,0.9383721,0.022693925,0.03622626,0.0019022704,0.0008055008
729,0.9394717,0.022100737,0.035772633,0.0018837696,0.0007710844
730,0.9399629,0.022173116,0.035217673,0.0018781712,0.00076812226
731,0.93991584,0.022278778,0.035188127,0.0018535295,0.0007636842
732,0.93867636,0.022115404,0.03649404,0.0019053059,0.0008089723
733,0.93828654,0.022785733,0.036224104,0.0018926198,0.0008109977
734,0.93921906,0.022421157,0.035710935,0.0018647586,0.00078409154
735,0.94022113,0.022272957,0.034941882,0.0018225001,0.00074152387
736,0.9394827,0.022201784,0.035616424,0.0018960945,0.0008030347
737,0.9403447,0.022107465,0.03497928,0.001829207,0.0007393837
738,0.9392204,0.022550847,0.035540882,0.0018830647,0.00080478063
739,0.93886757,0.022868237,0.035599988,0.001874999,0.00078924326
740,0.9384357,0.022056643,0.03677072,0.0019283057,0.0008085983
741,0.9390848,0.022242326,0.035973214,0.0019000677,0.0007995919
742,0.93936443,0.022768999,0.035256743,0.0018460334,0.00076381466
743,0.93939376,0.022378983,0.035541344,0.0018919922,0.0007938197
744,0.937648,0.022219677,0.037386857,0.001932921,0.00081246445
745,0.93980277,0.02299402,0.03470421,0.0017893505,0.0007096679
746,0.94169617,0.022351667,0.033416327,0.0018144961,0.0007213479
747,0.9416587,0.022117227,0.033700816,0.0018136607,0.0007095756
748,0.9418661,0.022076847,0.03351632,0.0018238302,0.00071685784
749,0.9420701,0.022273552,0.033156756,0.0017895087,0.0007099819
750,0.9393185,0.024309715,0.03408575,0.0016682829,0.0006177582
751,0.9401883,0.025350368,0.032212682,0.0016530168,0.0005956146
752,0.94199723,0.02504366,0.030621346,0.0017436648,0.00059400115
753,0.9352906,0.030770278,0.031100975,0.002091458,0.00074680906
754,0.91937244,0.04279554,0.033807732,0.0029150464,0.00110928
755,0.93841386,0.027834062,0.03106446,0.0019669808,0.00072071207
756,0.9437435,0.023617225,0.03026749,0.0017332468,0.00063856784
757,0.9448416,0.02228441,0.030547086,0.0017081538,0.0006187886
758,0.9444511,0.022702115,0.03055338,0.0016729765,0.0006204748
759,0.9445741,0.022319432,0.030819593,0.0016767655,0.00061006617
760,0.944662,0.022695273,0.030338785,0.0016840927,0.0006199021
761,0.9449097,0.021773754,0.03094456,0.0017391378,0.00063290965
762,0.9448243,0.022064839,0.03077702,0.0017082982,0.0006257223
763,0.9436409,0.0219901,0.031946287,0.0017595493,0.0006631828
764,0.94273335,0.022454163,0.032408345,0.001740452,0.00066371524
765,0.9422849,0.022088751,0.033182647,0.001768587,0.0006751642
766,0.9435456,0.022055324,0.03202312,0.0017280182,0.00064795365
767,0.94364405,0.022102363,0.03189834,0.0017176096,0.0006375662
768,0.94430053,0.022343583,0.03105719,0.0016827403,0.0006160341
769,0.94447863,0.02239189,0.030812878,0.0016948673,0.00062168523
770,0.9450579,0.02203892,0.030627364,0.0016831121,0.00059271225
771,0.9449244,0.022303298,0.030487005,0.0016820689,0.00060318
772,0.94476736,0.022383016,0.030538378,0.0017000143,0.00061135093
773,0.9438708,0.022459634,0.03128668,0.0017425137,0.0006404471
774,0.9439917,0.022701003,0.030993117,0.0016987402,0.0006154885
775,0.9445065,0.022350706,0.030810384,0.0017075479,0.00062493375
776,0.94358504,0.021940326,0.032000348,0.0017969056,0.0006773608
777,0.9430252,0.022414982,0.032123007,0.00177319,0.00066354626
778,0.9415014,0.021977697,0.033896428,0.0018811234,0.000743332
779,0.9408735,0.022458259,0.034187004,0.0017873251,0.00069379923
780,0.9396375,0.02251671,0.03526128,0.0018531387,0.00073137623
781,0.9418549,0.022628626,0.033096626,0.0017510364,0.00066884555
782,0.94218814,0.02211118,0.033245794,0.0017833259,0.00067151285
783,0.94414526,0.02263876,0.030941112,0.0016697479,0.00060520385
784,0.9439689,0.022719843,0.03099531,0.0016941176,0.00062167214
785,0.94450724,0.022364413,0.030812636,0.0016997345,0.00061600405
786,0.9436995,0.022826364,0.031153938,0.0017001483,0.0006201094
787,0.9441371,0.022566939,0.03096716,0.0017076981,0.00062114344
788,0.94318485,0.022389928,0.03195904,0.0017850525,0.000681193
789,0.94236976,0.022994839,0.03222109,0.0017505771,0.0006636507
790,0.94315434,0.022913847,0.031572152,0.001718175,0.00064157485
791,0.94327873,0.022032334,0.032279395,0.0017555199,0.00065403496
792,0.94296086,0.022929752,0.031761277,0.0017075066,0.00064060383
793,0.9436841,0.02245687,0.031453736,0.0017501541,0.00065520185
794,0.9399821,0.023523208,0.03398468,0.0018124513,0.0006974958
795,0.93096733,0.024624942,0.04144475,0.0019797615,0.0009832969
796,0.9119676,0.026552042,0.057598915,0.0022280307,0.0016534076
797,0.85457987,0.029540405,0.10875067,0.0028455108,0.004283607
798,0.7355685,0.03063154,0.21826069,0.0044101584,0.0111290775
799,0.55031586,0.030040009,0.39786926,0.0064494535,0.015325419
800,0.37500167,0.0321306,0.5621505,0.008870044,0.021847192
801,0.14289472,0.017981138,0.8043879,0.012657514,0.022078576
802,0.10174629,0.012832685,0.85261804,0.013222594,0.019580483
803,0.09403249,0.012769567,0.8586104,0.0143767055,0.020210836
804,0.09053876,0.014480991,0.8530429,0.017034758,0.02490253
805,0.0840031,0.012351887,0.86424613,0.01563253,0.02376632
806,0.07852558,0.01362408,0.8664082,0.018680574,0.022761552
807,0.07765716,0.01225094,0.87228817,0.019503858,0.018299906
808,0.07205546,0.010388922,0.8822864,0.020202758,0.015066498
809,0.07177824,0.008939082,0.88819563,0.018012486,0.013074526
810,0.07608963,0.008418732,0.88653874,0.015511259,0.013441599
811,0.070346944,0.008488083,0.8913549,0.017332716,0.012477424
812,0.07587906,0.00933364,0.8834124,0.017483722,0.013891111
813,0.07465478,0.008748501,0.88689137,0.016485743,0.013219653
814,0.075176485,0.007827774,0.889675,0.014581835,0.012738854
815,0.07513844,0.008854085,0.8860661,0.016663948,0.013277423
816,0.07402222,0.009007218,0.88618594,0.017573869,0.013210656
817,0.07567377,0.008158068,0.88751733,0.015221428,0.013429425
818,0.08026628,0.009217548,0.87915677,0.015076192,0.01628318
819,0.08354451,0.010478363,0.8727749,0.015421878,0.017780261
820,0.097825065,0.014243029,0.83881825,0.014912728,0.034200877
821,0.1067427,0.019360276,0.8096111,0.016356159,0.047929764
822,0.12287031,0.025182867,0.7778942,0.01802732,0.05602525
823,0.16555561,0.042656276,0.6965399,0.02572299,0.069525234
824,0.21661034,0.050639708,0.6441808,0.01855287,0.07001625
825,0.22974971,0.06086012,0.601749,0.02202006,0.08562114
826,0.2216134,0.123642504,0.45966023,0.03893373,0.15615019
827,0.29022408,0.23447819,0.27740115,0.051659245,0.14623728
828,0.6013086,0.13010554,0.21536535,0.017814578,0.035405874
829,0.7611264,0.067208126,0.15184154,0.008149947,0.0116740605
830,0.8327723,0.037484184,0.12037207,0.00401525,0.005356236
831,0.8480104,0.030719735,0.113771856,0.0031997974,0.0042981915
832,0.8507951,0.029891761,0.112175696,0.003116357,0.004021081
833,0.82945824,0.029922755,0.13196822,0.003556605,0.0050941063
834,0.8438905,0.030674737,0.11782891,0.003281753,0.0043242206
835,0.8479568,0.03109561,0.113419324,0.0033471708,0.004181199
836,0.855045,0.03126972,0.106583714,0.0032868702,0.0038146733
837,0.84037155,0.029753082,0.121913016,0.0036234313,0.0043389057
838,0.86801535,0.03127397,0.094355635,0.0032117637,0.003143298
839,0.8757216,0.031083537,0.087139904,0.0032084337,0.0028465353
840,0.8730675,0.03056429,0.09003098,0.0033042093,0.0030330573
841,0.86451554,0.03159264,0.09709821,0.003469192,0.0033244966
842,0.8789546,0.030774452,0.084241375,0.0032504033,0.0027791238
843,0.8593368,0.029866606,0.10382634,0.003468632,0.0035015058
844,0.839827,0.030653417,0.121457115,0.0036815011,0.004380985
845,0.8443571,0.0315557,0.116342306,0.0035976903,0.0041472395
846,0.8311229,0.03053115,0.12975527,0.0037865543,0.0048041916
847,0.83751506,0.031423256,0.12277727,0.0037276514,0.004556766
848,0.86480993,0.030238703,0.09828886,0.003281991,0.0033804344
849,0.8824724,0.031206924,0.080780655,0.0029325453,0.0026074739
850,0.86159575,0.05718444,0.07431961,0.0041641123,0.0027361314
851,0.79004765,0.1353472,0.059942674,0.009664746,0.004997766
852,0.6723951,0.250719,0.050260637,0.017778622,0.0088466555
853,0.6137217,0.3058158,0.0486361,0.021306379,0.010520026
854,0.72410405,0.19912718,0.055244356,0.014079385,0.007445098
855,0.8820129,0.049667906,0.06185822,0.0038685682,0.0025924628
856,0.88536465,0.035182633,0.073761165,0.0030403747,0.0026511413
857,0.86700004,0.0396758,0.086436935,0.0034458276,0.0034413938
858,0.83073556,0.036201503,0.12345115,0.0037371048,0.0058746478
859,0.7525494,0.035853136,0.19692853,0.0044287224,0.010240186
860,0.60348076,0.03585443,0.33744577,0.0063231816,0.01689586
861,0.30004314,0.02673366,0.6437449,0.009911802,0.019566543
862,0.19775642,0.023071734,0.742503,0.011228666,0.025440108
863,0.1377274,0.018146995,0.80703956,0.012582244,0.024503712
864,0.10853796,0.02708523,0.79684204,0.021780664,0.045754105
865,0.082016245,0.027933622,0.8162644,0.030384677,0.04340104
866,0.07141287,0.02282549,0.8397249,0.032988224,0.033048533
867,0.0772754,0.012006277,0.8722462,0.020692362,0.01777972
868,0.07915643,0.010534646,0.8761751,0.018131038,0.016002843
869,0.07292123,0.010549747,0.88086474,0.020818504,0.014845685
870,0.074031845,0.008766399,0.8870661,0.016863212,0.0132724885
871,0.07770806,0.0086601265,0.88429254,0.015422695,0.013916586
872,0.07584858,0.009979749,0.88133615,0.018340195,0.01449533
873,0.07324527,0.008777551,0.8878309,0.017123085,0.01302322
874,0.07298649,0.008581029,0.8885491,0.017197188,0.012686209
875,0.074292906,0.00872551,0.8868325,0.017106544,0.013042488
876,0.07140446,0.008048766,0.89158374,0.016966749,0.011996414
877,0.07365571,0.009591822,0.88355464,0.019295583,0.013902286
878,0.074482664,0.009649971,0.8832632,0.018558709,0.014045579
879,0.07760683,0.009674622,0.8805665,0.017685367,0.014466762
880,0.07273493,0.009251339,0.8863606,0.01824212,0.013410987
881,0.073385775,0.008708467,0.8878828,0.01710396,0.012918995
882,0.0741889,0.009334927,0.8846463,0.01825572,0.013574151
883,0.07109901,0.010997935,0.8807474,0.02168216,0.015473446
884,0.07500481,0.009712427,0.8828191,0.018407585,0.014056134
885,0.07244154,0.0099488385,0.88436437,0.01894535,0.014300029
886,0.0808779,0.01147782,0.8726229,0.0184966,0.01652471
887,0.08318629,0.013974393,0.86254126,0.021009529,0.019288572
888,0.09023729,0.0137186535,0.85824996,0.017434733,0.020359306
889,0.11141574,0.020218901,0.8195409,0.017950797,0.030873599
890,0.12702665,0.029897727,0.77942395,0.020305727,0.043345973
891,0.19162714,0.07811419,0.5813512,0.029635841,0.11927163
892,0.121500395,0.2777693,0.25924334,0.06834377,0.27314317
893,0.12373755,0.4276705,0.15215923,0.060168132,0.2362646
894,0.13956913,0.44282007,0.13137928,0.060239803,0.22599171
895,0.17878045,0.48280013,0.13172875,0.048869673,0.15782094
896,0.21330856,0.5331046,0.10725858,0.04565124,0.10067703
897,0.27635843,0.5477673,0.07270186,0.049386226,0.053786244
898,0.415781,0.44396874,0.07089055,0.039908156,0.0294516
899,0.6297762,0.25973776,0.074155524,0.021569895,0.014760647
900,0.692434,0.2009709,0.078269444,0.014644343,0.013681243
901,0.69096303,0.19731234,0.08400869,0.013469865,0.014246098
902,0.6905736,0.19804072,0.08295181,0.012955824,0.015478061
903,0.6812269,0.20650157,0.08497769,0.0122484565,0.015045319
904,0.6536582,0.23153138,0.08693173,0.012294881,0.015583814
905,0.6663288,0.2269307,0.07998885,0.012391302,0.01436041
906,0.6405437,0.24789748,0.08372925,0.011741363,0.0160882
907,0.7702917,0.08666085,0.10704181,0.026091114,0.0099146
908,0.61181116,0.050174154,0.28826335,0.038768675,0.010982699
909,0.2085617,0.027938891,0.6973929,0.049978573,0.016127896
910,0.110744365,0.020064328,0.7970768,0.045666993,0.026447447
911,0.09141322,0.015601482,0.8095151,0.04887627,0.03459387
912,0.09870936,0.015948517,0.8117865,0.042709567,0.030846044
913,0.09110129,0.012711906,0.8096354,0.049163762,0.037387718
914,0.09795151,0.015996283,0.8101962,0.04504216,0.030813875
915,0.09803736,0.014658261,0.81159085,0.04396977,0.031743728
916,0.09871307,0.01631421,0.8118056,0.04229848,0.030868605
917,0.10091657,0.01600857,0.8072186,0.044570796,0.0312854
918,0.10039584,0.015642604,0.8125139,0.040514797,0.030932922
919,0.0986084,0.014519679,0.80769616,0.04686657,0.03230919
920,0.09635199,0.013490409,0.81017053,0.04635583,0.033631206
921,0.09979732,0.014298343,0.80514604,0.048993994,0.031764325
922,0.10206968,0.015885124,0.8113713,0.0412679,0.029406006
923,0.10219453,0.01581271,0.8106965,0.04136708,0.029929193
924,0.10322422,0.017196823,0.81262296,0.03646643,0.030489465
925,0.09347057,0.020688932,0.8121029,0.03123408,0.042503543
926,0.09769813,0.019050783,0.8133909,0.033459336,0.036400784
927,0.1025639,0.015918888,0.8144426,0.036131416,0.030943155
928,0.1019938,0.01723169,0.8204058,0.02853932,0.03182943
929,0.11098735,0.012848973,0.82181454,0.027974922,0.02637417
930,0.119505376,0.011879829,0.8126566,0.030449545,0.025508642
931,0.11108098,0.013444614,0.8289166,0.024520576,0.022037275
932,0.100935735,0.012539246,0.8359645,0.025014495,0.02554599
933,0.10049333,0.011761741,0.83843213,0.023767266,0.025545493
934,0.09619012,0.010468798,0.8415085,0.023560133,0.028272487
935,0.09093451,0.010146045,0.8466802,0.023138762,0.029100457
936,0.10101385,0.0108030345,0.83702636,0.02489955,0.026257277
937,0.10391609,0.01085675,0.8327733,0.025709296,0.02674464
938,0.10846916,0.011129558,0.82948464,0.02554834,0.02536839
939,0.10188039,0.010971796,0.838332,0.02360656,0.025209326
940,0.09630755,0.0108871255,0.84303796,0.023491783,0.026275642
941,0.0884199,0.010018073,0.85276014,0.02079344,0.028008558
942,0.08356945,0.009887966,0.85712963,0.020382095,0.029030723
943,0.08179081,0.009920807,0.857688,0.02058681,0.030013591
944,0.08087977,0.009781636,0.85944694,0.019924311,0.029967314
945,0.08236579,0.009508769,0.85225856,0.02238144,0.033485387
946,0.083636224,0.009558268,0.8533144,0.021719176,0.031771947
947,0.08451593,0.009767374,0.8514373,0.022604033,0.031675365
948,0.08628637,0.010175645,0.8471379,0.024381034,0.03201905
949,0.09026757,0.010735385,0.8416242,0.025993077,0.03137978
950,0.08696658,0.010647293,0.8445079,0.025313873,0.03256437
951,0.08658665,0.010889264,0.8451006,0.0252102,0.03221323
952,0.085517265,0.010972508,0.8457875,0.024976887,0.032745857
953,0.08447558,0.010803519,0.8476388,0.024218457,0.032863647
954,0.0827873,0.010702929,0.84937507,0.023823025,0.033311732
955,0.081952386,0.010819216,0.85005355,0.023756955,0.0334179
956,0.08193998,0.010673727,0.8477271,0.024750935,0.034908228
957,0.08043251,0.01036299,0.8489681,0.024313021,0.035923358
958,0.07784667,0.010253217,0.8505154,0.024012871,0.037371818
959,0.07530827,0.010265031,0.8502486,0.024303526,0.039874576
960,0.073790565,0.010353913,0.8500384,0.024347464,0.04146966
961,0.07164042,0.010364163,0.84980774,0.024425717,0.043761972
962,0.06906566,0.010267793,0.85378045,0.02297342,0.043912716
963,0.06760357,0.01028158,0.8553961,0.022502715,0.044216014
964,0.06503471,0.010037068,0.86109805,0.020484515,0.043345682
965,0.06359202,0.009549929,0.86361706,0.019397313,0.043843593
966,0.06091489,0.00914788,0.86754596,0.018296666,0.044094555
967,0.060535856,0.008825627,0.86648846,0.018331164,0.04581892
968,0.062180575,0.009179895,0.8439167,0.022941735,0.06178115
969,0.056722328,0.009859732,0.84443694,0.02384444,0.06513656
970,0.05606021,0.011475492,0.83140206,0.027610991,0.07345127
971,0.056497034,0.0139799435,0.8177948,0.03236038,0.07936785
972,0.059109677,0.017268267,0.8009026,0.038533654,0.08418583
973,0.056150284,0.011308473,0.8477818,0.023623161,0.06113635
974,0.056478783,0.010243208,0.85572726,0.02151953,0.05603118
975,0.055694632,0.009296778,0.864477,0.018851602,0.051679965
976,0.05547757,0.00885582,0.8695505,0.01756387,0.04855218
977,0.055757616,0.008712219,0.87132543,0.017209718,0.046995025
978,0.055919785,0.008382132,0.8709827,0.016854405,0.04786092
979,0.05641836,0.008465613,0.86640066,0.018100759,0.05061463
980,0.05526971,0.008255521,0.8724555,0.016706146,0.047313128
981,0.0556666,0.008445145,0.8649032,0.018187871,0.05279726
982,0.05479381,0.008573519,0.87132514,0.017195338,0.048112154
983,0.055806056,0.0086440705,0.8688531,0.017777562,0.048919234
984,0.05668726,0.008641065,0.8617389,0.019111786,0.053821035
985,0.055542752,0.0086823795,0.86857015,0.018043647,0.04916101
986,0.05577852,0.008501082,0.86984235,0.017526194,0.048351873
987,0.055625007,0.00850026,0.8704225,0.017280709,0.04817155
988,0.05704978,0.008758919,0.8669714,0.018459352,0.048760608
989,0.0555754,0.008298315,0.87202793,0.016811687,0.047286592
990,0.05484817,0.0082583735,0.8739368,0.016347468,0.04660921
991,0.056657925,0.008518244,0.8707435,0.017466625,0.046613704
992,0.05697939,0.008365248,0.86622405,0.018033301,0.050398003
993,0.05647731,0.008538424,0.8641001,0.018917995,0.05196621
994,0.056254227,0.008742058,0.85737073,0.019879704,0.057753265
995,0.05767278,0.00953824,0.84777963,0.023007747,0.062001664
996,0.05978523,0.010230694,0.84471357,0.02455734,0.06071315
997,0.062277723,0.010929982,0.8315061,0.027651036,0.0676353
998,0.062277507,0.011518937,0.83110577,0.028048621,0.06704931
999,0.06830212,0.012409326,0.8173891,0.032317348,0.06958213
1000,0.07174216,0.011782196,0.8281222,0.03000497,0.058348387
1001,0.08018061,0.011397703,0.8377348,0.027279424,0.043407414
1002,0.08294875,0.010229415,0.8422199,0.024809936,0.039792016
1003,0.09322619,0.010321255,0.8370644,0.025072254,0.034315854
1004,0.09068224,0.009661572,0.84487724,0.02242931,0.03234967
1005,0.08974199,0.0094804475,0.8461164,0.022343801,0.03231729
1006,0.09308742,0.009669905,0.84366304,0.02252155,0.031058101
1007,0.08661778,0.009235508,0.8519325,0.020742998,0.031471148
1008,0.08089989,0.008857634,0.8607467,0.018618004,0.030877804
1009,0.07901331,0.008656424,0.861564,0.018569542,0.03219681
1010,0.07690146,0.00860939,0.86297154,0.018690832,0.032826815
1011,0.07660695,0.0087006455,0.8623367,0.018999862,0.033355862
1012,0.07999675,0.00879201,0.85931903,0.01936389,0.03252835
1013,0.09372123,0.009612341,0.8403409,0.023787392,0.032538105
1014,0.107233435,0.010351726,0.82498145,0.02671021,0.030723142
1015,0.119305484,0.011809614,0.816347,0.028490862,0.024046993
1016,0.12779658,0.0127217015,0.8067315,0.030899104,0.021851106
1017,0.12641153,0.0132052265,0.8074218,0.031503495,0.021457922
1018,0.12681809,0.013481817,0.8023351,0.03523092,0.022134094
1019,0.116761,0.013995056,0.812895,0.033205383,0.023143666
1020,0.11114073,0.014588777,0.81730217,0.032195523,0.024772754
1021,0.10750762,0.0136402175,0.81957054,0.032491714,0.02678982
1022,0.10652269,0.0149948755,0.8176401,0.033850458,0.026991818
1023,0.10484187,0.015174021,0.8183454,0.03351225,0.028126413
1024,0.106529534,0.012554987,0.81216204,0.03762485,0.03112862
1025,0.10979514,0.013683059,0.81041193,0.03902072,0.02708919
1026,0.10755286,0.014901795,0.8067346,0.043291867,0.027518865
1027,0.10356881,0.015187329,0.80881196,0.043335576,0.029096302
1028,0.106828116,0.016129663,0.80972403,0.03901043,0.028307784
1029,0.10387826,0.015261604,0.8128201,0.03853516,0.029504899
1030,0.103197515,0.014423835,0.8129228,0.039745126,0.029710744
1031,0.10233891,0.014872777,0.8139737,0.039313793,0.029500818
1032,0.099037334,0.016922763,0.8125043,0.03997294,0.031562604
1033,0.09736657,0.019198844,0.808757,0.039032564,0.03564507
1034,0.09662335,0.017785259,0.8101151,0.04036196,0.03511438
1035,0.09592996,0.019212281,0.80754423,0.040148135,0.03716529
1036,0.095805466,0.018832147,0.8034764,0.044959486,0.036926445
1037,0.09395971,0.018573921,0.8060961,0.044238985,0.037131336
1038,0.09519027,0.01878033,0.8054516,0.043986868,0.036590934
1039,0.09395874,0.0176467,0.805453,0.046541862,0.036399655
1040,0.0907757,0.01655309,0.79829156,0.05582771,0.038551927
1041,0.08878422,0.017105533,0.79145855,0.06251404,0.04013767
1042,0.08914172,0.017474335,0.7849792,0.06644991,0.041954745
1043,0.08952345,0.019396085,0.7744307,0.07296967,0.04368004
1044,0.09407008,0.018898457,0.76639664,0.0757592,0.044875644
1045,0.09846306,0.01912377,0.7613508,0.07739311,0.043669257
1046,0.10333283,0.020173877,0.7507615,0.081770115,0.043961644
1047,0.106267884,0.021043608,0.7547438,0.076418206,0.041526463
1048,0.114229284,0.021974195,0.744992,0.07891552,0.03988888
1049,0.11393131,0.020876778,0.74972546,0.07690116,0.038565297
1050,0.120981015,0.018595738,0.73811954,0.08127627,0.04102745
1051,0.10909001,0.01739854,0.76287,0.07198452,0.03865695
1052,0.10671814,0.018427774,0.7733784,0.065272085,0.036203656
1053,0.09970479,0.016909275,0.7834404,0.06252737,0.037418183
1054,0.10041606,0.015354753,0.7836161,0.06270386,0.037909236
1055,0.0971285,0.016449738,0.7947878,0.05698426,0.034649692
1056,0.096791774,0.017204603,0.7989411,0.0528816,0.034180954
1057,0.09709387,0.018687515,0.79846966,0.050492894,0.03525606
1058,0.096454404,0.017471595,0.8056533,0.04576684,0.034653824
1059,0.095954224,0.016469633,0.8070611,0.0460794,0.034435693
1060,0.09477158,0.01561321,0.80629563,0.04849597,0.034823503
1061,0.093939975,0.014257188,0.80304986,0.052090816,0.03666222
1062,0.095708124,0.012670572,0.783358,0.06244648,0.04581679
1063,0.09541735,0.013802054,0.78252155,0.06519705,0.043062076
1064,0.09764305,0.0144911455,0.78085726,0.06490676,0.04210179
1065,0.09855592,0.015074357,0.7803671,0.06536622,0.04063646
1066,0.10214728,0.01531613,0.7762397,0.06579428,0.04050259
1067,0.10090339,0.015248781,0.78294533,0.06251552,0.038386904
1068,0.10192581,0.0140384305,0.7716378,0.06826179,0.044136204
1069,0.10133754,0.014726367,0.77822953,0.06568362,0.0400229
1070,0.09885005,0.014796052,0.77446365,0.06925676,0.04263347
1071,0.09944132,0.015284451,0.78038543,0.06458067,0.0403082
1072,0.10325472,0.014362359,0.7702765,0.06796118,0.04414526
1073,0.101603866,0.014634318,0.7715974,0.06952421,0.042640295
1074,0.09996487,0.015246532,0.77591014,0.068016805,0.040861685
1075,0.10158019,0.014698537,0.7690708,0.07047335,0.04417716
1076,0.10217577,0.014780215,0.7737579,0.0673736,0.04191253
1077,0.10121907,0.014599759,0.7683938,0.07165678,0.0441306
1078,0.10121051,0.014485113,0.76981974,0.0701239,0.04436081
1079,0.10079297,0.014842009,0.7738597,0.06819175,0.042313624
1080,0.099637285,0.0154441595,0.7793207,0.06595721,0.039640676
1081,0.09961363,0.0155311525,0.78087115,0.06480143,0.039182615
1082,0.09866711,0.014865431,0.7840887,0.06270798,0.03967085
1083,0.09839903,0.014684082,0.77936023,0.0668404,0.04071617
1084,0.09641784,0.014575883,0.7786042,0.06816186,0.042240173
1085,0.098437116,0.014506817,0.77866757,0.06648263,0.04190599
1086,0.09811607,0.014543305,0.782155,0.06440777,0.040777925
1087,0.09774737,0.014430098,0.7806534,0.065402634,0.041766457
1088,0.0975436,0.014958959,0.78006893,0.06641336,0.041015115
1089,0.09827312,0.014449922,0.77376294,0.06904211,0.04447188
1090,0.10046062,0.014610105,0.77342796,0.06867405,0.04282724
1091,0.098208934,0.014961306,0.77481127,0.06955102,0.042467564
1092,0.100280896,0.0152070895,0.77511495,0.067666255,0.041730747
1093,0.099940374,0.015279627,0.77308166,0.06945037,0.04224793
1094,0.09796958,0.015413968,0.7724341,0.0709426,0.04323986
1095,0.10135254,0.014841537,0.7672122,0.07152967,0.04506405
1096,0.10021977,0.015381428,0.77549636,0.06782669,0.041075725
1097,0.10284588,0.014856294,0.77053046,0.06885066,0.042916734
1098,0.10168742,0.015207791,0.77388877,0.06825695,0.040959045
1099,0.10133052,0.0154770035,0.7770586,0.06644198,0.03969183
1100,0.09648924,0.015270936,0.7773458,0.06899219,0.04190178
1101,0.10387401,0.014412679,0.7600423,0.07343043,0.048240494
1102,0.10947077,0.014598745,0.7379586,0.08351945,0.054452404
1103,0.106204286,0.016013691,0.754619,0.07789541,0.04526752
1104,0.110053845,0.01664336,0.7464338,0.08062849,0.046240505
1105,0.11693522,0.01798409,0.7321949,0.085628375,0.047257487
1106,0.120373644,0.019282129,0.71116453,0.09760963,0.051570047
1107,0.12037934,0.02053609,0.70601606,0.09935915,0.05370937
1108,0.15841052,0.024197735,0.64933974,0.113240056,0.05481194
1109,0.22460014,0.029313665,0.5812667,0.115478165,0.049341284
1110,0.3743057,0.037343018,0.43360072,0.11602718,0.03872328
1111,0.51892775,0.038563557,0.3215411,0.09466382,0.026303735
1112,0.6180022,0.03847228,0.2529452,0.07087434,0.01970594
1113,0.70294446,0.037234332,0.19651738,0.05006349,0.013240362
1114,0.7941204,0.035319004,0.1357686,0.026839996,0.007951957
1115,0.851012,0.032500472,0.09700707,0.014705898,0.004774564
1116,0.88491,0.029725723,0.07350951,0.00890542,0.002949392
1117,0.90771204,0.02866717,0.05638027,0.0054111057,0.0018294783
1118,0.9187753,0.026363049,0.04896255,0.004456567,0.0014424722
1119,0.9236242,0.024503864,0.046419337,0.0041789776,0.0012735568
1120,0.92763186,0.023820937,0.04410945,0.0033883646,0.0010494771
1121,0.92720836,0.024050277,0.044774268,0.002938738,0.0010283713
1122,0.91539925,0.023946345,0.05614344,0.0031980202,0.0013130027
1123,0.88962775,0.026305422,0.07821574,0.0038705387,0.001980481
1124,0.88530934,0.026912136,0.08168096,0.003980396,0.002117044
1125,0.8817989,0.026443154,0.085513555,0.004045394,0.0021990244
1126,0.8476465,0.028587071,0.11572826,0.005011981,0.003026123
1127,0.8512669,0.028083075,0.11308339,0.0047348496,0.0028318088
1128,0.84203637,0.029338287,0.12045428,0.004934155,0.0032368747
1129,0.8339184,0.029345488,0.12781166,0.0054720216,0.00345244
1130,0.85892725,0.028826071,0.10460002,0.0049259025,0.0027207325
1131,0.87678343,0.028045084,0.088408686,0.004508977,0.0022537415
1132,0.8929961,0.026618008,0.07463484,0.003934102,0.0018169725
1133,0.8717477,0.028010478,0.09307104,0.0047735036,0.002397339
1134,0.8735697,0.027856562,0.09168304,0.0045410576,0.0023495804
1135,0.86015654,0.028454924,0.10391535,0.0047699506,0.002703227
1136,0.86126375,0.028723119,0.10273485,0.0045383372,0.0027400178
1137,0.8523895,0.028706744,0.11105459,0.0048173876,0.0030318599
1138,0.84097165,0.028571028,0.1221014,0.0051974566,0.0031585346
1139,0.84268355,0.029379528,0.11960748,0.005204134,0.0031253537
1140,0.83608925,0.029454347,0.12578627,0.005384169,0.0032858842
1141,0.80437785,0.030651337,0.15447888,0.006461329,0.004030607
1142,0.778423,0.031503644,0.17795907,0.0076332544,0.0044809612
1143,0.80068916,0.030019931,0.15874325,0.0069579137,0.0035897915
1144,0.71915597,0.031523444,0.23527953,0.009254643,0.0047864146
1145,0.6131432,0.03212765,0.33568853,0.01225932,0.006781296
1146,0.46830466,0.03081421,0.4740361,0.017350662,0.009494401
1147,0.3558825,0.028372644,0.5818239,0.02133926,0.012581678
1148,0.33024836,0.028339148,0.60581946,0.022502698,0.013090368
1149,0.39088008,0.029798264,0.54765284,0.018889615,0.0127792545
1150,0.5303485,0.049505077,0.37378842,0.021116959,0.025241077
1151,0.7095777,0.07216535,0.18306781,0.020270076,0.014919054
1152,0.79665905,0.07949905,0.101768054,0.014363691,0.007710189
1153,0.78311753,0.12213488,0.07274274,0.0147708375,0.0072340206
1154,0.8223641,0.09224103,0.06983224,0.010340034,0.0052225846
1155,0.8321695,0.03543088,0.12292332,0.005980833,0.0034954962
1156,0.58058274,0.03387851,0.36363587,0.012649964,0.009252966
1157,0.42978624,0.031264935,0.50700563,0.01903965,0.012903594
1158,0.39545164,0.031105507,0.53579766,0.022813404,0.014831883
1159,0.46815416,0.032775376,0.46621895,0.021313792,0.011537681
1160,0.51287144,0.033440154,0.4232484,0.020400167,0.010039825
1161,0.50529784,0.03416847,0.42653847,0.023327144,0.0106681
1162,0.58938104,0.034567904,0.34866178,0.019129269,0.008260021
1163,0.5683469,0.034730975,0.36709908,0.020950647,0.008872454
1164,0.6476936,0.03626556,0.2907781,0.017947933,0.0073148375
1165,0.6790259,0.0344547,0.26562387,0.014909657,0.0059858537
1166,0.6587109,0.033546366,0.2877227,0.013831979,0.006188069
1167,0.64446163,0.033497024,0.3023668,0.012974488,0.006699973
1168,0.6010611,0.03253202,0.34585598,0.013101686,0.007449156
1169,0.46405208,0.031505868,0.47739807,0.016431533,0.010612352
1170,0.50201166,0.032604553,0.44000298,0.014536642,0.0108441645
1171,0.54857796,0.03285876,0.39501363,0.013378593,0.010171053
1172,0.5665705,0.033034578,0.37698972,0.013325637,0.010079527
1173,0.6501004,0.033049922,0.29797786,0.011072784,0.0077989474
1174,0.7746943,0.032054897,0.18080582,0.0078107156,0.0046342476
1175,0.7884202,0.03159551,0.16814895,0.00746511,0.004370231
1176,0.79669964,0.031446796,0.16046005,0.007223843,0.004169603
1177,0.80618733,0.030890478,0.15207914,0.006956224,0.0038869085
1178,0.82392323,0.030375829,0.13583808,0.0063483226,0.0035145471
1179,0.8348678,0.030303156,0.12553316,0.0059427596,0.003353211
1180,0.85379094,0.030032504,0.10782017,0.0053491653,0.003007328
1181,0.8736924,0.028505562,0.09059321,0.0047611217,0.0024477392
1182,0.8907014,0.027649263,0.07557969,0.004073658,0.0019960129
1183,0.90522695,0.026540892,0.06312986,0.0034933372,0.0016088778
1184,0.90926445,0.025804037,0.06012433,0.0033125528,0.0014946439
1185,0.90293455,0.026370212,0.06539798,0.0036304982,0.0016667777
1186,0.90890336,0.02582819,0.06039256,0.0033605925,0.0015153041
1187,0.9088398,0.026442535,0.059795562,0.0034136465,0.0015084752
1188,0.91016227,0.026125418,0.05895371,0.0033009523,0.0014576004
1189,0.912815,0.025745668,0.056711122,0.0032916744,0.0014366409
1190,0.9203629,0.025954086,0.04959543,0.0028866585,0.0012009118
1191,0.9242809,0.025793986,0.045959696,0.0028325384,0.0011327647
1192,0.93059826,0.024536937,0.041287843,0.0025865966,0.000990411
1193,0.9312744,0.024352796,0.040921677,0.0025054356,0.0009456407
1194,0.93264043,0.024342231,0.039681163,0.0024195013,0.0009166635
1195,0.9301993,0.024346853,0.04196771,0.0025168022,0.00096930645
1196,0.92897975,0.024527509,0.0428672,0.002613913,0.0010116734
1197,0.9303199,0.024275396,0.041853677,0.0025758154,0.0009751853
1198,0.9300708,0.02433355,0.04206234,0.0025551177,0.0009781871
1199,0.9295398,0.02454952,0.042330876,0.0025782546,0.0010015906
1200,0.92792296,0.024362164,0.043943234,0.0027100327,0.0010615828
1201,0.9293451,0.024305556,0.04279608,0.0025550483,0.0009982229
1202,0.9317046,0.02358459,0.041234303,0.0024996856,0.0009767952
1203,0.93162304,0.0240783,0.04092119,0.0024373617,0.000940095
1204,0.93080044,0.023920512,0.04172295,0.00255205,0.0010040748
1205,0.9318785,0.02402473,0.040587813,0.0025272022,0.0009817643
1206,0.9315514,0.02369713,0.04129577,0.0024950465,0.00096067245
1207,0.93400407,0.024118485,0.038619246,0.0023537795,0.0009044453
1208,0.933607,0.023619208,0.039411787,0.0024348926,0.00092723727
1209,0.9337853,0.023358406,0.03944798,0.0024721099,0.0009361504
1210,0.93597883,0.02383622,0.03704983,0.0022878053,0.00084731745
1211,0.93740356,0.023140954,0.036396682,0.0022417563,0.00081707496
1212,0.93657446,0.02338378,0.036870018,0.0023078423,0.00086395646
1213,0.93621385,0.02347387,0.037116963,0.0023359265,0.00085947255
1214,0.9373292,0.023587195,0.03599402,0.002259728,0.0008298876
1215,0.9379955,0.023039443,0.03592017,0.002234371,0.000810433
1216,0.93821955,0.022830315,0.03583713,0.0022780804,0.0008348302
1217,0.9366872,0.023315392,0.036790695,0.00234145,0.0008653089
1218,0.9367854,0.023271902,0.036815334,0.0022776544,0.000849768
1219,0.93672097,0.023095002,0.037037965,0.0022911725,0.0008548652
1220,0.93711025,0.023143992,0.036648914,0.002259866,0.00083698105
1221,0.9377266,0.023050942,0.036076657,0.0023023456,0.0008435266
1222,0.9382655,0.023069886,0.035607964,0.002244524,0.0008121919
1223,0.9375249,0.023267416,0.036105856,0.0022700948,0.0008317698
1224,0.9373773,0.023283318,0.03630477,0.0022296575,0.000805054
1225,0.9362891,0.023651786,0.036856446,0.002340928,0.0008617502
1226,0.9385352,0.023085766,0.035339072,0.0022408639,0.000799087
1227,0.9389567,0.023117555,0.034892775,0.0022314521,0.00080151536
1228,0.93859404,0.023066746,0.03525049,0.0022655444,0.00082316675
1229,0.93737906,0.02314434,0.036360994,0.0022793498,0.00083616946
1230,0.9359111,0.02331315,0.037571393,0.0023328362,0.0008714433
1231,0.93519497,0.023516811,0.03805808,0.002354991,0.0008751655
1232,0.935564,0.023343071,0.037816588,0.0023832978,0.00089316926
1233,0.9368417,0.023292767,0.036711197,0.0023110348,0.0008432628
1234,0.93737364,0.023156937,0.036348257,0.0022888307,0.00083234214
1235,0.9377643,0.023357373,0.03578422,0.0022613397,0.00083281647
1236,0.9379182,0.02319032,0.035824273,0.002247535,0.00081972126
1237,0.938792,0.023196341,0.034995392,0.0022042643,0.00081191416
1238,0.93875986,0.022992589,0.03524399,0.0022015627,0.0008020427
1239,0.93904793,0.023109946,0.034864668,0.0021790427,0.0007984358
1240,0.9395883,0.022910103,0.034574036,0.0021491898,0.00077836047
1241,0.93929154,0.02315353,0.034561228,0.0021938754,0.0007998007
1242,0.939459,0.022430234,0.035090163,0.0022223613,0.0007981578
1243,0.9390716,0.022705542,0.03523966,0.002188413,0.00079478265
1244,0.9375096,0.02298201,0.036366772,0.0022877802,0.0008538157
1245,0.9364815,0.02318298,0.03716788,0.002305964,0.00086171663
1246,0.9353215,0.023202032,0.03824571,0.0023592992,0.00087133294
1247,0.9373513,0.023546485,0.036042057,0.0022334603,0.0008266323
1248,0.9383575,0.02302066,0.03558684,0.002233974,0.0008010685
1249,0.9395726,0.022746494,0.034679994,0.0022068291,0.0007941279
1250,0.93852586,0.023118613,0.035244353,0.0022771663,0.0008339095
1251,0.9381774,0.023281723,0.03548483,0.002240797,0.00081532064
1252,0.93689215,0.023273587,0.03669489,0.002292205,0.00084716856
1253,0.93657887,0.023364048,0.036883693,0.0023170304,0.0008563799
1254,0.93753463,0.023232792,0.036156487,0.002256492,0.0008195704
1255,0.93871194,0.02343006,0.034841225,0.0022110038,0.0008056765
1256,0.94062644,0.023010626,0.033529967,0.0020882166,0.0007447744
1257,0.94071305,0.022642747,0.033730086,0.002141312,0.0007727154
1258,0.9396823,0.022957107,0.034389097,0.0021814904,0.0007899757
1259,0.9389696,0.023392586,0.034702778,0.002152855,0.00078222423
1260,0.9391121,0.022990812,0.034939032,0.0021708221,0.00078729185
1261,0.93828976,0.023268584,0.035392053,0.0022455594,0.0008039724
1262,0.93892086,0.022981578,0.035134353,0.00219254,0.00077068515
1263,0.9394776,0.023103919,0.034427084,0.0022036168,0.00078773237
1264,0.93833745,0.023747783,0.034955867,0.0021736324,0.00078519207
1265,0.91883045,0.03360004,0.044242218,0.0023493192,0.0009779346
1266,0.9192695,0.03549027,0.041302107,0.0027781595,0.0011599783
1267,0.91524935,0.041780762,0.03826366,0.0033412387,0.0013648884
1268,0.897273,0.058735747,0.03811125,0.0041918675,0.001688122
1269,0.8930975,0.061469313,0.039082345,0.004478672,0.0018720964
1270,0.9362851,0.027615974,0.03305277,0.0022283322,0.00081781414
1271,0.9401544,0.024738392,0.032339312,0.0020455034,0.00072253647
1272,0.94037914,0.023838622,0.03293555,0.0021043855,0.00074228353
1273,0.94082063,0.023151856,0.03319571,0.0021040447,0.00072779885
1274,0.93903154,0.024108367,0.03399408,0.0021113958,0.0007546848
1275,0.93903875,0.024373949,0.033731166,0.0021077204,0.00074845453
1276,0.938918,0.02465532,0.03364124,0.0020491988,0.00073620543
1277,0.93968064,0.02447937,0.032968827,0.0021260339,0.0007451944
1278,0.94029427,0.024925817,0.031998172,0.0020576653,0.0007239923
1279,0.9400892,0.024732575,0.03235109,0.002091556,0.0007354477
1280,0.94023675,0.02460922,0.032377023,0.0020511807,0.0007257978
1281,0.9394768,0.024325514,0.033316277,0.002128581,0.0007528737
1282,0.9402465,0.024247622,0.032759733,0.002029818,0.0007163514
1283,0.94034404,0.024334645,0.03255949,0.002040105,0.0007216461
1284,0.9414133,0.024191676,0.0317142,0.0019826163,0.0006981266
1285,0.94154227,0.024088841,0.031670965,0.0019948566,0.0007030522
1286,0.940832,0.024542022,0.031944577,0.0019836705,0.000697644
1287,0.94115865,0.024275983,0.031911463,0.0019615036,0.00069243874
1288,0.9406938,0.024503725,0.03212828,0.0019787871,0.00069537957
1289,0.9405633,0.024428362,0.03226075,0.0020302278,0.0007174017
1290,0.93978465,0.02507327,0.032323726,0.0020780284,0.0007404427
1291,0.9408261,0.024412569,0.031980705,0.002053047,0.0007275637
1292,0.9401728,0.024724951,0.03233128,0.0020455308,0.0007254592
1293,0.94125175,0.023898141,0.032100312,0.0020382851,0.00071154203
1294,0.940912,0.02398511,0.032372117,0.0020283307,0.0007023752
1295,0.9408986,0.024043597,0.032342955,0.0020119147,0.0007029546
1296,0.9404014,0.024319347,0.032498952,0.002060933,0.00071936066
1297,0.9402925,0.024221014,0.032660816,0.0020915514,0.0007341679
1298,0.9399695,0.024681255,0.032524843,0.0020915747,0.00073287805
1299,0.94096994,0.02399059,0.03228516,0.0020413345,0.0007128325
1300,0.94042027,0.02430246,0.032510802,0.00204411,0.00072246
1301,0.9403214,0.023977581,0.032902356,0.00206923,0.00072938204
1302,0.9400968,0.023920918,0.033127327,0.0021097872,0.00074518466
1303,0.940587,0.024350608,0.032290246,0.0020441692,0.00072803564
1304,0.94071484,0.024359096,0.032178614,0.002027313,0.00072018296
1305,0.9409076,0.024169011,0.032162316,0.0020480424,0.0007130287
1306,0.94109136,0.023938963,0.032219037,0.002042001,0.00070854276
1307,0.9416687,0.023458296,0.032084037,0.0020707701,0.0007181663
1308,0.94082963,0.024330191,0.03213877,0.0019956385,0.00070576917
1309,0.94090736,0.023790454,0.03245823,0.0020914862,0.0007525094
1310,0.94137913,0.023787988,0.032141753,0.0019866508,0.0007045331
1311,0.9277723,0.030533688,0.038823817,0.0020664728,0.0008038122
1312,0.93024284,0.030833058,0.03575999,0.0022652117,0.0008989383
1313,0.92812747,0.033827454,0.034523956,0.0025410508,0.0009800567
1314,0.91312885,0.045614686,0.036553465,0.0033791212,0.0013239167
1315,0.9080869,0.049282614,0.037487667,0.0036605936,0.0014822047
1316,0.9374721,0.027432732,0.03221253,0.002116339,0.0007663107
1317,0.93967706,0.025076192,0.032410406,0.0021000607,0.0007363348
1318,0.9400298,0.024589773,0.032526776,0.002113977,0.00073968613
1319,0.9401537,0.024783986,0.032248635,0.0020804235,0.0007333315
1320,0.94058096,0.024344495,0.032298785,0.0020553481,0.0007203837
1321,0.9402129,0.024699727,0.032344796,0.0020256373,0.0007168879
1322,0.9407066,0.024345838,0.032126997,0.0020818312,0.00073879486
1323,0.94165784,0.024117222,0.03149735,0.0020240317,0.0007035772
1324,0.94178414,0.023811458,0.0317328,0.001984792,0.0006867731
1325,0.94084966,0.02446512,0.032007005,0.001976398,0.0007017261
1326,0.94057864,0.024204034,0.032456227,0.0020464177,0.0007147384
1327,0.9407191,0.024442377,0.03210112,0.0020188128,0.00071861135
1328,0.94125104,0.024591595,0.031479917,0.001984628,0.00069290434
1329,0.94064933,0.025229253,0.03150576,0.0019271101,0.000688471
1330,0.9408071,0.024836414,0.031627547,0.0020097787,0.0007191317
1331,0.9413985,0.024646029,0.031279437,0.0019809646,0.00069503527
1332,0.94119525,0.024437705,0.031594187,0.0020492743,0.0007235455
1333,0.9422694,0.024150476,0.030957893,0.0019445366,0.00067761465
1334,0.94233114,0.023251168,0.031726543,0.0019994776,0.0006917005
1335,0.94076717,0.023775239,0.032708656,0.0020330204,0.0007159006
1336,0.94018805,0.023707243,0.033316366,0.00206919,0.0007192256
1337,0.93998504,0.02388003,0.03327436,0.002111223,0.00074935885
1338,0.9402063,0.024097065,0.03285169,0.0021015692,0.0007434293
1339,0.94104904,0.024008038,0.032169886,0.0020516552,0.00072145363
1340,0.9404396,0.024228863,0.032573767,0.0020404642,0.00071729696
1341,0.94123244,0.023374973,0.032606017,0.002071065,0.00071555114
1342,0.9409154,0.023503711,0.03273667,0.0021060223,0.00073824875
1343,0.9403333,0.02343019,0.03338645,0.0021130468,0.00073703536
1344,0.939954,0.023881016,0.033348072,0.0020830263,0.00073397986
1345,0.9398647,0.023245618,0.033939935,0.0021842255,0.0007656133
1346,0.93925524,0.023149855,0.03460112,0.0022156741,0.000778141
1347,0.93539727,0.025059788,0.036244135,0.002440055,0.0008588203
1348,0.9283912,0.02675073,0.04103818,0.002789658,0.0010301344
1349,0.8228898,0.07015129,0.07766395,0.023321446,0.0059735137
1350,0.26836988,0.22039384,0.08245086,0.36195782,0.06682764
1351,0.033450205,0.07076435,0.026782922,0.84188074,0.02712192
1352,0.013160073,0.028638713,0.015897878,0.93131256,0.010990793
1353,0.01126582,0.024086839,0.014430243,0.9411707,0.009046545
1354,0.010943806,0.023159014,0.013717239,0.9438457,0.008334279
1355,0.010722285,0.022753948,0.013339468,0.9450412,0.008143136
1356,0.010620116,0.02238813,0.013081828,0.9460697,0.007840277
1357,0.010543055,0.022036636,0.01288144,0.9469711,0.0075677745
1358,0.010451892,0.021904765,0.0126987845,0.9474643,0.007480267
1359,0.010461163,0.022068866,0.012806161,0.94722056,0.0074431514
1360,0.010420913,0.022036241,0.012740154,0.9473775,0.007425187
1361,0.01037706,0.021997022,0.012588568,0.9476893,0.0073480196
1362,0.010344691,0.021852957,0.012527102,0.94793385,0.007341272
1363,0.010406677,0.021928126,0.012683194,0.9476978,0.007284175
1364,0.010316629,0.021693572,0.012350286,0.9484911,0.007148451
1365,0.010300174,0.021694591,0.0123921065,0.9484008,0.0072123623
1366,0.010328759,0.021719329,0.01241474,0.94837457,0.0071626604
1367,0.01029715,0.021808155,0.012359851,0.9483322,0.0072026886
1368,0.0102867745,0.021643253,0.012288624,0.94868976,0.007091622
1369,0.010258899,0.02175514,0.01225848,0.94860137,0.0071262233
1370,0.010312015,0.022144653,0.012528132,0.94769174,0.0073235496
1371,0.010243459,0.022002567,0.012282098,0.94813573,0.0073361085
1372,0.010328698,0.022219425,0.012568095,0.9474722,0.007411638
1373,0.010405725,0.02291192,0.012826167,0.9461798,0.0076764333
1374,0.010311698,0.022315884,0.012341375,0.94782215,0.007208897
1375,0.010236113,0.022488311,0.012245469,0.94774044,0.007289684
1376,0.010285718,0.022940831,0.012308827,0.94701654,0.007447984
1377,0.009944271,0.022055514,0.01146661,0.9494123,0.0071213725
1378,0.0101522375,0.023152253,0.011923915,0.94705683,0.0077147577
1379,0.01043976,0.023941513,0.012310292,0.9456008,0.007707647
1380,0.010409538,0.023980953,0.012339952,0.9455746,0.007695047
1381,0.010547004,0.024562232,0.012810444,0.9443541,0.0077262195
1382,0.01066921,0.025007008,0.013067053,0.943433,0.007823669
1383,0.010613243,0.024694085,0.012952698,0.9439092,0.007830739
1384,0.010834094,0.025612907,0.013620889,0.9418804,0.008051674
1385,0.010987402,0.026178248,0.013683492,0.9407066,0.008444301
1386,0.011035568,0.02669209,0.013976305,0.93947405,0.008822002
1387,0.01106324,0.026779113,0.014094509,0.93919855,0.0088646775
1388,0.011051807,0.026606977,0.013931476,0.9395128,0.008896965
1389,0.011015879,0.026407218,0.013928729,0.9399379,0.008710227
1390,0.011006092,0.026165318,0.013838733,0.94046414,0.008525711
1391,0.010879358,0.025762938,0.013329346,0.94143176,0.008596573
1392,0.010891845,0.025875133,0.01344485,0.94122285,0.0085652815
1393,0.010805491,0.025338022,0.013239069,0.9423714,0.008245988
1394,0.0108977165,0.025990061,0.013316092,0.94123864,0.008557486
1395,0.010675923,0.025151994,0.0128937075,0.9429316,0.008346799
1396,0.010758497,0.025430584,0.0131928865,0.9422391,0.008378934
1397,0.010712886,0.025233129,0.013014897,0.9426918,0.008347294
1398,0.010788114,0.025521543,0.013088933,0.9422725,0.0083288895
1399,0.0107827755,0.02551824,0.0132113,0.94226885,0.008218834
1400,0.01073694,0.025370084,0.013094113,0.942479,0.00831995
1401,0.010746413,0.025414467,0.013037157,0.94244045,0.008361528
1402,0.010856824,0.025918476,0.013462878,0.9413104,0.008451405
1403,0.010710851,0.02557086,0.013118698,0.9418415,0.0087581305
1404,0.011060538,0.027254157,0.0140866395,0.93847054,0.009128107
1405,0.011302766,0.029423367,0.01507934,0.9342047,0.009989769
1406,0.011540795,0.030134398,0.015971111,0.9324223,0.009931412
1407,0.0113369515,0.027958062,0.014575847,0.9366875,0.009441592
1408,0.011390718,0.028183624,0.015078768,0.9357983,0.009548624
1409,0.011442493,0.027809314,0.01524958,0.93614906,0.009349579
1410,0.011382965,0.027598165,0.0148411235,0.9367994,0.009378416
1411,0.011215514,0.02725542,0.014450669,0.9379738,0.009104718
1412,0.011008806,0.026140127,0.014232316,0.9398334,0.008785359
1413,0.011022176,0.026265165,0.014617936,0.9392436,0.008851171
1414,0.0109354565,0.025700843,0.014050808,0.94046295,0.008850023
1415,0.0108844135,0.025406081,0.014556748,0.94039494,0.008757787
1416,0.010926761,0.025267463,0.014721018,0.9400446,0.009040117
1417,0.010989362,0.024997015,0.014478325,0.94082874,0.00870661
1418,0.010982141,0.025650399,0.015208591,0.9389367,0.009222185
1419,0.011133937,0.025533792,0.015112543,0.93906105,0.009158684
1420,0.011089181,0.025519993,0.01513619,0.9389593,0.009295347
1421,0.0111109,0.025463616,0.014975173,0.9391807,0.009269552
1422,0.01115408,0.025900312,0.015303285,0.93800557,0.009636812
1423,0.011585761,0.03420401,0.018716114,0.92056054,0.014933567
1424,0.011528948,0.05185555,0.0181648,0.87461084,0.043839864
1425,0.01435469,0.07103394,0.022569578,0.81165594,0.08038573
1426,0.020889318,0.09934687,0.03396959,0.7257575,0.12003672
1427,0.032569982,0.15452415,0.05891807,0.4860622,0.2679256
1428,0.0720021,0.2605977,0.097487934,0.21433225,0.35558
1429,0.11101127,0.1686028,0.23261407,0.11549488,0.37227702
1430,0.100385465,0.08485112,0.38051555,0.09187428,0.34237367
1431,0.08144993,0.0812886,0.37320858,0.15706187,0.30699098
1432,0.058749717,0.075804755,0.30085757,0.3053532,0.25923482
1433,0.034882784,0.07015408,0.12056424,0.6329975,0.14140147
1434,0.018747987,0.0391011,0.031980813,0.88538045,0.024789548
1435,0.012655937,0.02764546,0.017187422,0.9311315,0.011379751
1436,0.011376473,0.02548966,0.014834159,0.9384799,0.009819841
1437,0.010965107,0.024288956,0.013965619,0.9419546,0.008825752
1438,0.010837583,0.024291059,0.014040284,0.9421366,0.008694513
1439,0.010748565,0.023911785,0.013730499,0.94304013,0.008568959
1440,0.010697021,0.023948655,0.01367153,0.9429934,0.008689407
1441,0.0107819475,0.024395673,0.014023961,0.941976,0.008822418
1442,0.010842273,0.02442345,0.014180633,0.94190764,0.008646019
1443,0.010795614,0.024376635,0.014102853,0.9419848,0.008740183
1444,0.010824355,0.024364125,0.014109368,0.9421059,0.008596262
1445,0.010813311,0.024337834,0.014171943,0.9419254,0.008751522
1446,0.010625265,0.02408318,0.01350914,0.9425649,0.009217513
1447,0.010147019,0.024734838,0.01338186,0.9402304,0.011505906
1448,0.010857873,0.02523465,0.013875834,0.9395496,0.010482018
1449,0.010891845,0.025034053,0.013897628,0.9403839,0.009792442
1450,0.010893584,0.024903623,0.013965054,0.9410756,0.009162158
1451,0.010800249,0.025273813,0.013858141,0.9406741,0.009393778
1452,0.010746784,0.02452331,0.013797149,0.941849,0.009083823
1453,0.010843079,0.025048444,0.014113679,0.9408294,0.009165444
1454,0.010842986,0.02499185,0.014152613,0.9407909,0.009221711
1455,0.010854236,0.025029894,0.014234646,0.940597,0.00928423
1456,0.010865763,0.025003877,0.0141832465,0.940692,0.0092550395
1457,0.010846163,0.025049325,0.014114963,0.94056284,0.009426785
1458,0.0108717475,0.025218794,0.014111154,0.9403547,0.009443664
1459,0.010859319,0.02499782,0.0140873,0.9407857,0.009269742
1460,0.010888516,0.025242407,0.014213658,0.94029063,0.0093647465
1461,0.010854843,0.025171595,0.014290483,0.9399981,0.009685086
1462,0.010942663,0.025228105,0.014451617,0.93964696,0.009730759
1463,0.011039025,0.025975589,0.014694911,0.9383287,0.009961686
1464,0.0109807225,0.02582392,0.014568745,0.93835,0.01027657
1465,0.010373787,0.026303628,0.014295308,0.9352352,0.013792043
1466,0.011581779,0.026546588,0.015340666,0.935606,0.010924888
1467,0.011221907,0.02502708,0.01434991,0.9403849,0.009016212
1468,0.010889287,0.02439593,0.013757126,0.942414,0.008543607
1469,0.010798403,0.024227941,0.013504357,0.9434469,0.00802246
1470,0.011135653,0.02792246,0.016196463,0.9353862,0.009359162
1471,0.011241584,0.026207723,0.015141291,0.93842834,0.008981152
1472,0.010962958,0.024661694,0.014128476,0.9418419,0.00840485
1473,0.0109287,0.024872348,0.014240328,0.9412426,0.008715953
1474,0.011138715,0.025513489,0.01480953,0.9396773,0.008861117
1475,0.010946049,0.025436841,0.014548496,0.9398683,0.009200389
1476,0.010973082,0.025758898,0.0145078115,0.93920743,0.009552723
1477,0.011111094,0.026093958,0.015130899,0.9383331,0.009330877
1478,0.011152264,0.026002806,0.0151904635,0.938506,0.00914841
1479,0.011086995,0.025799511,0.014828838,0.93900526,0.0092793675
1480,0.011065203,0.02570809,0.014700262,0.9391593,0.009367137
1481,0.011090558,0.025646806,0.014865474,0.9389228,0.009474378
1482,0.01109989,0.025516614,0.014703073,0.9394951,0.009185394
1483,0.010701299,0.0253613,0.013765667,0.939841,0.01033078
1484,0.010763105,0.026547147,0.014109381,0.93677723,0.011803149
1485,0.011124021,0.026220597,0.014112415,0.9382561,0.010286856
1486,0.011100586,0.026098283,0.014286482,0.93900484,0.0095099
1487,0.0109253125,0.025355171,0.013986906,0.94080377,0.008928962
1488,0.0108683575,0.025444465,0.0140100205,0.94062144,0.009055629
1489,0.010917272,0.02557036,0.01436656,0.9399366,0.009209214
1490,0.011143234,0.026857708,0.014866488,0.9375475,0.009585125
1491,0.011467465,0.030137328,0.01637014,0.9315274,0.010497743
1492,0.01185894,0.034634173,0.018092142,0.92282516,0.012589542
1493,0.012448032,0.038968895,0.019425007,0.9135725,0.015585533
1494,0.01301409,0.03747946,0.020911325,0.9118971,0.016697964
1495,0.013453959,0.033659708,0.021414569,0.91524214,0.016229607
1496,0.01289607,0.02995161,0.019179896,0.92506564,0.012906775
1497,0.011672453,0.02714436,0.01567865,0.93473756,0.010766923
1498,0.010777252,0.026409123,0.013794783,0.93775135,0.0112674385
1499,0.010541468,0.026285406,0.013508501,0.93797684,0.011687774
1500,0.011097633,0.026272174,0.013810247,0.93895656,0.009863317
1501,0.010773463,0.0253383,0.013446463,0.94120246,0.009239182
1502,0.010870103,0.026255533,0.0138652325,0.93962,0.0093890885
1503,0.010905875,0.026908917,0.014227226,0.9381534,0.00980472
1504,0.011013375,0.026873326,0.014545226,0.9378265,0.009741604
1505,0.010988236,0.02713203,0.014253091,0.9373602,0.010266455
1506,0.011193697,0.027785918,0.015130381,0.9356681,0.010221928
1507,0.011139671,0.027371353,0.014663378,0.93638384,0.010441665
1508,0.011134491,0.027490998,0.014915923,0.9358842,0.010574336
1509,0.011235618,0.027677651,0.015171997,0.93551785,0.010396888
1510,0.011218211,0.027476836,0.014951324,0.9358179,0.010535706
1511,0.011176997,0.027822623,0.015225322,0.93487114,0.010903952
1512,0.011277656,0.028487338,0.015523646,0.933056,0.011655338
1513,0.011405776,0.028459327,0.015637117,0.93303883,0.011458894
1514,0.011447754,0.029074967,0.015880259,0.93207616,0.01152085
1515,0.011349732,0.027817711,0.01513802,0.934599,0.011095573
1516,0.011238634,0.026879955,0.014958111,0.93651086,0.010412421
1517,0.010782388,0.025745267,0.013883772,0.9388436,0.010745044
1518,0.010130532,0.025361838,0.013475171,0.9385836,0.012448717
1519,0.0108676795,0.024845073,0.013598954,0.9407005,0.009987828
1520,0.010749454,0.024213845,0.01331106,0.9427342,0.00899154
1521,0.010595529,0.02419459,0.013130883,0.9431874,0.008891525
1522,0.010610642,0.023876762,0.013266832,0.94370353,0.00854218
1523,0.010614239,0.024032757,0.013362508,0.9434384,0.008552062
1524,0.010552782,0.024350526,0.013266199,0.94282097,0.00900952
1525,0.010707123,0.024547474,0.013515807,0.9425001,0.008729486
1526,0.010658562,0.024537165,0.013468437,0.94252974,0.008806208
1527,0.010633135,0.02434923,0.013350187,0.94293034,0.008737121
1528,0.010572153,0.024220537,0.0132001145,0.94323194,0.008775227
1529,0.010674203,0.024560075,0.013567045,0.9422602,0.008938495
1530,0.010605905,0.024418369,0.013316488,0.9426343,0.009024984
1531,0.010597519,0.024460236,0.01334354,0.94243795,0.00916081
1532,0.010714537,0.02480988,0.013582422,0.9417538,0.009139427
1533,0.010697141,0.024222175,0.013418814,0.9430692,0.008592718
1534,0.010638216,0.024653591,0.013446132,0.9422879,0.008974115
1535,0.0107079875,0.024672773,0.013565831,0.9422145,0.008838855
1536,0.010706271,0.024725804,0.0136253415,0.9420346,0.008907889
1537,0.0106590465,0.024723347,0.013587821,0.9418276,0.009202155
1538,0.010716474,0.024665218,0.013547951,0.9420465,0.009023767
1539,0.010731119,0.024451694,0.01374863,0.9421953,0.008873167
1540,0.010782978,0.024925971,0.01380148,0.94137484,0.009114838
1541,0.01090061,0.025319561,0.014060417,0.9408424,0.008877013
1542,0.011025402,0.026646432,0.0149246305,0.93811053,0.009293111
1543,0.011198501,0.027703429,0.015371412,0.9358255,0.009901193
1544,0.011267169,0.028016908,0.015330656,0.93492293,0.010462275
1545,0.01158211,0.030865332,0.016819557,0.9289032,0.011829822
1546,0.012023185,0.033151466,0.017876778,0.9236374,0.013311157
1547,0.012339799,0.03496264,0.01924708,0.9188487,0.014601853
1548,0.012708513,0.035444655,0.02025409,0.9158585,0.015734198
1549,0.013286543,0.035153862,0.021878147,0.91324127,0.01644016
1550,0.012646881,0.03210424,0.019358762,0.91897833,0.016911825
1551,0.011813947,0.029301522,0.017040327,0.9256387,0.016205525
1552,0.012195386,0.029739514,0.016685642,0.9285117,0.012867801
1553,0.011674836,0.028446097,0.015721383,0.9331963,0.010961398
1554,0.0112987,0.027113235,0.0150005855,0.936617,0.009970393
1555,0.011188618,0.026422512,0.01493481,0.9381069,0.009347159
1556,0.011231363,0.026534917,0.015313873,0.9374767,0.009443137
1557,0.011086923,0.025256505,0.01455527,0.94006944,0.009031829
1558,0.011029023,0.025078908,0.014540592,0.940621,0.008730544
1559,0.010966969,0.024907446,0.014379183,0.9410047,0.00874165
1560,0.0110013075,0.025424827,0.014587261,0.939975,0.009011539
1561,0.010998793,0.025255037,0.014659744,0.9403084,0.008777988
1562,0.010995496,0.025013981,0.014607258,0.94084585,0.008537476
1563,0.010917149,0.02481622,0.014056611,0.9416998,0.008510304
1564,0.010953786,0.025219383,0.014813838,0.94039136,0.008621627
1565,0.011197505,0.026571104,0.015813822,0.937274,0.009143579
1566,0.011421153,0.028392596,0.01684524,0.93300617,0.010334845
1567,0.0116274925,0.028366689,0.016644204,0.9330242,0.010337362
1568,0.0118799675,0.028635632,0.017228913,0.93255705,0.00969845
1569,0.011910216,0.027874436,0.017514817,0.93361104,0.009089513
1570,0.0120098535,0.028256608,0.017645841,0.932924,0.009163723
1571,0.012064253,0.028812878,0.01895773,0.9305753,0.009589889
1572,0.012330399,0.02891353,0.020677771,0.92741895,0.010659318
1573,0.012195445,0.028008053,0.018348327,0.9286805,0.012767749
1574,0.011962507,0.028488617,0.017378457,0.9292084,0.0129621215
1575,0.011924353,0.029577568,0.016730605,0.92891717,0.012850293
1576,0.01224143,0.036954276,0.018375447,0.9187971,0.013631787
1577,0.012158353,0.042817127,0.017878609,0.9091638,0.01798208
1578,0.013844846,0.05446402,0.025055548,0.8739675,0.032668084
1579,0.018068083,0.08387718,0.058674525,0.7057338,0.13364646
1580,0.026832324,0.10252032,0.12779921,0.42865393,0.3141943
1581,0.04185702,0.11580326,0.16039056,0.31447348,0.3674757
1582,0.10081173,0.08593802,0.34513313,0.13842432,0.3296928
1583,0.20686233,0.043598495,0.5401333,0.050842788,0.15856312
1584,0.19458367,0.045511205,0.5371327,0.06950288,0.15326966
1585,0.1920169,0.052707523,0.5047127,0.096093714,0.15446913
1586,0.19715825,0.06377356,0.45219842,0.11770286,0.1691669
1587,0.20753941,0.065055355,0.4479441,0.12198506,0.15747611
1588,0.19720978,0.06771069,0.4277743,0.1364499,0.17085528
1589,0.2550599,0.05961217,0.45297512,0.09947478,0.13287802
1590,0.34293026,0.056704547,0.4204103,0.074855685,0.10509927
1591,0.35539013,0.06597512,0.3747199,0.08736366,0.11655119
1592,0.4503684,0.07159296,0.31754702,0.07290638,0.08758511
1593,0.5146003,0.06302032,0.30709246,0.054311465,0.060975492
1594,0.53474325,0.073519014,0.27719355,0.055178143,0.05936607
1595,0.52118266,0.080555774,0.2709808,0.05711042,0.07017036
1596,0.5862883,0.07047093,0.25782734,0.041330688,0.044082757
1597,0.6718371,0.06842178,0.20514102,0.030470889,0.024129217
1598,0.8115225,0.053431716,0.114648215,0.013088443,0.007309161
1599,0.8831326,0.03562335,0.072852306,0.005849568,0.0025422578
1600,0.9102227,0.028359829,0.056243077,0.0037680524,0.0014063381
1601,0.91442865,0.027850263,0.052893586,0.0035163548,0.0013111489
1602,0.9151978,0.026861487,0.05313001,0.0034939141,0.0013167107
1603,0.9150862,0.027914673,0.05226121,0.0034385866,0.001299345
1604,0.9188202,0.028463893,0.048383836,0.0031523267,0.0011797631
1605,0.92108375,0.027783085,0.046810582,0.0031590061,0.001163558
1606,0.9221009,0.027435867,0.04611076,0.00320162,0.001150867
1607,0.92235434,0.028640063,0.044778876,0.0031016094,0.0011251067
1608,0.92311984,0.028263774,0.044447534,0.0030512614,0.0011174928
1609,0.92299485,0.027270382,0.045596946,0.0030300755,0.0011077474
1610,0.9230891,0.026796564,0.045908183,0.003078701,0.0011274557
1611,0.925128,0.027041852,0.04393736,0.002848312,0.0010444866
1612,0.9258288,0.027263507,0.043113824,0.0027748824,0.0010190179
1613,0.92587245,0.028324036,0.04207366,0.002729622,0.001000152
1614,0.92469996,0.029334405,0.042074956,0.002852608,0.0010380947
1615,0.92156166,0.03185608,0.042320255,0.0031213884,0.0011406093
1616,0.91903746,0.032999083,0.043524034,0.0032542537,0.0011852109
1617,0.9163357,0.032990742,0.04602252,0.0034013772,0.0012496517
1618,0.91534674,0.031465314,0.04848831,0.0034172803,0.0012823292
1619,0.91484517,0.030200718,0.050221946,0.0034203136,0.0013118762
1620,0.9085159,0.030917123,0.055210926,0.0038729827,0.0014830824
1621,0.9042494,0.03119409,0.058846552,0.004124578,0.0015853634
1622,0.9015785,0.031763703,0.060844433,0.00421843,0.0015949648
1623,0.8974311,0.031290125,0.06500032,0.004551921,0.0017264708
1624,0.8848372,0.03408624,0.07350053,0.005460093,0.0021159444
1625,0.88971436,0.03407433,0.06901835,0.005165847,0.0020271502
1626,0.8487634,0.068765916,0.07184875,0.0074036457,0.003218284
1627,0.6852825,0.21639581,0.06774912,0.020734059,0.009838416
1628,0.4705831,0.43270588,0.042719983,0.036773562,0.0172174
1629,0.4652296,0.4410353,0.03795695,0.038592923,0.017185176
1630,0.45392126,0.46026465,0.03522007,0.035678998,0.0149149485
1631,0.78868884,0.14107661,0.052925777,0.012134696,0.005174069
1632,0.9053353,0.038358025,0.05060481,0.0040904456,0.0016114207
1633,0.91084063,0.030086389,0.053981267,0.0036532553,0.0014385234
1634,0.91039145,0.03103821,0.053567275,0.003548834,0.0014542422
1635,0.9078539,0.029586341,0.057364322,0.0036513435,0.0015441532
1636,0.89801043,0.028452521,0.06757701,0.004119321,0.0018406981
1637,0.9039363,0.027097473,0.06381284,0.00350506,0.0016482341
1638,0.90856814,0.026416108,0.060341507,0.0031630516,0.0015111885
1639,0.8926445,0.026706483,0.07500901,0.0037089773,0.0019309411
1640,0.8692427,0.027743522,0.09631045,0.004238153,0.0024651873
1641,0.87695473,0.026990771,0.08978649,0.0040045646,0.002263433
1642,0.85874003,0.027838,0.10637169,0.004441937,0.0026083158
1643,0.8283258,0.030085359,0.13272125,0.0053809844,0.003486552
1644,0.8443438,0.029560687,0.11787945,0.005119399,0.0030967228
1645,0.814263,0.03030389,0.1457353,0.005969872,0.0037279741
1646,0.8186656,0.02968407,0.14243676,0.0057137324,0.0034999086
1647,0.8098729,0.030673953,0.15005738,0.0056185205,0.0037771591
1648,0.73610455,0.031483073,0.2194579,0.007246094,0.0057084365
1649,0.7402571,0.03176959,0.21502142,0.0071424874,0.0058093686
1650,0.72819734,0.031650275,0.22688614,0.007421611,0.0058447295
1651,0.77590114,0.03139982,0.18165173,0.006250341,0.004796996
1652,0.7634767,0.031708486,0.19318654,0.0062796245,0.005348723
1653,0.8025099,0.030993985,0.15632574,0.0056736427,0.0044967104
1654,0.8191613,0.030265803,0.14090171,0.005674548,0.00399673
1655,0.8736734,0.028385196,0.09128341,0.0041416804,0.0025162967
1656,0.9035433,0.026965708,0.064494886,0.0032598672,0.0017362967
1657,0.91170275,0.025940254,0.05769532,0.0030693254,0.0015923694
1658,0.91747814,0.025270803,0.052906834,0.0028952665,0.0014490014
1659,0.92877126,0.024644736,0.04301693,0.0024431353,0.0011238459
1660,0.93378115,0.024237521,0.038814135,0.002204319,0.00096290384
1661,0.9352717,0.023776613,0.03790883,0.002139312,0.0009036876
1662,0.9376796,0.02290364,0.0364502,0.0021027175,0.0008637884
1663,0.9397904,0.023161113,0.034286264,0.0019763298,0.0007859506
1664,0.9398455,0.023303898,0.034040805,0.002008767,0.0008010356
1665,0.9386853,0.023376312,0.03508751,0.002034991,0.0008158881
1666,0.92865866,0.02862879,0.039936397,0.0019994727,0.0007767525
1667,0.9314194,0.029262036,0.03632891,0.0021709828,0.00081867055
1668,0.92821354,0.033184752,0.0351356,0.0025386447,0.00092750415
1669,0.91054136,0.04805602,0.036579993,0.0034803087,0.0013423545
1670,0.8919161,0.0626704,0.039007217,0.0045364983,0.0018698768
1671,0.93444127,0.02820948,0.034161698,0.0023017763,0.0008858495
1672,0.9369008,0.024317065,0.03573668,0.00219797,0.0008473162
1673,0.9356033,0.023963083,0.037398122,0.0021867608,0.00084866903
1674,0.9342958,0.023589613,0.03894256,0.0022671646,0.0009049793
1675,0.9339313,0.023508571,0.039371297,0.0022801307,0.00090873137
1676,0.93654823,0.023128236,0.037276022,0.0021939676,0.0008536408
1677,0.9368466,0.023584552,0.036585715,0.002151482,0.0008317417
1678,0.9354468,0.023080936,0.038361628,0.0022399116,0.00087068375
1679,0.93407434,0.023331068,0.039409462,0.0022781065,0.0009071062
1680,0.9322317,0.023567952,0.040874764,0.002365405,0.00096021587
1681,0.9319513,0.023477126,0.041233525,0.002381636,0.00095652486
1682,0.9303826,0.023543045,0.042652912,0.002420796,0.0010005808
1683,0.93073475,0.023973433,0.041927516,0.0023879001,0.00097633735
1684,0.92921406,0.0234429,0.04378992,0.0025197808,0.0010333697
1685,0.92922556,0.024088582,0.043159965,0.002487252,0.001038714
1686,0.93131185,0.023954863,0.04141876,0.00235011,0.00096447597
1687,0.9323996,0.02401296,0.04032811,0.0023250731,0.00093426957
1688,0.93231803,0.024008526,0.040408194,0.0023219846,0.00094327587
1689,0.93566924,0.023273673,0.037943225,0.002234926,0.000878992
1690,0.93648934,0.023541048,0.03695347,0.0021638244,0.0008523934
1691,0.9355554,0.023480477,0.037872065,0.0022068487,0.0008853003
1692,0.93584,0.023608105,0.03758353,0.0021260288,0.0008423443
1693,0.93569964,0.023704324,0.037573792,0.0021605752,0.00086162554
1694,0.93789405,0.023585107,0.035650644,0.0020787243,0.0007914972
1695,0.93848574,0.023615181,0.0350175,0.0020873244,0.00079425354
1696,0.93911743,0.023541206,0.034515053,0.0020589752,0.00076739804
1697,0.93860894,0.023488576,0.035018295,0.0020982749,0.00078596023
1698,0.9383642,0.02349885,0.035257358,0.0020839125,0.00079577457
1699,0.9384255,0.023619082,0.035126522,0.0020575798,0.00077124377
1700,0.93853164,0.023303133,0.03526904,0.002101314,0.00079479936
1701,0.93794125,0.023281047,0.03582226,0.0021374025,0.0008179842
1702,0.93807626,0.023068499,0.035926543,0.0021209673,0.00080774655
1703,0.93687403,0.02356194,0.03662667,0.0021119537,0.0008253613
1704,0.9365408,0.023536684,0.036979064,0.002106197,0.0008373093
1705,0.93712807,0.023660906,0.036278997,0.0021136405,0.0008183892
1706,0.9379488,0.023850244,0.035340942,0.0020677361,0.0007922892
1707,0.9392823,0.024161639,0.033814345,0.0020029682,0.0007387756
1708,0.94004554,0.023930712,0.033300977,0.0019992858,0.00072341843
1709,0.9399915,0.024143659,0.03314315,0.0019942336,0.00072742795
1710,0.9404857,0.02362095,0.033112455,0.0020333389,0.0007474891
1711,0.9388229,0.024533296,0.033874452,0.002013139,0.00075623917
1712,0.9394467,0.023834564,0.03397355,0.0020041747,0.0007410109
1713,0.9404273,0.023262907,0.033565883,0.001996976,0.0007468235
1714,0.9394966,0.02315493,0.034516197,0.0020605116,0.0007718928
1715,0.93932825,0.023597363,0.03431502,0.0020076518,0.0007516829
1716,0.9380862,0.023956897,0.03508029,0.0020671766,0.00080941495
1717,0.9381196,0.023676459,0.035324555,0.0020831767,0.0007962708
1718,0.9382278,0.024020955,0.03490854,0.0020559852,0.0007868641
1719,0.94029135,0.023264058,0.033687387,0.0020086684,0.0007485628
1720,0.94058126,0.023422556,0.03329775,0.0019644978,0.0007338347
1721,0.94048405,0.023809891,0.03303849,0.0019398186,0.0007277411
1722,0.9408466,0.02317247,0.033251166,0.001986579,0.00074321794
1723,0.9396244,0.023787977,0.033775307,0.0020331966,0.0007790024
1724,0.9400133,0.02385722,0.03343795,0.0019624382,0.0007291166
1725,0.9400666,0.023297057,0.033849917,0.002021609,0.0007648742
1726,0.9394507,0.023679696,0.034116056,0.002000366,0.00075330597
1727,0.93990344,0.024010906,0.03337363,0.0019750225,0.000736957
1728,0.9407624,0.023614071,0.0329437,0.0019588883,0.00072098424
1729,0.94066966,0.023804732,0.03290385,0.0019239923,0.0006978057
1730,0.94089717,0.023950707,0.03250324,0.001943813,0.0007050399
1731,0.9410054,0.024157058,0.03221865,0.001920899,0.00069797056
1732,0.94097567,0.02392814,0.03238632,0.0019794367,0.00073036714
1733,0.9405522,0.02391078,0.032850284,0.001962077,0.0007246026
1734,0.940282,0.023826733,0.033208124,0.0019553818,0.00072774716
1735,0.9399838,0.024386032,0.03299106,0.0019242209,0.0007148615
1736,0.94041824,0.02359927,0.033235982,0.002006299,0.0007402293
1737,0.94043237,0.024230378,0.03269343,0.0019382669,0.0007055019
1738,0.94082034,0.024379382,0.03216604,0.0019261457,0.0007080939
1739,0.94118935,0.023999726,0.03212248,0.0019652797,0.0007232729
1740,0.9407146,0.023958584,0.032641217,0.0019635702,0.0007220706
1741,0.9411925,0.024095992,0.0321145,0.0018983404,0.00069871644
1742,0.9416427,0.023433138,0.032329418,0.0019002059,0.00069451914
1743,0.9409788,0.02409684,0.03232857,0.0018965462,0.0006992291
1744,0.941395,0.023516333,0.032393366,0.0019695088,0.000725786
1745,0.94134533,0.024038685,0.032019667,0.0018995424,0.0006967012
1746,0.9410807,0.023897965,0.032391094,0.001925663,0.0007044985
1747,0.94125885,0.024440324,0.03175655,0.0018655161,0.0006787839
1748,0.94121796,0.024251861,0.03192511,0.0019149759,0.00069008727
1749,0.9415723,0.024441393,0.0313859,0.0019142979,0.0006861247
1750,0.9409758,0.024648834,0.031680014,0.0019800782,0.0007152721
1751,0.9411975,0.024384888,0.031800486,0.0019246478,0.00069249835
1752,0.94094336,0.024049506,0.032390747,0.0019220925,0.00069423363
1753,0.9407209,0.023823248,0.032754414,0.0019722115,0.0007291299
1754,0.9402233,0.024251595,0.03282048,0.0019706327,0.000734083
1755,0.9408336,0.023755861,0.032769654,0.0019359759,0.00070494256
1756,0.9408009,0.023635125,0.032878615,0.0019620366,0.0007232799
1757,0.9407387,0.023383562,0.03317286,0.001969315,0.0007357052
1758,0.9399331,0.023909494,0.033436283,0.0019765338,0.00074460806
1759,0.939261,0.023796244,0.034187958,0.0019956098,0.00075912033
1760,0.93955106,0.023688354,0.034035493,0.0019729193,0.00075220695
1761,0.93995,0.023332125,0.033975895,0.0019951346,0.00074691576
1762,0.9395452,0.024152303,0.033644997,0.0019351038,0.0007224633
1763,0.9402042,0.0239982,0.03311773,0.0019536656,0.0007261265
1764,0.94018614,0.024435699,0.032751076,0.0019199424,0.00070707087
1765,0.9402966,0.024326827,0.032681882,0.0019705007,0.0007242752
1766,0.9406258,0.024517642,0.032161776,0.0019673866,0.00072737655
1767,0.9404131,0.02431593,0.032629456,0.0019376469,0.0007039235
1768,0.94107354,0.0241146,0.032198563,0.0019106326,0.00070275815
1769,0.940954,0.024065722,0.03236236,0.0019137637,0.000704039
1770,0.94086653,0.024168303,0.032322865,0.0019385258,0.0007037416
1771,0.94100726,0.024325753,0.03203547,0.0019312844,0.0007001683
1772,0.9412301,0.024331335,0.031845246,0.0019070444,0.00068624574
1773,0.94103265,0.024381408,0.03199408,0.001906229,0.000685653
1774,0.94059944,0.024364792,0.032353517,0.0019731834,0.0007091446
1775,0.9401217,0.02479332,0.032444652,0.0019392995,0.000701125
1776,0.94021463,0.024955794,0.03216071,0.0019563555,0.00071250554
1777,0.9405567,0.024423087,0.032300133,0.0019980958,0.0007219886
1778,0.9342433,0.02828243,0.03477901,0.0019757852,0.00071946665
1779,0.90440285,0.04844455,0.043077555,0.0029205089,0.0011544301
1780,0.6827681,0.25465,0.04294205,0.013518338,0.0061215195
1781,0.37293196,0.55647963,0.024410283,0.0321624,0.014015763
1782,0.375069,0.5546337,0.02369369,0.03301867,0.013584936
1783,0.69804907,0.24075508,0.038963858,0.015672296,0.0065596714
1784,0.9044963,0.052884195,0.03749858,0.0036626246,0.0014583608
1785,0.9381625,0.02632593,0.032629795,0.0020986355,0.0007831542
1786,0.9398291,0.024985425,0.032506645,0.001964413,0.00071444304
1787,0.9399582,0.024446053,0.03289987,0.0019862491,0.0007095917
1788,0.9403372,0.023900516,0.032992825,0.0020293035,0.0007401263
1789,0.93918556,0.023833605,0.03413522,0.002084804,0.0007607457
1790,0.9393859,0.024439523,0.03343443,0.0020052243,0.00073498854
1791,0.93798584,0.024007954,0.035065405,0.002137916,0.0008030056
1792,0.9378774,0.02376729,0.035472307,0.0021029764,0.0007799051
1793,0.9377914,0.023990836,0.035328906,0.0021054065,0.0007834016
1794,0.9379228,0.024460062,0.03479806,0.002057643,0.00076145865
1795,0.93835473,0.024115162,0.034678522,0.0020870448,0.0007645999
1796,0.9384697,0.024160055,0.034483172,0.0021178175,0.00076921814
1797,0.9384991,0.024274558,0.03433734,0.00210629,0.0007827373
1798,0.93848157,0.024016574,0.03467172,0.0020684048,0.0007617074
1799,0.9377817,0.024123888,0.035161294,0.0021241934,0.0008089794
1800,0.9373311,0.024284257,0.035434157,0.0021306097,0.00081992324
1801,0.93832517,0.023671966,0.035116155,0.00209394,0.0007928131
1802,0.93835086,0.023661392,0.03511479,0.002074502,0.0007984155
1803,0.93887407,0.023792578,0.034523655,0.0020242028,0.0007854494
1804,0.9394479,0.024073316,0.033746704,0.0019830572,0.0007489459
1805,0.93972844,0.023907827,0.033602007,0.0020077468,0.000753992
1806,0.94007343,0.023813345,0.03337743,0.0019963046,0.00073947886
1807,0.9399618,0.02348805,0.033775043,0.0020199874,0.00075508346
1808,0.93872213,0.023751266,0.034701683,0.0020401203,0.0007847488
1809,0.93759876,0.023488313,0.03602177,0.002066327,0.000824784
1810,0.9373934,0.02372983,0.03601108,0.0020396996,0.0008259984
1811,0.9368037,0.023157783,0.037054483,0.0021188608,0.000865153
1812,0.93695295,0.023821898,0.03634081,0.0020510857,0.00083334674
1813,0.93762404,0.02328947,0.036167808,0.0020866122,0.0008321147
1814,0.9385182,0.023240453,0.035390176,0.0020517202,0.0007994788
1815,0.93775505,0.02312853,0.036202833,0.0020957242,0.00081791315
1816,0.9387221,0.023372628,0.035079077,0.0020319407,0.000794249
1817,0.93652886,0.02324711,0.037178792,0.0021613417,0.0008838737
1818,0.93509823,0.023560964,0.038242236,0.0021822022,0.0009163854
1819,0.9347749,0.023729311,0.038428646,0.0021479696,0.0009192072
1820,0.9353081,0.023300223,0.038396947,0.00210888,0.000885955
1821,0.93490726,0.023442788,0.03863089,0.0021269198,0.00089212065
1822,0.9361921,0.023419619,0.037377644,0.0021296863,0.00088099216
1823,0.9366257,0.02369189,0.03671507,0.0021142792,0.0008531095
1824,0.93692017,0.023591531,0.036534086,0.002107203,0.0008470864
1825,0.9371715,0.023194762,0.036684874,0.0021061918,0.0008426696
1826,0.93682903,0.023557499,0.03666066,0.0021032498,0.00084952643
1827,0.9378979,0.023629703,0.03565034,0.0020240278,0.00079806516
1828,0.8351913,0.044623785,0.10742846,0.006439416,0.006317035
1829,0.17708592,0.060273353,0.30443826,0.03921463,0.41898787
1830,0.008276072,0.022055699,0.044217907,0.026835293,0.898615
1831,0.0049220314,0.017483847,0.032101445,0.024192909,0.9212998
1832,0.004799436,0.017700888,0.028638052,0.020099591,0.92876196
1833,0.0050598737,0.017941581,0.028795497,0.018983902,0.9292192
1834,0.005060268,0.018016316,0.029873807,0.019971773,0.92707783
1835,0.004564151,0.01740337,0.030692698,0.024403112,0.9229366
1836,0.0049118144,0.018094977,0.029526405,0.02064308,0.9268237
1837,0.005004512,0.01792568,0.028857846,0.018891249,0.9293207
1838,0.004934662,0.017804414,0.029609894,0.020012699,0.9276383
1839,0.004413844,0.016983774,0.030313402,0.02456362,0.92372537
1840,0.004528661,0.017148847,0.030068217,0.02301933,0.92523503
1841,0.004297416,0.016551055,0.029771278,0.0240356,0.92534465
1842,0.004411138,0.01673411,0.029547868,0.022623323,0.92668355
1843,0.0049174055,0.017554196,0.028871493,0.019883193,0.9287737
1844,0.004942933,0.017725455,0.028226675,0.018533273,0.9305716
1845,0.0050239256,0.01825597,0.029598897,0.020053096,0.92706805
1846,0.0046855486,0.01739991,0.03139973,0.024575718,0.92193913
1847,0.004527451,0.017208846,0.030136038,0.023335084,0.9247925
1848,0.004673587,0.017174844,0.030289182,0.022710996,0.9251514
1849,0.004735086,0.017557835,0.028044466,0.019778762,0.9298839
1850,0.0048753284,0.017866703,0.028490053,0.01976607,0.92900187
1851,0.0045400425,0.017217254,0.030502792,0.024239287,0.92350066
1852,0.004473562,0.017212093,0.02972125,0.02327475,0.92531836
1853,0.0047618537,0.01739017,0.029758101,0.021326387,0.9267635
1854,0.0045225355,0.016931858,0.02991672,0.022843176,0.92578566
1855,0.004316198,0.016515553,0.029652964,0.023683527,0.9258318
1856,0.004573148,0.016934128,0.029767195,0.02238876,0.9263368
1857,0.004819655,0.017759545,0.02787424,0.019508002,0.9300385
1858,0.004958292,0.01783901,0.028983774,0.01983795,0.92838097
1859,0.00445555,0.016895942,0.030458018,0.024117514,0.924073
1860,0.0045547993,0.017061487,0.030282114,0.023170717,0.9249309
1861,0.0046008346,0.017054392,0.029407632,0.021122491,0.92781466
1862,0.0046808296,0.017344115,0.029786544,0.022088319,0.9261002
1863,0.004216398,0.016345555,0.029663146,0.024345286,0.92542964
1864,0.004564708,0.017116498,0.029754288,0.02266003,0.9259045
1865,0.004752229,0.017268708,0.028772356,0.019973988,0.92923266
1866,0.0049026744,0.017543435,0.028197289,0.018195838,0.9311608
1867,0.004621132,0.017517962,0.03076867,0.024476074,0.9226162
1868,0.004598781,0.017255427,0.030400356,0.023332916,0.9244125
1869,0.0047999555,0.017635291,0.029320462,0.020805022,0.9274392
1870,0.0043855784,0.016844796,0.029815497,0.023980005,0.92497414
1871,0.004415236,0.016893344,0.029527571,0.023246916,0.9259169
1872,0.0047238995,0.017357534,0.029457668,0.021738566,0.92672235
1873,0.0047766357,0.017438475,0.028281264,0.0196189,0.92988473
1874,0.004813025,0.017615255,0.029133018,0.0205525,0.9278862
1875,0.0048333537,0.017726846,0.02988098,0.021384986,0.9261738
1876,0.004417106,0.016909478,0.030130256,0.024222292,0.9243208
1877,0.004490424,0.017080655,0.029482901,0.022249127,0.92669696
1878,0.004893231,0.017721476,0.02887571,0.02003748,0.9284721
1879,0.0050188154,0.018049162,0.028470326,0.0189463,0.9295154
1880,0.005078365,0.018173149,0.029676577,0.019762179,0.92730975
1881,0.004584913,0.017472947,0.030851947,0.02463732,0.9224528
1882,0.004340749,0.016889632,0.02989591,0.024316536,0.92455715
1883,0.0043196524,0.016732732,0.02966272,0.023816068,0.92546886
1884,0.00424262,0.016211415,0.029783417,0.02395479,0.9258078
1885,0.0042660446,0.016434241,0.029526863,0.023698483,0.9260744
1886,0.0046698637,0.017158778,0.029088989,0.020763058,0.92831933
1887,0.004865699,0.017927287,0.028341861,0.019487722,0.92937744
1888,0.005172052,0.018377597,0.029594611,0.018964687,0.927891
1889,0.0053339684,0.018920977,0.030567648,0.019274076,0.9259033
1890,0.0053683934,0.019634383,0.030493792,0.019145066,0.9253584
1891,0.0054650228,0.019773697,0.03145191,0.019158904,0.92415047
1892,0.0055634654,0.020054385,0.03211101,0.020404471,0.9218667
1893,0.0052265534,0.019355189,0.031370815,0.02113669,0.92291075
1894,0.0047988137,0.017821083,0.032052986,0.024587288,0.92073977
1895,0.004626221,0.017406587,0.030596282,0.023410985,0.9239599
1896,0.004766291,0.017917793,0.028853087,0.020950213,0.92751265
1897,0.0047348225,0.018007534,0.028541883,0.020720921,0.9279948
1898,0.0049553993,0.018307494,0.029096084,0.020148864,0.92749214
1899,0.004918954,0.018413754,0.029674686,0.020832546,0.9261601
1900,0.00516835,0.018978722,0.02995788,0.02016446,0.92573065
1901,0.0050995313,0.018709153,0.03051309,0.020989329,0.92468894
1902,0.0045713554,0.017330179,0.031021863,0.024650536,0.92242604
1903,0.0045073745,0.017092427,0.030195013,0.023365963,0.9248392
1904,0.0047827843,0.01796338,0.028599551,0.020630168,0.9280242
1905,0.004794528,0.017844396,0.028663317,0.019972319,0.92872536
1906,0.0049595106,0.018276699,0.029458094,0.020143334,0.92716235
1907,0.0051647983,0.018877469,0.029942235,0.019886088,0.9261294
1908,0.005212108,0.019360945,0.030190839,0.019979967,0.92525613
1909,0.0052524237,0.0188998,0.03158643,0.021030767,0.9232306
1910,0.0049384036,0.018244566,0.0312158,0.02245123,0.92315
1911,0.0044693253,0.017043818,0.03056255,0.024296306,0.923628
1912,0.004255188,0.01660608,0.029624091,0.024198422,0.9253162
1913,0.0041677146,0.016305571,0.029347671,0.02405552,0.9261235
1914,0.0041336515,0.016190263,0.029287623,0.024008,0.9263804
1915,0.004140275,0.016322859,0.02919223,0.024223732,0.92612094
1916,0.0041719503,0.015917964,0.029863795,0.023778591,0.9262677
1917,0.0042126086,0.01613164,0.029726202,0.023896873,0.9260327
1918,0.004119415,0.01604557,0.029416522,0.023974264,0.92644423
1919,0.004843256,0.017346727,0.02912746,0.020044234,0.9286383
1920,0.0049318844,0.017675651,0.028102804,0.018499525,0.9307901
1921,0.0052180476,0.018156795,0.028759569,0.017241552,0.93062407
1922,0.0052124425,0.018710578,0.029968064,0.018094944,0.928014
1923,0.004906303,0.018244628,0.032495182,0.024478208,0.91987574
1924,0.0047157984,0.017385677,0.031440668,0.023435418,0.92302245
1925,0.0047272258,0.017697453,0.029586762,0.021390334,0.92659825
1926,0.0048092674,0.017767664,0.028807659,0.019749993,0.92886543
1927,0.0048977057,0.01806715,0.029522398,0.020858604,0.92665416
1928,0.0043867496,0.016866859,0.03049177,0.024875784,0.9233789
1929,0.00460808,0.01738135,0.030108273,0.022836776,0.9250655
1930,0.0047957026,0.017691052,0.029115574,0.020567706,0.9278299
1931,0.004970367,0.017695513,0.028589439,0.01834678,0.9303979
1932,0.005075799,0.01838942,0.02908979,0.01821418,0.9292308
1933,0.0053041154,0.018845377,0.031019192,0.018911239,0.92592007
1934,0.0048296237,0.018029395,0.03234473,0.024680017,0.92011625
1935,0.004745854,0.01750444,0.031281892,0.022964766,0.923503
1936,0.004919984,0.017681563,0.029528605,0.019683475,0.9281864
1937,0.0049817036,0.01811683,0.02877685,0.0194471,0.9286775
1938,0.0050991327,0.018265482,0.028807666,0.018536048,0.92929167
1939,0.00536641,0.018959817,0.029377474,0.017700894,0.9285954
1940,0.0056144157,0.019478014,0.030646255,0.017743897,0.9265174
1941,0.005582587,0.019469876,0.030552918,0.017058488,0.9273361
1942,0.0052259597,0.018754927,0.0328847,0.022336273,0.9207981
1943,0.0045551723,0.017301686,0.030963814,0.02391945,0.92325985
1944,0.004554634,0.017153343,0.03027696,0.022977442,0.9250377
1945,0.0048813303,0.017847128,0.028888479,0.020214133,0.92816895
1946,0.0047810604,0.017801132,0.02828313,0.019537427,0.9295973
1947,0.005108609,0.01822694,0.029690376,0.019023785,0.9279503
1948,0.0052299914,0.018957268,0.030099789,0.018958863,0.92675406
1949,0.0052686264,0.019150387,0.03147255,0.020549586,0.92355883
1950,0.004850484,0.018064858,0.031989746,0.024204984,0.9208899
1951,0.004736491,0.017676713,0.030230645,0.021660827,0.9256953
1952,0.004952583,0.017959097,0.029323744,0.019702382,0.92806226
1953,0.004927339,0.017996065,0.029396042,0.020114223,0.9275664
1954,0.0050092316,0.01811715,0.029176334,0.018990355,0.928707
1955,0.005196508,0.018721616,0.029522337,0.018184887,0.9283747
1956,0.0053537088,0.019348854,0.030424863,0.018874682,0.92599785
1957,0.00472884,0.017683044,0.032042865,0.024766259,0.920779
1958,0.0043124934,0.016928323,0.03013149,0.024653044,0.9239747
1959,0.00416538,0.016577942,0.029519547,0.025104797,0.9246324
1960,0.0047708796,0.018036587,0.02945114,0.022277853,0.92546356
1961,0.00503915,0.018275123,0.029088462,0.01963381,0.9279635
1962,0.0051461845,0.019159654,0.030499624,0.019239798,0.9259547
1963,0.0055103423,0.02012166,0.03332098,0.021468569,0.91957843
1964,0.004853461,0.018271057,0.033121508,0.026848761,0.9169052
1965,0.004644893,0.017311666,0.03211146,0.024734125,0.92119783
1966,0.0051547326,0.018292189,0.030799432,0.019364096,0.9263895
1967,0.005235359,0.018952422,0.03060706,0.019074382,0.9261308
1968,0.0056514833,0.019856205,0.03305135,0.01946137,0.92197955
1969,0.005078996,0.018880492,0.033688743,0.02627905,0.9160727
1970,0.004565113,0.017762678,0.031437602,0.025638035,0.9205966
1971,0.005202944,0.018917466,0.031095464,0.021872092,0.92291206
1972,0.0050340714,0.018883945,0.030096501,0.019494114,0.9264913
1973,0.005475055,0.020098679,0.03345111,0.021221742,0.9197534
1974,0.005502277,0.020147009,0.034616627,0.024385942,0.9153481
1975,0.004764921,0.01827149,0.032690465,0.0268164,0.91745675
1976,0.0046984092,0.017928028,0.031782325,0.024689255,0.92090195
1977,0.0051278477,0.018614052,0.030426811,0.020172838,0.9256585
1978,0.005219627,0.01915955,0.03074182,0.018988095,0.9258909
1979,0.005673176,0.020632578,0.03504186,0.019918168,0.91873425
1980,0.005920606,0.021011932,0.036532152,0.02370023,0.9128351
1981,0.0049787466,0.018630592,0.03370853,0.026563508,0.9161186
1982,0.0048549594,0.018330049,0.031950094,0.024151022,0.9207139
1983,0.005004713,0.018612374,0.03070213,0.020581918,0.9250989
1984,0.0053038592,0.019435406,0.031507954,0.020109195,0.9236436
1985,0.005627194,0.02088853,0.035438064,0.020997455,0.91704875
1986,0.006267839,0.022315757,0.039619982,0.02219792,0.90959847
1987,0.0065669017,0.023724766,0.044332113,0.022714127,0.90266204
1988,0.0067555103,0.023142658,0.042756416,0.02635504,0.90099037
1989,0.005132056,0.019200973,0.035322458,0.030347425,0.9099971
1990,0.004685676,0.018239317,0.03239502,0.028112972,0.91656697
1991,0.0050523416,0.019103643,0.032230787,0.025331942,0.9182813
1992,0.0053160544,0.020018417,0.03259202,0.023032593,0.919041
1993,0.0055434443,0.02089796,0.039348572,0.025421446,0.90878856
1994,0.006658218,0.024001848,0.04831866,0.027857458,0.8931638
1995,0.0073148934,0.02593237,0.057953533,0.029263915,0.87953526
1996,0.008536974,0.027909692,0.06801608,0.030933646,0.8646036
1997,0.008353166,0.026452383,0.058665115,0.030961365,0.8755679
1998,0.0060048182,0.020543894,0.040952217,0.032705177,0.8997939
1999,0.0055302987,0.01993669,0.036669377,0.027216418,0.9106472
2000,0.005632512,0.020198481,0.034161583,0.023715343,0.9162921
2001,0.0054631694,0.02018671,0.033413704,0.022332972,0.9186035
2002,0.005556969,0.020923406,0.037218574,0.02445175,0.9118493
2003,0.00632648,0.022806356,0.042987294,0.024424214,0.9034556
2004,0.0068259384,0.024635527,0.04945517,0.025759954,0.8933234
2005,0.0071611316,0.025312908,0.053886786,0.027408784,0.88623035
2006,0.007011714,0.025511354,0.055136178,0.028569633,0.8837711
2007,0.007382253,0.025730861,0.05675588,0.027736954,0.8823941
2008,0.0070427908,0.024968363,0.052240428,0.02887555,0.8868729
2009,0.006358037,0.02320955,0.044284187,0.029709866,0.8964384
2010,0.0050194836,0.019358322,0.035746504,0.032029662,0.90784603
2011,0.0048596044,0.018784124,0.03333285,0.027619753,0.91540366
2012,0.0050849565,0.019834466,0.032118116,0.024810469,0.91815203
2013,0.0052942326,0.019944806,0.03387537,0.023658914,0.9172266
2014,0.005612828,0.021249847,0.038749754,0.023853684,0.91053385
2015,0.006345723,0.023009825,0.04428018,0.025203183,0.90116113
2016,0.006789518,0.024385374,0.048755486,0.027287524,0.8927821
2017,0.007046133,0.02525695,0.052930806,0.026658649,0.8881074
2018,0.0068654283,0.02401279,0.046675317,0.031355873,0.89109063
2019,0.005120459,0.019062635,0.036725476,0.03214028,0.9069511
2020,0.005200037,0.019542549,0.034920596,0.02841698,0.9119198
2021,0.00548261,0.020421077,0.034468953,0.024459345,0.91516805
2022,0.005394284,0.0196582,0.0344272,0.026734423,0.91378593
2023,0.0045750197,0.018165415,0.031926617,0.029889489,0.9154434
2024,0.0050514434,0.019106539,0.032045055,0.025952924,0.91784406
2025,0.005240297,0.019583026,0.031482454,0.022678524,0.9210157
2026,0.0052902102,0.020001663,0.032270923,0.0230957,0.9193415
2027,0.00555499,0.021181758,0.03622237,0.023100464,0.9139405
2028,0.006193371,0.022653976,0.04042004,0.025444588,0.90528804
2029,0.006329407,0.023058934,0.04247527,0.025344808,0.9027916
2030,0.0061879624,0.022530178,0.04086406,0.026821299,0.9035965
2031,0.0051065427,0.01939236,0.035392594,0.030485211,0.9096233
2032,0.004710046,0.018358735,0.032758214,0.027273431,0.91689956
2033,0.0050801556,0.019097416,0.03234121,0.024830416,0.91865075
2034,0.0051209293,0.019881707,0.03212946,0.022592003,0.92027587
2035,0.005426096,0.020672575,0.036428556,0.025135253,0.91233754
2036,0.005748292,0.021584103,0.039087366,0.025550716,0.9080295
2037,0.0058770934,0.02235084,0.04081726,0.026380384,0.9045744
2038,0.00607617,0.023082707,0.04405792,0.026735118,0.900048
2039,0.0061047114,0.022406844,0.042725585,0.0288308,0.8999321
2040,0.005941281,0.022414753,0.04064678,0.027729964,0.9032672
2041,0.0059766164,0.023056153,0.04221244,0.028825607,0.89992917
2042,0.0063139778,0.023870468,0.04698304,0.030696051,0.8921365
2043,0.006091681,0.02223559,0.043759327,0.034463793,0.8934496
2044,0.0051408526,0.019114919,0.037774432,0.036685746,0.9012841
2045,0.0053956793,0.019811569,0.037111815,0.03166153,0.9060194
2046,0.0056463983,0.019933527,0.035322316,0.026610734,0.91248703
2047,0.005549809,0.019630032,0.033004314,0.024173096,0.9176427
2048,0.005565231,0.020008363,0.03275314,0.024245555,0.9174278
2049,0.0058542537,0.020518363,0.033350497,0.023425547,0.9168513
2050,0.005902991,0.020668818,0.03337296,0.022414124,0.9176411
2051,0.005829037,0.020339694,0.034028742,0.02281169,0.9169908
2052,0.004959832,0.018274859,0.033548392,0.029421275,0.9137957
2053,0.0049302382,0.01781871,0.03257876,0.027023807,0.91764843
2054,0.0054667573,0.018687084,0.031932756,0.024218142,0.9196952
2055,0.005563547,0.01879407,0.030376805,0.022564761,0.9227008
2056,0.005627322,0.018962992,0.029782673,0.021841878,0.9237851
2057,0.006026387,0.01949706,0.029953118,0.020327121,0.9241963
2058,0.0053842776,0.019000249,0.032073442,0.025242921,0.9182991
2059,0.004997276,0.01811064,0.031301133,0.025299158,0.9202918
2060,0.00540388,0.018581802,0.030614607,0.02277424,0.9226255
2061,0.005510289,0.018717423,0.02971487,0.021749197,0.9243082
2062,0.005621418,0.01879814,0.030046148,0.021622526,0.92391175
2063,0.00573351,0.019613476,0.03059257,0.022867674,0.92119277
2064,0.005969352,0.019921077,0.03100134,0.022078272,0.9210299
2065,0.0060742972,0.020046672,0.031248724,0.021839742,0.92079055
2066,0.0061247447,0.020037342,0.031596806,0.0220772,0.9201639
2067,0.005890635,0.019565504,0.030918492,0.021474289,0.922151
2068,0.006193676,0.02013809,0.03152753,0.02165528,0.9204854
2069,0.0061153295,0.019902356,0.031870738,0.02213867,0.9199729
2070,0.0062279194,0.020199561,0.03184191,0.022314847,0.9194158
2071,0.0061417953,0.019852374,0.032031022,0.021829234,0.9201455
2072,0.0062486897,0.02039933,0.03224375,0.022772364,0.91833586
2073,0.005434804,0.019029045,0.033109464,0.027259171,0.91516757
2074,0.0054039573,0.018925028,0.03141475,0.0245404,0.9197159
2075,0.005588614,0.019004341,0.03050569,0.022506882,0.9223945
2076,0.005594703,0.019193366,0.03018082,0.02229849,0.9227326
2077,0.020405233,0.059364635,0.032098867,0.046035524,0.84209573
2078,0.045280453,0.11252344,0.04361666,0.05651682,0.74206257
2079,0.25405997,0.22895509,0.09334191,0.05781823,0.36582485
2080,0.84849995,0.06461107,0.07050706,0.008452148,0.007929741
2081,0.94515014,0.022916662,0.02944371,0.0018482343,0.000641328
2082,0.94502467,0.023016637,0.029489603,0.0018325974,0.0006363808
2083,0.9449638,0.022931412,0.02965042,0.0018209328,0.0006334338
2084,0.9452957,0.022274405,0.02991069,0.0018733969,0.00064584904
2085,0.9455801,0.022300448,0.029662974,0.0018237772,0.000632754
2086,0.9453641,0.022278998,0.029831814,0.0018649403,0.000660199
2087,0.9450578,0.021550562,0.030837247,0.0018990095,0.0006553016
2088,0.9431915,0.021777896,0.032366477,0.0019760472,0.0006880756
2089,0.9420005,0.02185795,0.033343073,0.0020731662,0.0007253354
2090,0.9398214,0.022498684,0.03477501,0.0021548544,0.00074995036
2091,0.9380344,0.022451065,0.03633443,0.002362647,0.0008175141
2092,0.93758684,0.022600373,0.036599487,0.0023887083,0.00082468573
2093,0.9351544,0.02258807,0.03879523,0.002576745,0.00088549225
2094,0.9351623,0.02275377,0.038723238,0.0024962656,0.0008644207
2095,0.93100417,0.023238556,0.042097803,0.002698981,0.00096044876
2096,0.9318999,0.02302255,0.04162248,0.0025620454,0.0008931119
2097,0.9194581,0.029457465,0.047713097,0.002429727,0.00094168115
2098,0.91586477,0.03400081,0.046341155,0.0026605793,0.0011326554
2099,0.90937954,0.04303017,0.04262668,0.00348848,0.0014750533
2100,0.8212521,0.12292583,0.043106075,0.00894907,0.0037669572
2101,0.7462587,0.19206303,0.04137675,0.01422029,0.0060812784
2102,0.9177409,0.03971048,0.03787702,0.0034057875,0.0012657789
2103,0.9377689,0.023879712,0.035339437,0.0022614673,0.0007504526
2104,0.9341865,0.023378428,0.03927222,0.0023663605,0.0007964759
2105,0.92547786,0.02400064,0.046835322,0.0027261188,0.00096003973
2106,0.9146051,0.025586074,0.055422258,0.0032015368,0.0011850432
2107,0.9148839,0.025826836,0.054776262,0.0032851116,0.0012279822
2108,0.92233175,0.025791697,0.04793583,0.00288901,0.001051666
2109,0.9253056,0.02565837,0.04525203,0.0027838328,0.0010001089
2110,0.9275983,0.025126087,0.043583237,0.0027201774,0.000972216
2111,0.92774373,0.025101423,0.043462135,0.0027298685,0.00096272107
2112,0.92772263,0.02448581,0.04400775,0.0028036055,0.0009803072
2113,0.92702353,0.024408093,0.044900585,0.00272082,0.00094693183
2114,0.9249726,0.024236398,0.046936415,0.0028442442,0.00101029
2115,0.9217427,0.024432754,0.04974758,0.0030145962,0.001062282
2116,0.9213699,0.024708223,0.049861517,0.0029841468,0.0010761693
2117,0.92758405,0.024239995,0.044540733,0.0026798777,0.00095539127
2118,0.9266082,0.023841232,0.045753747,0.002800374,0.0009964769
2119,0.92382073,0.023986531,0.048181485,0.002945931,0.0010653305
2120,0.9254568,0.02446627,0.04639433,0.0026955206,0.0009870869
2121,0.9242711,0.024512513,0.04747929,0.002719719,0.0010173179
2122,0.9219762,0.024554087,0.049512304,0.0028730922,0.0010842569
2123,0.92405194,0.023921607,0.04810155,0.0028879624,0.001037057
2124,0.93171203,0.023483176,0.041484334,0.002458418,0.00086204655
2125,0.9281073,0.02364895,0.044661418,0.002645779,0.00093649013
2126,0.92218286,0.024473084,0.049406637,0.0028807884,0.0010566125
2127,0.9118436,0.024880262,0.058557007,0.003410462,0.0013086562
2128,0.91777694,0.024859035,0.05319363,0.0030018836,0.0011684911
2129,0.91723824,0.02520913,0.053388663,0.0029827508,0.0011811897
2130,0.92199266,0.024502221,0.049611498,0.002820081,0.0010734493
2131,0.9225984,0.024472667,0.048955802,0.0028961576,0.0010769332
2132,0.93203336,0.023745146,0.04086762,0.0024742417,0.000879613
2133,0.9339454,0.02379339,0.039058648,0.0023679766,0.0008346056
2134,0.9336172,0.023574283,0.039535552,0.0024305389,0.00084246835
2135,0.93473977,0.023443585,0.03861854,0.0023704425,0.0008277253
2136,0.9358937,0.023317846,0.03768508,0.0022963886,0.0008069196
2137,0.935899,0.02331853,0.037719913,0.0022744057,0.0007881563
2138,0.9351519,0.02324884,0.038455732,0.0023302557,0.0008133915
2139,0.93584627,0.022868924,0.03811722,0.0023545062,0.0008130323
2140,0.9349391,0.023189815,0.03869294,0.0023655423,0.0008127497
2141,0.9330592,0.023477571,0.04017802,0.0024500133,0.00083515776
2142,0.92919683,0.023141215,0.04395796,0.002760008,0.0009439956
2143,0.9245979,0.024213227,0.047286358,0.0028964272,0.0010059513
2144,0.92543936,0.024202269,0.04649626,0.002868704,0.0009933994
2145,0.9237891,0.024242222,0.04797014,0.002962366,0.0010362496
2146,0.92213756,0.02478851,0.049031697,0.0029880318,0.0010542088
2147,0.9288402,0.024618203,0.042947233,0.0026625171,0.00093172933
2148,0.93153495,0.023762766,0.041213267,0.0026001472,0.0008889543
2149,0.9336439,0.023487685,0.039552633,0.0024837868,0.00083206594
2150,0.93461657,0.023706822,0.038454745,0.0024083925,0.0008135964
2151,0.933081,0.023640556,0.039954636,0.0024920427,0.0008317928
2152,0.929956,0.02427304,0.042232428,0.0026389014,0.00089965115
2153,0.9297618,0.024307841,0.04234008,0.0026746998,0.0009155091
2154,0.93021697,0.024777682,0.04151302,0.0025990102,0.0008933369
2155,0.9206052,0.030961744,0.044898365,0.0025647127,0.00097000634
2156,0.9215937,0.032166634,0.042300865,0.00282812,0.0011106172
2157,0.9167461,0.037057962,0.041548412,0.003347344,0.0013001877
2158,0.90656966,0.04647536,0.041431263,0.0039587533,0.001564903
2159,0.9064501,0.04643784,0.041625246,0.0039513027,0.0015356139
2160,0.9319311,0.026902435,0.037784424,0.0025044936,0.00087768893
2161,0.9325813,0.024310628,0.039634548,0.0026060748,0.00086752756
2162,0.9310177,0.024595186,0.040868666,0.002631757,0.00088673265
2163,0.92875284,0.024896365,0.0426266,0.002786088,0.0009381116
2164,0.9313825,0.024152841,0.04094077,0.0026406613,0.00088339293
2165,0.9279959,0.024558416,0.043642845,0.0028528469,0.00094991433
2166,0.92962563,0.024189599,0.04251242,0.0027638108,0.0009085863
2167,0.9268925,0.024832375,0.044368014,0.0029251245,0.0009819759
2168,0.9264675,0.024709001,0.04490241,0.0029503813,0.00097076886
2169,0.9267583,0.024835568,0.04450354,0.0029241724,0.0009783743
2170,0.92711234,0.024655595,0.04436081,0.0029115183,0.0009597213
2171,0.92830247,0.024839522,0.04311752,0.002804399,0.00093611557
2172,0.9276955,0.025463238,0.04311608,0.002780334,0.0009449219
2173,0.92937404,0.02507334,0.041862216,0.0027592077,0.0009311505
2174,0.9299814,0.024857953,0.04141438,0.0028012132,0.00094511796
2175,0.9324881,0.024672166,0.039409485,0.0025771202,0.00085316086
2176,0.9304554,0.025519563,0.04055049,0.0025876367,0.00088695384
2177,0.92873484,0.025230622,0.04234786,0.002753614,0.0009331477
2178,0.9279291,0.025424143,0.042821016,0.0028480869,0.0009776679
2179,0.9290577,0.026063511,0.04118668,0.0027480116,0.0009440289
2180,0.9325217,0.025033025,0.038959753,0.002606721,0.0008787847
2181,0.9314251,0.025312927,0.0397699,0.0026045681,0.00088760763
2182,0.93240124,0.024734037,0.039408747,0.0025784336,0.0008775122
2183,0.9311439,0.02535783,0.040063143,0.002562744,0.00087238103
2184,0.93198687,0.025329826,0.03930722,0.0025024638,0.00087358267
2185,0.93363744,0.025459712,0.03766941,0.002403271,0.0008301674
2186,0.9333905,0.025915535,0.03746467,0.002393853,0.00083549845
2187,0.9330763,0.026502516,0.03714194,0.0024285251,0.0008506798
2188,0.9334233,0.026485141,0.036911003,0.0023633048,0.00081732764
2189,0.9324801,0.026569877,0.037610527,0.0024663531,0.0008731228
2190,0.9289669,0.028537001,0.039097454,0.0025034822,0.00089518836
2191,0.92529154,0.0302405,0.040753637,0.002715673,0.0009985402
2192,0.9227063,0.032612436,0.040663343,0.0029148252,0.0011030564
2193,0.92104214,0.03509605,0.03993069,0.0028434927,0.0010875398
2194,0.9119423,0.042383492,0.040948767,0.0033874477,0.0013379364
2195,0.9165189,0.0390845,0.040028673,0.003153991,0.0012139626
2196,0.92039144,0.036090292,0.039484374,0.0029289727,0.0011049153
2197,0.91724056,0.038376603,0.04010067,0.0030979712,0.0011842402
2198,0.9203819,0.035824567,0.039741103,0.0029175624,0.0011348221
2199,0.9183019,0.037076507,0.040371925,0.0030789697,0.0011707215
2200,0.9178617,0.037616715,0.04026153,0.0030773643,0.0011826904
2201,0.91887635,0.036968157,0.040026765,0.002979565,0.0011490764
2202,0.91797644,0.03776337,0.040193807,0.0029107158,0.0011556704
2203,0.91744584,0.03818009,0.039993983,0.0031511255,0.001228918
2204,0.9183954,0.037997752,0.039405655,0.0030363505,0.0011647554
2205,0.91647273,0.03914816,0.04015428,0.003045715,0.0011790856
2206,0.91823184,0.037903517,0.03969823,0.0030082993,0.0011581253
2207,0.9226046,0.034314454,0.039131824,0.0028694256,0.0010796543
2208,0.9195955,0.036747746,0.0393793,0.0030907476,0.0011867826
2209,0.9199585,0.036572885,0.039440747,0.0029163286,0.0011116099
2210,0.92780685,0.030862827,0.03768213,0.002665142,0.0009829924
2211,0.9309724,0.028516864,0.03708514,0.0025193563,0.0009061915
2212,0.93330854,0.026948938,0.036495022,0.0024081685,0.00083937304
2213,0.9349528,0.025693856,0.036107235,0.0024111944,0.0008348559
2214,0.9355596,0.024653323,0.036683965,0.002320091,0.0007830871
2215,0.935694,0.0245478,0.036680218,0.0022897627,0.00078817486
2216,0.9344663,0.024511196,0.037815563,0.0023909528,0.0008159406
2217,0.9338,0.024343127,0.038540743,0.0024714107,0.0008446552
2218,0.9346893,0.024742637,0.037380252,0.0023724393,0.00081538066
2219,0.9352618,0.025060154,0.036604617,0.0022797757,0.00079372624
2220,0.93494946,0.024964165,0.036979485,0.0023090919,0.00079780095
2221,0.9356816,0.024979768,0.03626602,0.0022799238,0.00079260033
2222,0.93666273,0.02481246,0.03546011,0.002276648,0.0007879765
2223,0.93748456,0.024449244,0.03504258,0.0022552388,0.0007682879
2224,0.93737507,0.024132192,0.035501372,0.0022344866,0.00075688475
2225,0.9374124,0.023241112,0.036289893,0.0022919432,0.0007646527
2226,0.93493676,0.023963671,0.037938874,0.002360295,0.00080048305
2227,0.9332263,0.023711197,0.039632615,0.002574695,0.00085520867
2228,0.9313836,0.023875047,0.041149963,0.0026922347,0.00089915784
2229,0.9287175,0.02424506,0.04330056,0.0028061036,0.0009307181
2230,0.92798626,0.023440093,0.044685062,0.0029321422,0.000956349
2231,0.9214254,0.024712676,0.049634837,0.0031626262,0.0010645115
2232,0.9188029,0.02462115,0.05211752,0.003338844,0.0011195929
2233,0.9191713,0.025100745,0.051351625,0.0032645755,0.0011118827
2234,0.9088445,0.02570783,0.06017364,0.0039393893,0.0013346458
2235,0.92339647,0.024305185,0.0481617,0.0031000378,0.0010365973
2236,0.92184156,0.024168165,0.049752392,0.0031864143,0.0010515312
2237,0.9223658,0.024532039,0.048900604,0.0031337743,0.0010677546
2238,0.92086786,0.024209084,0.05054598,0.0032634104,0.0011137057
2239,0.9210575,0.024760954,0.049960207,0.0031266625,0.0010946593
2240,0.9228321,0.024308307,0.048735954,0.0030518773,0.0010718221
2241,0.9273707,0.023901356,0.04495797,0.0027965459,0.00097340986
2242,0.92697126,0.02385041,0.045333475,0.0028539533,0.0009908662
2243,0.93180126,0.023660267,0.041101307,0.002556867,0.0008802665
2244,0.9309484,0.023467679,0.04201702,0.002664946,0.0009019761
2245,0.93197984,0.023263836,0.041261993,0.0026075265,0.00088686
2246,0.9329996,0.02302968,0.04058328,0.0025327427,0.00085459533
2247,0.93256056,0.02325517,0.040775537,0.00253824,0.0008704187
2248,0.9294815,0.023684632,0.04326199,0.0026585318,0.00091326487
2249,0.92764,0.023498025,0.04503577,0.002840158,0.0009859262
2250,0.9270388,0.024047265,0.0451205,0.0028166526,0.0009768428
2251,0.9271578,0.02377511,0.045266986,0.0028310579,0.00096899946
2252,0.9280688,0.023342708,0.04480178,0.002822151,0.0009644836
2253,0.9238031,0.024032585,0.048146844,0.0029961877,0.001021358
2254,0.92524254,0.02378739,0.04706741,0.0029162273,0.0009864331
2255,0.9230833,0.0240751,0.04877916,0.0030183517,0.0010440255
2256,0.9205172,0.024443988,0.050794277,0.0031520077,0.0010924715
2257,0.9226389,0.024616662,0.048617586,0.0030683863,0.0010584674
2258,0.92435974,0.02419239,0.047396626,0.0030145815,0.0010366647
2259,0.9259862,0.024602788,0.045539968,0.0028796007,0.0009914703
2260,0.9279256,0.024322916,0.04402078,0.0027898734,0.0009409171
2261,0.929242,0.023963233,0.04313691,0.0027390376,0.0009187238
2262,0.9306988,0.023631884,0.04206894,0.0026942594,0.0009060729
2263,0.931328,0.023737816,0.041410834,0.0026316026,0.0008917139
2264,0.9312268,0.023587095,0.041706875,0.0025900474,0.00088916806
2265,0.92918843,0.023594486,0.043608554,0.0026837373,0.0009247783
2266,0.9276716,0.023910532,0.044744357,0.002711811,0.00096162275
2267,0.9264028,0.023605822,0.046188243,0.0028259049,0.0009771619
2268,0.9245321,0.024254523,0.047299556,0.0028914588,0.0010223468
2269,0.92357844,0.02470676,0.04781182,0.0028971443,0.0010057456
2270,0.92815334,0.024050565,0.044117395,0.002720544,0.0009581686
2271,0.9268786,0.024456507,0.0448689,0.0028051718,0.0009908186
2272,0.9310188,0.023807159,0.04169086,0.00259793,0.0008852095
2273,0.9328584,0.023943566,0.03988947,0.0024643966,0.0008441593
2274,0.9339452,0.023603959,0.039273303,0.0023749429,0.00080247864
2275,0.9332359,0.02418829,0.039329495,0.002416412,0.0008299271
2276,0.9322989,0.024748877,0.03959464,0.0024893377,0.0008682148
2277,0.9334143,0.024476307,0.03878309,0.0024761169,0.0008502582
2278,0.93433374,0.024925278,0.037604082,0.002329312,0.00080757454
2279,0.9356446,0.024101574,0.037118908,0.0023329882,0.00080188713
2280,0.9371238,0.023498233,0.036320027,0.0022815103,0.00077654095
2281,0.9355854,0.023484364,0.0378054,0.0023418537,0.0007829112
2282,0.93550855,0.02348636,0.037871145,0.0023372194,0.0007966973
2283,0.9326796,0.023685042,0.04029358,0.0024791139,0.00086255587
2284,0.93123615,0.024077876,0.04126997,0.002529305,0.00088676444
2285,0.92994416,0.024205042,0.04228429,0.0026428266,0.0009237025
2286,0.93135816,0.024303293,0.04104385,0.0024428791,0.0008518228
2287,0.9326089,0.02369855,0.04031955,0.0025102238,0.0008628413
2288,0.9322361,0.024217242,0.040160146,0.0025112804,0.0008752624
2289,0.9339924,0.024029404,0.038745854,0.0024041666,0.00082810177
2290,0.9349369,0.023823898,0.038045548,0.002378215,0.0008155336
2291,0.93236303,0.023423415,0.04080559,0.0025384345,0.000869503
2292,0.9334508,0.023455348,0.039796896,0.002454836,0.00084210746
2293,0.9298107,0.023727858,0.042936746,0.0026213925,0.0009033421
2294,0.9296477,0.02398949,0.042848904,0.0025929525,0.0009210352
2295,0.9295467,0.024036933,0.04287861,0.002616736,0.00092095183
2296,0.93158054,0.024200534,0.04091331,0.0024501933,0.00085529767
2297,0.93341595,0.024170466,0.039201938,0.0023875593,0.000824054
