Timestamp,Face Detected,EAR Left,EAR Right,EAR Avg,Blink Rate,MAR,Head Rot X,Head Rot Y,Head Rot Z,State
1727218879.4611459,1,0.3776625710827893,0.27426753700629103,0.3259650540445401,0.0,0.0,31.935156574902162,-38.80446724767274,-0.08818511567691871,0
1727218879.4971902,1,0.37579236550738204,0.30333155119026983,0.33956195834882597,0.0,0.0,33.71159183607287,-37.838335880072755,-0.06689479915697108,0
1727218879.5537562,1,0.3716470731235832,0.3052977107459157,0.33847239193474943,0.0,0.0,31.468052053435372,-37.8473758732824,-0.0709998164223176,0
1727218879.6434686,1,0.34567498693946347,0.28510722047613957,0.31539110370780155,0.0,0.012496095580101535,33.3185070781544,-37.54098957101103,-0.07219131116050412,0
1727218879.675179,1,0.36977945249146443,0.28510722047613957,0.32744333648380197,0.0,0.0,32.80029797695975,-38.3130532889499,-0.08181165404712727,0
1727218879.7311842,1,0.3771405769548297,0.2862905627141731,0.3317155698345014,0.0,0.0,34.05775245617531,-37.906363556446415,-0.0661870705403892,0
1727218879.8228846,1,0.3771405769548297,0.2862905627141731,0.3317155698345014,0.0,0.012191496227354269,32.642851801280834,-37.4343604223989,-0.07588643708703417,0
1727218879.8663006,1,0.3771405769548297,0.2862905627141731,0.3317155698345014,0.0,0.0,33.417511146653794,-38.284695830779356,-0.0755189310199323,0
1727218879.9185178,1,0.3716470731235832,0.2862905627141731,0.3289688179188781,0.0,0.0,31.461986652005244,-37.23857888529248,-0.0696429898575507,0
1727218879.9930704,1,0.39086299477404096,0.30333155119026983,0.3470972729821554,0.0,0.0,33.45199042207319,-38.28778174312271,-0.08853899295767664,0
1727218880.0477722,1,0.3716470731235832,0.2862905627141731,0.3289688179188781,0.0,0.0,33.85840956434686,-38.21476811587359,-0.07145077344302225,0
1727218880.1021688,1,0.3716470731235832,0.28510722047613957,0.3283771467998614,0.0,0.0,32.41699230653288,-38.368573404999815,-0.0731668214375647,0
1727218880.1985908,1,0.3716470731235832,0.28510722047613957,0.3283771467998614,0.0,0.011901388973144479,31.97578559062718,-37.42943731708174,-0.06792066801798365,0
1727218880.2269657,1,0.3771405769548297,0.2942377958858743,0.335689186420352,0.0,0.0,34.61933254528723,-38.735084757105525,-0.0736667249892635,0
1727218880.2721562,1,0.3716470731235832,0.2862905627141731,0.3289688179188781,0.0,0.0,34.57353610592649,-39.27653572719923,-0.07202492774190605,0
1727218880.3432028,1,0.3583318073667782,0.28510722047613957,0.3217195139214589,0.0,0.0,33.66348043024746,-38.07469965471979,-0.06799156571259143,0
1727218880.4052675,1,0.3716470731235832,0.3021558298401992,0.3369014514818912,0.0,0.012496095580101535,33.634450875849765,-38.72850136201093,-0.07743116786410342,0
1727218880.4539967,1,0.3716470731235832,0.28510722047613957,0.3283771467998614,0.0,0.012191496227354269,34.24598149661285,-38.71007851252974,-0.071016446428875,0
1727218880.5327833,1,0.3716470731235832,0.3052977107459157,0.33847239193474943,0.0,0.030168243426191614,34.47323869196475,-38.131408277346694,-0.07913332753017177,0
1727218880.5892937,1,0.3771405769548297,0.3052977107459157,0.3412191438503727,0.0,0.0,33.3105808671431,-39.05856119439659,-0.07227631984448013,0
1727218880.6356227,1,0.3771405769548297,0.2862905627141731,0.3317155698345014,0.0,0.0,34.491874473990116,-39.53516667379916,-0.07745861393858929,0
1727218880.699442,1,0.3716470731235832,0.2862905627141731,0.3289688179188781,0.0,0.012496095580101535,33.24641971079348,-38.64609309225407,-0.07872878958434021,0
1727218880.774558,1,0.3716470731235832,0.31378581622109447,0.34271644467233886,0.0,0.012191496227354269,34.29893960764375,-38.44286453358904,-0.07503388706476014,0
1727218880.824365,1,0.3716470731235832,0.26745086886481606,0.31954897099419965,0.0,0.012496095580101535,34.85250060886625,-37.808200305649244,-0.08211535809743158,0
1727218880.8807402,1,0.3716470731235832,0.3052977107459157,0.33847239193474943,0.0,0.0,34.02236755137849,-38.07950556707087,-0.07438520519639927,0
1727218880.951335,1,0.3716470731235832,0.26745086886481606,0.31954897099419965,0.0,0.0,33.11484769617083,-37.938442985450365,-0.07510121449327015,0
1727218881.0029588,1,0.3771405769548297,0.3052977107459157,0.3412191438503727,0.0,0.012195121951219513,33.418557875003614,-37.685348931253266,-0.06792970811307843,0
1727218881.0580378,1,0.3716470731235832,0.29417420270727607,0.33291063791542963,0.0,0.0,32.97394477536893,-38.284922381698735,-0.06658693586730403,0
1727218881.126716,1,0.3197029007553438,0.28510722047613957,0.3024050606157417,0.0,0.0,32.09956371112381,-37.64452963110308,-0.07286471448548919,0
1727218881.1883798,1,0.37216146378239345,0.28510722047613957,0.3286343421292665,0.0,0.0,32.782030067502824,-38.32406296484361,-0.07315520017525136,0
1727218881.2361264,1,0.34567498693946347,0.30333155119026983,0.32450326906486665,0.0,0.0,34.06013402348449,-39.017862051295246,-0.07952274152066811,0
1727218881.2975156,1,0.3716470731235832,0.2862905627141731,0.3289688179188781,0.0,0.012191496227354269,33.22896922010837,-37.41099253404177,-0.06720546924051887,0
1727218881.3641572,1,0.3716470731235832,0.26745086886481606,0.31954897099419965,0.0,0.0,34.14445196570975,-38.38301643981918,-0.0722181323944339,0
1727218881.4413667,1,0.3716470731235832,0.3021558298401992,0.3369014514818912,0.0,0.02499219116020307,34.65168625573122,-38.72431022606595,-0.0743610712699129,0
1727218881.4852843,1,0.3716470731235832,0.2862905627141731,0.3289688179188781,0.0,0.0,34.332701373667035,-38.0799618222918,-0.07564954075703817,0
1727218881.561618,1,0.34567498693946347,0.2844468118252574,0.3150608993823604,0.0,0.0,33.967495586434374,-38.00664263454295,-0.07643901778696396,0
1727218881.6180274,1,0.3716470731235832,0.3041143685078822,0.3378807208157327,0.0,0.012191496227354269,34.599770079140136,-37.75440294222796,-0.07216840709851688,0
1727218881.6702223,1,0.37216146378239345,0.3172105188197783,0.3446859913010859,0.0,0.0,33.638908732863875,-37.21588830609009,-0.07335379910620293,0
1727218881.7241821,1,0.3716470731235832,0.26745086886481606,0.31954897099419965,0.0,0.0,32.3223250946681,-38.025304929195634,-0.07576870491510916,0
1727218881.8091717,1,0.3716470731235832,0.28510722047613957,0.3283771467998614,0.0,0.024390243902439025,32.3827851335543,-37.46046679922288,-0.06723708955871589,0
1727218881.8476007,1,0.3461534300569393,0.2862905627141731,0.3162219963855562,0.0,0.012191496227354269,31.692278805051615,-37.153514977044736,-0.07155184708773656,0
1727218881.9141474,1,0.3716470731235832,0.31378581622109447,0.34271644467233886,0.0,0.012191496227354269,33.314931772151915,-38.069540641379156,-0.07170220228050878,0
1727218881.9792037,1,0.3922322702763681,0.28510722047613957,0.33866974537625383,0.0,0.0,35.13835875617876,-38.11963270578752,-0.0791500389459526,0
1727218882.0288646,1,0.3197029007553438,0.3041143685078822,0.311908634631613,0.0,0.0,33.74973910258012,-36.92543310431451,-0.0773994402791352,0
1727218882.081789,1,0.3716470731235832,0.3021558298401992,0.3369014514818912,0.0,0.0,35.16223253577703,-38.26706519388314,-0.07562955771774163,0
1727218882.143082,1,0.3716470731235832,0.3041143685078822,0.3378807208157327,0.0,0.0,35.24178717702382,-38.62353598828771,-0.07833000187126307,0
1727218882.2127426,1,0.39026120381701424,0.3021558298401992,0.3462085168286067,0.0,0.0,34.51639387239699,-38.17617977658463,-0.07269727332702874,0
1727218882.2732,1,0.34567498693946347,0.28510722047613957,0.31539110370780155,0.0,0.0,34.69012694247575,-38.920642483851175,-0.07965153010057544,0
1727218882.3236558,1,0.34380736630734476,0.2876413591345922,0.3157243627209685,0.0,0.0,33.48616276782898,-38.21596259732834,-0.07365903026500004,0
1727218882.3971763,1,0.3716470731235832,0.3021558298401992,0.3369014514818912,0.0,0.0,34.10940803338545,-38.043128777586325,-0.07238341915197584,0
1727218882.4432778,1,0.3716470731235832,0.3021558298401992,0.3369014514818912,0.0,0.0,33.82353259366683,-38.506259498087175,-0.07387226138135172,0
1727218882.5072691,1,0.3197029007553438,0.28510722047613957,0.3024050606157417,0.0,0.012191496227354269,33.85859768812585,-37.474020460046795,-0.07279402082742971,0
1727218882.5909953,1,0.3716470731235832,0.3052977107459157,0.33847239193474943,0.0,0.0,32.61446643027574,-38.141627321289796,-0.07276935918724935,0
1727218882.6272092,1,0.3716470731235832,0.3021558298401992,0.3369014514818912,0.0,0.012191496227354269,33.76960603170266,-37.74565096612117,-0.07354415505586881,0
1727218882.6873887,1,0.307729461295393,0.3172105188197783,0.3124699900575857,0.0,0.012496095580101535,31.769477002353167,-37.475980649842214,-0.07503955244632572,0
1727218882.751245,1,0.3716470731235832,0.3162277660168379,0.3439374195702105,0.0,0.0,32.69392591262135,-37.49231921191501,-0.0683332009415044,0
1727218882.803229,1,0.32605707420630536,0.3021558298401992,0.31410645202325227,0.0,0.0,33.629807660336134,-38.136054821880165,-0.07311128095800788,0
1727218882.8800318,1,0.3716470731235832,0.2953951776051478,0.3335211253643655,0.0,0.0,33.64632925025606,-38.103194369502575,-0.07639204000963104,0
1727218882.9434667,1,0.3197029007553438,0.26745086886481606,0.29357688481007993,0.0,0.0,34.71137777669227,-38.336374397868546,-0.07144151773326143,0
1727218882.9915943,1,0.3716470731235832,0.30333155119026983,0.3374893121569265,0.0,0.0,34.668002717777654,-37.76656970535422,-0.07857444693285134,0
1727218883.0582108,1,0.3016921834310232,0.3041143685078822,0.3029032759694527,0.0,0.0125,33.34004132244626,-37.338792316382076,-0.0691406372973831,0
1727218883.1220398,1,0.3284354704859587,0.3021558298401992,0.3152956501630789,0.0,0.017246506858208478,33.486504653362836,-38.1811084422227,-0.07629985490021277,0
1727218883.1628733,1,0.3238821231969245,0.2974617061814442,0.3106719146891843,0.0,0.0,34.7462494258314,-38.5940342756393,-0.0750515112918824,0
1727218883.2299404,1,0.34380736630734476,0.3052977107459157,0.32455253852663024,0.0,0.0,32.97405933802966,-38.38752489396763,-0.07266022847220262,0
1727218883.2882571,1,0.3716470731235832,0.2862905627141731,0.3289688179188781,0.0,0.0,34.40611002453623,-39.63800279067692,-0.07897200027267076,0
1727218883.3520637,1,0.3197029007553438,0.3041143685078822,0.311908634631613,0.0,0.0,34.58208696174003,-38.15151368113086,-0.07225213524744808,0
1727218883.4197254,1,0.37216146378239345,0.2832710904751867,0.3277162771287901,0.0,0.0,33.79275843935417,-38.42490781856252,-0.0838919844235013,0
1727218883.4651468,1,0.3776625710827893,0.2864580168965587,0.33206029398967396,0.0,0.0,34.799023532899156,-39.05287590904205,-0.07385883256072676,0
1727218883.5639167,1,0.34567498693946347,0.26745086886481606,0.3065629279021398,0.0,0.0,33.373634720207626,-36.73039163938502,-0.07115731266362335,0
1727218883.5918474,1,0.3771405769548297,0.2862905627141731,0.3317155698345014,0.0,0.0,33.27411945021532,-38.00902674593661,-0.0806750230481359,0
1727218883.6467078,1,0.333113883008419,0.2760806011271723,0.30459724206779565,0.0,0.0,35.29826746830442,-38.73130215209883,-0.07457546197443311,0
1727218883.745467,1,0.3583318073667782,0.2862905627141731,0.3223111850404756,0.0,0.0,32.941401458945634,-37.50629361485031,-0.06355561673108151,0
1727218883.776269,1,0.3197029007553438,0.2862905627141731,0.30299673173475844,0.0,0.012496095580101535,33.847767429305726,-38.029884077670474,-0.07173184040831138,0
1727218883.8278027,1,0.31752794974596293,0.2876413591345922,0.3025846544402776,0.0,0.0,34.47647775399999,-37.94690876604436,-0.0752344329445471,0
1727218883.9030702,1,0.32014539633148525,0.3172105188197783,0.3186779575756318,0.0,0.0,34.830620967605824,-38.69458230711121,-0.07637286972426008,0
1727218883.95796,1,0.3960589878850869,0.2924764630245218,0.34426772545480433,0.0,0.011901388973144479,34.963834555204265,-38.04677734521797,-0.07647608512177993,0
1727218884.0202808,1,0.31752794974596293,0.2564601569065591,0.28699405332626104,0.0,0.012496095580101535,34.41887531858454,-38.13207950981149,-0.07397513468522977,0
1727218884.0845897,1,0.36977945249146443,0.26745086886481606,0.3186151606781402,0.0,0.0,34.2338803231815,-38.8547280957107,-0.07770944734374712,0
1727218884.1487765,1,0.3517766952966369,0.3021558298401992,0.32696626256841804,0.0,0.0,34.535739600297134,-38.48990384629484,-0.07503766403333044,0
1727218884.193165,1,0.307729461295393,0.3162277660168379,0.31197861365611546,0.0,0.0,33.105493048113864,-38.015747348022956,-0.07689493279246068,0
1727218884.250737,1,0.3016921834310232,0.27591921324969154,0.2888056983403574,0.0,0.0,32.87782047184834,-36.59571123167134,-0.07442646877089401,0
1727218884.3293083,1,0.3716470731235832,0.29886521108259184,0.3352561421030875,0.0,0.0,33.52182474979625,-37.87949693432893,-0.07292627233244038,0
1727218884.3824518,1,0.3461534300569393,0.3021558298401992,0.32415462994856925,0.0,0.0,32.46368777561579,-38.18960020584515,-0.07036227868998839,0
1727218884.4345999,1,0.35064619264044106,0.3159810022133457,0.33331359742689337,0.0,0.0,32.92347510754602,-38.5810252844172,-0.07214745987883216,0
1727218884.5160313,1,0.37527295632271096,0.29417420270727607,0.33472357951499354,0.0,0.012191496227354269,32.671039127698485,-37.86345568443226,-0.06956766453576492,0
1727218884.5489948,1,0.3648216135955787,0.2778868818378251,0.3213542477167019,0.0,0.0,34.01521653424975,-38.83528717994895,-0.07803093560748246,0
1727218884.6122859,1,0.3516545373573352,0.30333155119026983,0.32749304427380255,0.0,0.0,33.63591470603541,-37.785054928345005,-0.08044929260426806,0
1727218884.701088,1,0.3960589878850869,0.27456258919345766,0.3353107885392723,0.0,0.0,34.11473579940238,-38.18089899716196,-0.07587336475604016,0
1727218884.7346919,1,0.3197029007553438,0.2832710904751867,0.30148699561526526,0.0,0.0,33.90933039413799,-38.81081010870554,-0.07383644576561095,0
1727218884.7960727,1,0.3238821231969245,0.28510722047613957,0.304494671836532,0.0,0.0,32.19629588069204,-38.082683021675074,-0.07800914060921521,0
1727218884.8775854,1,0.35202916039042503,0.28578890892957864,0.31890903466000187,0.0,0.0,35.3260891353528,-37.75221216687385,-0.07806845717450558,0
1727218884.915554,1,0.3922322702763681,0.29886521108259184,0.34554874067947994,0.0,0.0,33.17165064025362,-38.105739162214235,-0.08372346590519635,0
1727218885.0022354,1,0.3771405769548297,0.2832710904751867,0.3302058337150082,0.0,0.0,34.087521693301575,-38.37729867948467,-0.07935387293924648,0
1727218885.0343676,1,0.32605707420630536,0.27313389027346113,0.29959548223988325,0.0,0.0,35.14524354937733,-38.39884670028705,-0.0783553246555372,0
1727218885.0940728,1,0.307729461295393,0.2864580168965587,0.29709373909597586,0.0,0.0,33.29118646036847,-38.18351082356126,-0.07018483012053722,0
1727218885.1806326,1,0.39026120381701424,0.30333155119026983,0.346796377503642,0.0,0.0,35.44175725893494,-39.018249559190224,-0.0809298952126322,0
1727218885.2200654,1,0.34567498693946347,0.2844468118252574,0.3150608993823604,0.0,0.0,34.04016173480353,-37.80403264900023,-0.06773194206445829,0
1727218885.2750735,1,0.32706906325745544,0.31378581622109447,0.32042743973927496,0.0,0.0,32.986820967495305,-37.856670833105056,-0.06984616534133133,0
1727218885.3713753,1,0.3461534300569393,0.2844468118252574,0.3153001209410984,0.0,0.012496095580101535,34.73554373018794,-37.90068988441793,-0.0827302698315754,0
1727218885.4021132,1,0.36977945249146443,0.28578890892957864,0.3277841807105215,0.0,0.0,34.54000961226951,-38.84891680683085,-0.07503451657272457,0
1727218885.4529176,1,0.3716470731235832,0.28510722047613957,0.3283771467998614,0.0,0.0,35.21682697921853,-38.23557495369005,-0.07209309966132599,0
1727218885.5146713,1,0.36977945249146443,0.26745086886481606,0.3186151606781402,0.0,0.0,33.00246235597271,-38.55172279273233,-0.07969006681486289,0
1727218885.5807652,1,0.39026120381701424,0.26745086886481606,0.32885603634091515,0.0,0.0,34.44708308401376,-39.08755173382502,-0.07747507691626057,0
1727218885.675016,1,0.3716470731235832,0.26610007244439693,0.3188735727839901,0.0,0.0,33.77227337821583,-38.35514290859229,-0.07117390587069905,0
1727218885.7061617,1,0.3461534300569393,0.26610007244439693,0.3061267512506681,0.0,0.0,34.942207830181246,-37.72621753003922,-0.07328357724951472,0
1727218885.7605846,1,0.3570027472320129,0.29678893206472623,0.32689583964836955,0.0,0.0,34.78419849958237,-38.342775721966206,-0.08324821060375646,0
1727218885.8104675,1,0.3238821231969245,0.28510722047613957,0.304494671836532,0.0,0.011901388973144479,33.62894511727206,-38.26132022962418,-0.06850510342654376,0
1727218885.8761866,1,0.39026120381701424,0.2832710904751867,0.3367661471461005,0.0,0.0,34.30123895032472,-38.60606244864832,-0.0774085938016762,0
1727218885.9610746,1,0.2158132119814573,0.24025467506867723,0.22803394352506728,0.0,0.0,33.91472789155689,-40.78757738644463,-0.0779176562855824,0
1727218885.9992943,1,0.1688453678043514,0.1806841145597363,0.17476474118204383,0.0,0.024382992454708537,33.4992136889684,-38.97792168144215,-0.061399430795045784,0
1727218886.0757296,1,0.28154625318573645,0.20907862834916902,0.24531244076745273,0.0,0.012191496227354269,34.541975488641285,-38.71529363582857,-0.08125375588287523,0
1727218886.1258063,1,0.32605707420630536,0.2468437088494831,0.2864503915278942,0.0,0.0,33.541613361155036,-37.90345339534592,-0.06100814855016556,0
1727218886.1965952,1,0.3197029007553438,0.26745086886481606,0.29357688481007993,0.0,0.02499219116020307,34.948019380481476,-39.11088876354413,-0.07628004222353284,0
1727218886.2436578,1,0.32605707420630536,0.26745086886481606,0.2967539715355607,0.0,0.012191496227354269,34.013803050775095,-38.1046878086936,-0.07328615538767733,0
1727218886.3055184,1,0.3583318073667782,0.2760806011271723,0.31720620424697527,0.0,0.0,34.47871727391896,-37.59154925379551,-0.07091927207826956,0
1727218886.3870487,1,0.3771405769548297,0.2778868818378251,0.3275137293963274,0.0,0.012195121951219513,34.22293774660892,-38.14404141472649,-0.07838967820718924,0
1727218886.42225,1,0.39026120381701424,0.284613187579508,0.33743719569826114,0.0,0.012191496227354269,33.92409195053566,-37.894517087178954,-0.07695081150572262,0
1727218886.4742718,1,0.3565573287837889,0.3021558298401992,0.329356579311994,0.0,0.0,34.49735632633724,-37.97208648778803,-0.07544884615287238,0
1727218886.5471683,1,0.3716470731235832,0.31378581622109447,0.34271644467233886,0.0,0.0,34.63816317510899,-38.218613708475246,-0.07341044297495751,0
1727218886.6121516,1,0.39824540947800063,0.2832710904751867,0.34075824997659365,0.0,0.012191496227354269,35.30342394782992,-37.24459108774471,-0.08059652885582103,0
1727218886.6559763,1,0.3716470731235832,0.29886521108259184,0.3352561421030875,0.0,0.0,34.3575800098401,-38.3702385222261,-0.07946629373331554,0
1727218886.7319326,1,0.3716470731235832,0.3150067911189662,0.3433269321212747,0.0,0.0,35.04440953502327,-38.52824006857703,-0.08191551259609293,0
1727218886.7924216,1,0.39769496635455753,0.3021558298401992,0.3499253980973783,0.0,0.0,35.09216668851372,-38.43970139972556,-0.0734811864075586,0
1727218886.8480773,1,0.3565573287837889,0.2955679571668545,0.3260626429753217,0.0,0.0,33.82689939225071,-36.942087754393185,-0.07646187810067089,0
1727218886.9159257,1,0.3771405769548297,0.3162277660168379,0.3466841714858338,0.0,0.0,35.500406609729886,-37.25050037062841,-0.07642665801361338,0
1727218886.9652848,1,0.39769496635455753,0.29417420270727607,0.3459345845309168,0.0,0.0,34.725965631525014,-38.97238819243186,-0.07391189414041076,0
1727218887.0420363,1,0.37216146378239345,0.3150067911189662,0.3435841274506798,0.0,0.012496095580101535,35.335671389582565,-38.10548374851329,-0.07716718887266659,0
1727218887.0831375,1,0.39824540947800063,0.3021558298401992,0.3502006196590999,0.0,0.017672147846090083,35.26306990238708,-39.105163042112345,-0.07503262803298696,0
1727218887.1589527,1,0.3716470731235832,0.30333155119026983,0.3374893121569265,0.0,0.0,34.35216354369401,-37.33840739791441,-0.08067033897148856,0
1727218887.2091866,1,0.3783331390041006,0.2962321895750116,0.3372826642895561,0.0,0.012191496227354269,35.03589112848608,-38.18940425812081,-0.06968028304578242,0
1727218887.2588444,1,0.37216146378239345,0.2832710904751867,0.3277162771287901,0.0,0.0,34.937321500670784,-38.063917382515996,-0.07588705952281781,0
1727218887.3515453,1,0.39824540947800063,0.29763569447615923,0.34794055197707996,0.0,0.0,35.37236929066296,-37.752927019012425,-0.07821051259647181,0
1727218887.3822813,1,0.40374651677839646,0.2747787395427419,0.3392626281605692,0.0,0.012191496227354269,35.25389817349591,-37.56942577962846,-0.07324231469680936,0
1727218887.4430418,1,0.39824540947800063,0.28510722047613957,0.3416763149770701,0.0,0.024382992454708537,35.61072667048918,-37.52848294013982,-0.07701523656521253,0
1727218887.500356,1,0.37579236550738204,0.2974617061814442,0.3366270358444131,0.0,0.0,35.12801584202644,-37.975498808441884,-0.07689861835357538,0
1727218887.566404,1,0.3517766952966369,0.29763569447615923,0.32470619488639807,0.0,0.012191496227354269,33.940854775744185,-38.480789983206805,-0.07598161047138405,0
1727218887.6481135,1,0.3461534300569393,0.26610007244439693,0.3061267512506681,0.0,0.012484404235973058,35.695361116200665,-39.010217032555644,-0.08565161387123627,0
1727218887.6873977,1,0.3461534300569393,0.26610007244439693,0.3061267512506681,0.0,0.0,35.25900671870781,-37.66041485449469,-0.07664821275008407,0
1727218887.7413547,1,0.32884575855409237,0.26745086886481606,0.2981483137094542,0.0,0.0,35.109792955437065,-38.02879923360551,-0.07840654812306846,0
1727218887.8192666,1,0.3461534300569393,0.27648337693667746,0.3113184034968084,0.0,0.0,35.658747483316965,-38.75462621467715,-0.08528243369069383,0
1727218887.8690686,1,0.3461534300569393,0.26610007244439693,0.3061267512506681,0.0,0.012191496227354269,34.52742936131156,-36.982189307993444,-0.07197244386432124,0
1727218887.9294128,1,0.37216146378239345,0.26745086886481606,0.31980616632360476,0.0,0.0,34.91686201713142,-38.480616140117576,-0.07860509934364132,0
1727218887.9927897,1,0.34567498693946347,0.2832710904751867,0.3144730387073251,0.0,0.012496095580101535,35.072755533614284,-38.108595885919875,-0.07083130106395169,0
1727218888.0432358,1,0.3461534300569393,0.26610007244439693,0.3061267512506681,0.0,0.0,33.422756897170686,-37.050702014675934,-0.07334091939843132,0
1727218888.1223075,1,0.3266609919029693,0.27591921324969154,0.30129010257633043,0.0,0.0,34.17686351280335,-37.540543090834156,-0.07071984760148481,0
1727218888.167438,1,0.3097959430630629,0.2832710904751867,0.2965335167691248,0.0,0.0,35.16604464434871,-38.12522473376822,-0.08455599711899235,0
1727218888.232046,1,0.3197029007553438,0.2760806011271723,0.2978917509412581,0.0,0.0,35.35437185425042,-37.5071689358275,-0.07626084378440671,0
1727218888.2965257,1,0.3266609919029693,0.2590638800754199,0.2928624359891946,0.0,0.0,36.78179123307761,-36.906880226752484,-0.07382492991329301,0
1727218888.3517327,1,0.31283195280524406,0.2924764630245218,0.30265420791488296,0.0,0.012191496227354269,35.40113166752202,-35.25391994591022,-0.0699826378643945,0
1727218888.4119468,1,0.3363363969981562,0.23801010676553563,0.28717325188184595,0.0,0.012195121951219513,34.787011548777784,-36.64902828625613,-0.06801101489610348,0
1727218888.4760766,1,0.3599094457109207,0.2577620184909895,0.3088357321009551,0.0,0.0,35.128595748001764,-35.48680121740772,-0.07700848980071846,0
1727218888.5398562,1,0.3363363969981562,0.2562190327837664,0.29627771489096133,0.0,0.012496095580101535,35.88490575493348,-36.931007199834205,-0.07036563514048665,0
1727218888.5818887,1,0.3363363969981562,0.2562190327837664,0.29627771489096133,0.0,0.012496095580101535,34.90934810390811,-36.0227029317887,-0.07608225252438032,0
1727218888.6580725,1,0.3363363969981562,0.2577620184909895,0.2970492077445729,0.0,0.012496095580101535,37.35577250390033,-36.47935436314594,-0.07609218525754376,0
1727218888.716709,1,0.3599094457109207,0.2564601569065591,0.30818480130873993,0.0,0.0,35.937541765653435,-36.83008742431231,-0.07428607910156375,0
1727218888.7827392,1,0.31283195280524406,0.2577620184909895,0.2852969856481168,0.0,0.0,35.38307290236444,-36.38465485682985,-0.07143159957051516,0
1727218888.8371577,1,0.3363363969981562,0.2577620184909895,0.2970492077445729,0.0,0.0125,34.64156519984271,-36.26967871550776,-0.07482586019417695,0
1727218888.8912423,1,0.34130795582133744,0.24860550508181417,0.2949567304515758,0.0,0.0,34.856161752443896,-34.52836617692179,-0.06944330115454635,0
1727218888.9647915,1,0.3363363969981562,0.2590638800754199,0.29770013853678806,0.0,0.024382992454708537,36.602561350136156,-37.05524245361079,-0.07305375855901707,0
1727218889.0180876,1,0.3364050015180085,0.2577620184909895,0.297083510004499,0.0,0.024382992454708537,36.07744258037345,-35.86522221510847,-0.07689616133245952,0
1727218889.0728552,1,0.321146142248975,0.27556160553482706,0.29835387389190104,0.0,0.0,34.76019278118789,-37.167945311101825,-0.0869553030290257,0
1727218889.123659,1,0.31283195280524406,0.24874368670764582,0.28078781975644496,0.0,0.0,34.50892984384195,-34.608390440279244,-0.07540062501824361,0
1727218889.197412,1,0.34130795582133744,0.23801010676553563,0.2896590312934365,0.0,0.0,33.911518955591035,-36.76217244908913,-0.07474122338835812,0
1727218889.2589035,1,0.3363363969981562,0.2590638800754199,0.29770013853678806,0.0,0.0,33.35163950767085,-36.33655155051078,-0.07865195639484783,0
1727218889.3249245,1,0.34067480706084435,0.2744279588019971,0.3075513829314207,0.0,0.012195121951219513,32.9259206428003,-35.798956541342854,-0.07651436916934144,0
1727218889.3703885,1,0.3638121402209647,0.2562190327837664,0.31001558650236555,0.0,0.0,34.12471409128666,-36.89132455068395,-0.08028237298449903,0
1727218889.4448445,1,0.18937452099807514,0.21096070690205823,0.2001676139500667,0.0,0.0,31.707910775465397,-39.95969844692335,-0.07498539908134888,0
1727218889.4908895,1,0.11516335992621968,0.15886029415790753,0.1370118270420636,0.0,0.0,32.19955759045424,-39.95700988674479,-0.07114735488181671,0
1727218889.558434,1,0.2679985157046388,0.24844372083307342,0.2582211182688561,12.0,0.0125,33.70936619330281,-38.45130567612439,-0.07350882214972725,0
1727218889.6040833,1,0.2938507082299913,0.29886521108259184,0.2963579596562916,12.0,0.0,32.336942098638836,-39.62726015871229,-0.08967866063257472,0
1727218889.6860313,1,0.37216146378239345,0.2864580168965587,0.3293097403394761,12.0,0.0,31.156118885670242,-37.90602845100547,-0.07705447875065267,0
1727218889.7418578,1,0.3716470731235832,0.28791795071974885,0.329782511921666,12.0,0.0,31.177930121595967,-37.033844182623376,-0.07730356836809976,0
1727218889.8022108,1,0.3461534300569393,0.2864580168965587,0.316305723476749,12.0,0.0125,31.32282757823227,-37.69452169507947,-0.08072184886535479,0
1727218889.8451881,1,0.3525163982158483,0.284613187579508,0.31856479289767814,12.0,0.0,30.57209350257471,-39.42704095151113,-0.083144312463377,0
1727218889.9462707,1,0.3461534300569393,0.2924764630245218,0.31931494654073056,12.0,0.0125,30.911282775860368,-38.366172700975085,-0.08710618335022388,0
1727218889.9742188,1,0.3461534300569393,0.2864580168965587,0.316305723476749,12.0,0.0,31.836514820076587,-38.97830398174942,-0.08466820518413125,0
1727218890.0261168,1,0.3583318073667782,0.2862905627141731,0.3223111850404756,12.0,0.0,31.217548236186225,-37.038395423840925,-0.06662097681999873,0
1727218890.1153636,1,0.3461534300569393,0.284613187579508,0.31538330881822363,12.0,0.02564102564102564,29.80131534472762,-38.95851681043865,-0.08203305999389307,0
1727218890.1557722,1,0.37527295632271096,0.3184400354262109,0.34685649587446094,12.0,0.0,30.280525487800297,-37.86246297397164,-0.07360129419108936,0
1727218890.216914,1,0.3716470731235832,0.30333155119026983,0.3374893121569265,12.0,0.0,30.497141758695673,-37.71622379117086,-0.07487255891640568,0
1727218890.2910633,1,0.3776625710827893,0.29886521108259184,0.33826389108269056,12.0,0.0,30.03876140126804,-37.29190797275634,-0.08114788623623821,0
1727218890.334673,1,0.3716470731235832,0.27591921324969154,0.32378314318663737,12.0,0.0,30.062758186326057,-37.59491868785392,-0.07624969408538176,0
1727218890.4054255,1,0.37579236550738204,0.3064810529839492,0.34113670924566564,12.0,0.012191496227354269,28.923492844518886,-38.12347618642996,-0.07522061935979374,0
1727218890.4472773,1,0.3716470731235832,0.32535757229699475,0.34850232271028897,12.0,0.0,31.07599245577609,-37.831431063703334,-0.07891815123334935,0
1727218890.518623,1,0.33489057830505586,0.3052977107459157,0.3200941445254858,12.0,0.012195121951219513,27.395500368509516,-36.492055132071506,-0.08025471548154142,0
1727218890.6006196,1,0.33489057830505586,0.2876413591345922,0.31126596871982404,12.0,0.0125,27.171835040699847,-36.26707203384055,-0.08918323839927536,0
1727218890.632474,1,0.3531122757732243,0.3052977107459157,0.32920499325957,12.0,0.0,25.619235210052757,-36.38119170595109,-0.0840146377018206,0
1727218890.688916,1,0.3284354704859587,0.3064810529839492,0.31745826173495395,12.0,0.0,23.121966066503607,-36.21674699680972,-0.0863814135045253,0
1727218890.7773418,1,0.34567498693946347,0.3135709557518438,0.32962297134565366,12.0,0.0,20.07232332331546,-36.08633670408597,-0.09300528421649762,0
1727218890.8193486,1,0.3461534300569393,0.29874803703758657,0.32245073354726295,12.0,0.0125,17.99349353491028,-35.495162673227235,-0.09291280583281868,0
1727218890.8769,1,0.33241387563780467,0.3232622244537026,0.3278380500457536,12.0,0.0,15.20931970644561,-36.22776425730473,-0.09712577632321401,0
1727218890.9624193,1,0.3583318073667782,0.29695970548312184,0.32764575642495003,12.0,0.0,12.943581158132316,-34.96637817915812,-0.09227514789261085,0
1727218890.9942014,1,0.3583318073667782,0.3232622244537026,0.3407970159102404,12.0,0.012496095580101535,11.351831157439635,-35.71205467353635,-0.09012944465544603,0
1727218891.056686,1,0.33241387563780467,0.3180326535490814,0.32522326459344303,12.0,0.012496095580101535,9.114481289435565,-35.47963799313758,-0.08208946898951755,0
1727218891.1099155,1,0.3481115152454097,0.3017533556470644,0.32493243544623707,12.0,0.0,7.206445238389222,-34.59435872950239,-0.06742089555334535,0
1727218891.2009346,1,0.3909079031741939,0.3242023691012812,0.35755513613773754,12.0,0.0128163003962754,5.077880769083743,-36.03918290233396,-0.07595611818910891,0
1727218891.233666,1,0.3295550900487643,0.3017533556470644,0.31565422284791433,12.0,0.0,6.047546059060506,-35.182724601426166,-0.07714453756465026,0
1727218891.29689,1,0.35250696283130506,0.2802176653136105,0.31636231407245774,12.0,0.02499219116020307,6.681563700286873,-34.95811721026549,-0.0743877451542364,0
1727218891.3836164,1,0.3702647152165745,0.30313675443913407,0.3367007348278543,12.0,0.0,5.659531098705489,-35.644678069751016,-0.07613252366014668,0
1727218891.4170165,1,0.4081088136857993,0.3278426025659407,0.36797570812587,12.0,0.0,6.779501128913193,-36.72868613023857,-0.08347146491655222,0
1727218891.4766557,1,0.4020590222213933,0.3340344656667495,0.3680467439440714,12.0,0.0128163003962754,7.060336135263542,-35.94213017602867,-0.08285122225126595,0
1727218891.5470114,1,0.3812021946573519,0.3241419213351964,0.35267205799627416,12.0,0.0,5.9989679486544345,-35.70076805427398,-0.07389591574668258,0
1727218891.6009536,1,0.39653955645041206,0.3278426025659407,0.3621910795081764,12.0,0.0,7.760243246639062,-36.467885076397955,-0.07852393452545763,0
1727218891.6550899,1,0.3514217669380822,0.3299181735877531,0.3406699702629177,12.0,0.0128163003962754,6.363309471920146,-36.642161588677155,-0.08187456190267177,0
1727218891.7139256,1,0.3812021946573519,0.3299181735877531,0.3555601841225525,12.0,0.0,8.700989032900136,-35.28393393222525,-0.08142100460323491,0
1727218891.7834575,1,0.36012780359204605,0.2854430422353522,0.32278542291369916,12.0,0.0,8.565700714052163,-35.97527688591767,-0.0838863538244451,0
1727218891.8628216,1,0.35250696283130506,0.3278426025659407,0.3401747826986229,12.0,0.0,8.816522148616718,-36.437656952910956,-0.0829178987396488,0
1727218891.8994267,1,0.3542624501695483,0.3041458676074377,0.329204158888493,12.0,0.012195121951219513,7.195998810176405,-35.01672706009509,-0.07706183443572033,0
1727218891.9592927,1,0.3371524699818665,0.339364905854808,0.33825868791833724,12.0,0.0,4.954648539683819,-37.33395728658288,-0.07268752651146715,0
1727218892.0376894,1,0.37011269141443515,0.3017533556470644,0.3359330235307498,12.0,0.0,5.0168514968601325,-36.278430696665595,-0.07281283593315084,0
1727218892.090621,1,0.3451103064173911,0.31277026881168646,0.32894028761453875,12.0,0.0,5.707341372517232,-35.840967383747646,-0.07584347668157601,0
1727218892.1338525,1,0.33057276130296026,0.3190941120626151,0.3248334366827877,12.0,0.0125,5.054852991711178,-36.79541192467253,-0.07111813734516684,0
1727218892.2115374,1,0.3451103064173911,0.32739814062340084,0.33625422352039597,12.0,0.0125,5.709767207722505,-35.520110495995624,-0.07243104047138525,0
1727218892.2705705,1,0.34627951464451867,0.31573786516665264,0.33100868990558563,12.0,0.012191496227354269,6.526167988134813,-37.463026378125846,-0.06505989127657938,0
1727218892.3158786,1,0.3401555339971933,0.3094448423442348,0.32480018817071404,12.0,0.0,5.488937712218409,-35.069396920569666,-0.06788658299325058,0
1727218892.395385,1,0.3431876713662333,0.3116938929256063,0.32744078214591976,12.0,0.0,6.514590563279316,-37.11370824964681,-0.0828152972912905,0
1727218892.4532804,1,0.32246149100786786,0.31573786516665264,0.31909967808726025,12.0,0.0,5.622191504698822,-37.03694440438551,-0.07408615391636894,0
1727218892.511658,1,0.32246149100786786,0.3333333333333333,0.3278974121706006,12.0,0.012195121951219513,5.37836538919608,-36.72362662159478,-0.07299877911923422,0
1727218892.5624025,1,0.30245440594438894,0.31277026881168646,0.3076123373780377,12.0,0.0,5.384644170371051,-36.50134087659262,-0.06828687217033,0
1727218892.639557,1,0.32246149100786786,0.3303657369783671,0.32641361399311747,12.0,0.0125,5.171346936906906,-36.941540440102,-0.07588083493522396,0
1727218892.6828222,1,0.32246149100786786,0.31277026881168646,0.31761587990977713,12.0,0.0,5.710629354503913,-35.96618745804081,-0.08159659413820898,0
1727218892.762303,1,0.32246149100786786,0.29814239699997197,0.3103019440039199,12.0,0.0,4.8986809971709,-36.548831837212624,-0.07559394984407926,0
1727218892.802916,1,0.3401555339971933,0.31573786516665264,0.32794669958192296,12.0,0.0,5.230671878140971,-36.178933714294686,-0.07284396749822385,0
1727218892.8616033,1,0.3451103064173911,0.31573786516665264,0.33042408579202187,12.0,0.0,5.114824524706205,-36.637847658580334,-0.06892715951085616,0
1727218892.9444556,1,0.3451103064173911,0.2936101097573517,0.3193602080873714,12.0,0.0,4.727656021600677,-36.171666268312975,-0.07303177174982813,0
1727218892.9846117,1,0.3451103064173911,0.31573786516665264,0.33042408579202187,12.0,0.0,6.26995734117851,-36.69930790381274,-0.07849986957407251,0
1727218893.0504892,1,0.3248236449405021,0.31241243869920104,0.31861804181985154,12.0,0.012496095580101535,7.038025566304217,-36.74502342716305,-0.0735068944118464,0
1727218893.1061995,1,0.3401555339971933,0.30496532313366387,0.32256042856542855,12.0,0.0125,5.098636075250377,-37.04297983308892,-0.07289776779210806,0
1727218893.1984243,1,0.31750671858767004,0.31241243869920104,0.31495957864343554,12.0,0.0,4.971919407496667,-36.41949648653743,-0.06859605773789713,0
1727218893.2286956,1,0.34627951464451867,0.33575600588927096,0.3410177602668948,12.0,0.01282051282051282,6.061620099845134,-36.660893913330106,-0.07974754081927113,0
1727218893.2786505,1,0.3401555339971933,0.3094448423442348,0.32480018817071404,12.0,0.0,5.650797331382705,-36.28396700978934,-0.07252032757609005,0
1727218893.3377073,1,0.3401555339971933,0.31573786516665264,0.32794669958192296,12.0,0.012195121951219513,6.294798388863278,-37.01719237522259,-0.07058747716293623,0
1727218893.412977,1,0.3431876713662333,0.3303657369783671,0.3367767041723002,12.0,0.0125,5.918354967985284,-37.027472085525616,-0.07820990865195776,0
1727218893.4675384,1,0.29981267559834457,0.27735223630351347,0.288582455950929,12.0,0.025,5.2685330740971335,-36.20650692811474,-0.07607790654583288,0
1727218893.5187063,1,0.3451103064173911,0.2948169705325204,0.31996363847495574,12.0,0.012195121951219513,5.848200445467386,-36.65353491153178,-0.07006493310926269,0
1727218893.5828273,1,0.29981267559834457,0.28668761781189944,0.293250146705122,12.0,0.024390243902439025,5.12802578846514,-36.90552876276929,-0.07785943817244931,0
1727218893.6466982,1,0.3431876713662333,0.29695970548312184,0.32007368842467754,12.0,0.0,4.554320996749005,-37.589165680634494,-0.07555832518973093,0
1727218893.737205,1,0.3326781185015782,0.29695970548312184,0.31481891199235,12.0,0.0,5.896036806765722,-35.494077309781154,-0.0645943000487219,0
1727218893.7659614,1,0.3431876713662333,0.32075539460745855,0.3319715329868459,12.0,0.012191496227354269,5.561234420080366,-37.39106799466295,-0.0816347912706668,0
1727218893.8178823,1,0.34627951464451867,0.3116938929256063,0.32898670378506245,12.0,0.012496095580101535,5.30673253354086,-35.993951828411994,-0.07303371202865762,0
1727218893.8865316,1,0.3451103064173911,0.2936101097573517,0.3193602080873714,12.0,0.012496095580101535,4.96343221343152,-37.21419010144882,-0.08069434199026675,0
1727218893.9536684,1,0.32246149100786786,0.28357267668084957,0.3030170838443587,12.0,0.012496095580101535,5.005516214818622,-36.77095943092222,-0.07800671856684598,0
1727218894.0020854,1,0.32246149100786786,0.3094448423442348,0.31595316667605133,12.0,0.0,6.450387977948506,-36.88862270622621,-0.0740038625220761,0
1727218894.093449,1,0.3680091047957925,0.3094448423442348,0.3387269735700137,12.0,0.02499219116020307,4.567351376536857,-36.653791679857534,-0.07532854896241134,0
1727218894.126384,1,0.3680091047957925,0.31622776601683794,0.34211843540631526,12.0,0.0,4.505564705135933,-35.9755686605386,-0.07583351137237403,0
1727218894.1953967,1,0.3909079031741939,0.32739814062340084,0.3591530218987974,12.0,0.0,4.519876228944536,-36.37342607926118,-0.07082396521378816,0
1727218894.2391992,1,0.3732884438274,0.3303657369783671,0.3518270904028835,12.0,0.0,4.058140762051428,-36.98535726854065,-0.0724857988933871,0
1727218894.3091993,1,0.349635167835615,0.3246512861264338,0.3371432269810244,12.0,0.0,2.2161475934211774,-36.16288609742056,-0.07787339022670924,0
1727218894.4028945,1,0.3680091047957925,0.32739814062340084,0.34770362270959665,12.0,0.0,5.605651581515709,-37.95784535575279,-0.0726836274192713,0
1727218894.4327888,1,0.3680091047957925,0.32739814062340084,0.34770362270959665,12.0,0.016831105696898524,4.425082040843481,-36.89778109505933,-0.07005616854557899,0
1727218894.4968014,1,0.3680091047957925,0.3579999591398308,0.3630045319678117,12.0,0.0125,4.002938433528468,-36.78509253221799,-0.07771066300695936,0
1727218894.5555997,1,0.3680091047957925,0.3094448423442348,0.3387269735700137,12.0,0.012496095580101535,3.3401234472125996,-37.18787196878099,-0.08438488642325437,0
1727218894.6049936,1,0.3909079031741939,0.3453760802708926,0.36814199172254325,0.0,0.0125,3.9706922278964467,-37.05387036395819,-0.08278049795013068,0
1727218894.6858277,1,0.32246149100786786,0.3303657369783671,0.32641361399311747,0.0,0.012496095580101535,4.060567739805897,-37.28564588568974,-0.07696247337007779,0
1727218894.7344453,1,0.39360614603824023,0.3453760802708926,0.3694911131545664,0.0,0.0,3.2200025519564295,-37.296561841179916,-0.080399958103733,0
1727218894.799745,1,0.3732884438274,0.34244097114858324,0.3578647074879916,0.0,0.02499219116020307,3.524302967961064,-35.96938935381594,-0.07862252381619018,0
1727218894.8553784,1,0.3680091047957925,0.3303657369783671,0.34918742088707977,0.0,0.0125,3.398171895670103,-37.303905165380755,-0.07590324106161388,0
1727218894.908293,1,0.3680091047957925,0.3303657369783671,0.34918742088707977,0.0,0.0125,6.213909512956123,-36.159630077995885,-0.07462927987995417,0
1727218894.981646,1,0.3680091047957925,0.3303657369783671,0.34918742088707977,0.0,0.0125,3.8337559882024586,-36.32487525088281,-0.07881393876509266,0
1727218895.0376835,1,0.38002866023179876,0.3303657369783671,0.3551971986050829,0.0,0.0,4.818035372193425,-38.306537994813915,-0.07612011412075531,0
1727218895.0826218,1,0.3451103064173911,0.3610760244336061,0.3530931654254986,0.0,0.012496095580101535,5.045458501070053,-37.56036614269442,-0.07741408539568619,0
1727218895.159448,1,0.3451103064173911,0.3094448423442348,0.32727757438081295,0.0,0.012191496227354269,5.536541720326424,-36.034352125394584,-0.07461218898750699,0
1727218895.2211196,1,0.2365079484806189,0.2767482527058166,0.2566281005932177,0.0,0.0125,4.550459907502688,-38.76383133142084,-0.07937827404224239,0
1727218895.2706778,1,0.12004004631571707,0.1708715315433522,0.14545578892953465,0.0,0.0,6.089978139336725,-36.38940356428054,-0.06581277145202984,0
1727218895.3261223,1,0.18950356780267952,0.23874167735055454,0.21412262257661702,0.0,0.0,4.9978429292166044,-37.1869338151584,-0.07262381512517736,0
1727218895.3926582,1,0.2784872937381329,0.26672258921455344,0.2726049414763432,0.0,0.0125,6.185122139939105,-36.24551359179155,-0.07418491043798091,0
1727218895.4684362,1,0.30864356730345177,0.29695970548312184,0.30280163639328683,0.0,0.0,5.904916799580232,-35.915481821498844,-0.07888582416571215,0
1727218895.5120106,1,0.3451103064173911,0.3150434886513764,0.33007689753438374,0.0,0.0,4.341613067177658,-34.9490544973794,-0.07554582132964834,0
1727218895.6070645,1,0.3431876713662333,0.3041458676074377,0.3236667694868355,0.0,0.012484404235973058,6.512941751638046,-35.551712888427055,-0.07627199185353079,0
1727218895.637679,1,0.3295550900487643,0.3327668409915659,0.3311609655201651,0.0,0.0,7.08678839573667,-35.64028528347782,-0.0735415859623688,0
1727218895.6881914,1,0.38873012632302,0.3041458676074377,0.34643799696522887,0.0,0.0,6.008550770671199,-34.078658311831774,-0.07912497049871965,0
1727218895.775892,1,0.3431876713662333,0.3297776760938608,0.33648267373004703,0.0,0.0,8.490296166982242,-35.07884546335791,-0.08824562115368859,0
1727218895.8122654,1,0.3401555339971933,0.3180326535490814,0.32909409377313736,0.0,0.024361276856704795,7.803224010575269,-33.46181856211417,-0.08034295081286234,0
1727218895.8700085,1,0.3431876713662333,0.33575600588927096,0.3394718386277521,0.0,0.012180638428352398,7.499687374497645,-33.76342142643649,-0.07834507594312838,0
1727218895.946943,1,0.3431876713662333,0.33575600588927096,0.3394718386277521,0.0,0.0,7.393036407040353,-33.58390581209252,-0.07599963643484625,0
1727218895.9974635,1,0.3431876713662333,0.3327668409915659,0.3379772561788996,0.0,0.012180638428352398,7.599101715622082,-33.79425884620725,-0.08355969518339483,0
1727218896.0518906,1,0.33826050234978333,0.33777797401776155,0.33801923818377244,0.0,0.0,7.405695095616772,-33.92170487015145,-0.0831346541321222,0
1727218896.1202552,1,0.3333333333333333,0.3058519033069538,0.3195926183201435,0.0,0.011891287353862351,7.012683197688422,-32.76317753272084,-0.07911720960767239,0
1727218896.173548,1,0.3713906763541037,0.33777797401776155,0.35458432518593264,0.0,0.0,7.832455189912401,-32.53897066283767,-0.07667285887453337,0
1727218896.2313442,1,0.36103172982817666,0.33777797401776155,0.3494048519229691,0.0,0.0,7.555108572381362,-32.97807733844493,-0.08656713086294048,0
1727218896.3147178,1,0.38873012632302,0.3199478892500553,0.35433900778653765,0.0,0.0,8.727296268012614,-33.93293296081646,-0.08897590984395747,0
1727218896.3521552,1,0.367248251803486,0.3212561541824582,0.3442522029929721,0.0,0.011615349838117045,8.077342242013351,-32.50793701696577,-0.07061892088687773,0
1727218896.4165835,1,0.3431876713662333,0.3535733411216873,0.34838050624396033,0.0,0.024361276856704795,7.82711762186748,-33.24287348843137,-0.07725772769305378,0
1727218896.484773,1,0.3659588988446267,0.32305816606588744,0.34450853245525703,0.0,0.0,6.372720215216869,-33.38641544166042,-0.07558207682498867,0
1727218896.5308588,1,0.3449277770016724,0.33575600588927096,0.34034189144547167,0.0,0.0,5.891717962108159,-31.618526015139192,-0.07330033352668572,0
1727218896.592132,1,0.3449277770016724,0.3327668409915659,0.33884730899661913,0.0,0.011891287353862351,7.395230726964984,-32.526844840318866,-0.08019819392302087,0
1727218896.6617773,1,0.33826050234978333,0.32305816606588744,0.3306593342078354,0.0,0.0,6.466554674247876,-33.49526024748715,-0.08008385151193999,0
1727218896.7511585,1,0.38873012632302,0.33966715486447946,0.36419864059374973,0.0,0.012180638428352398,6.426310482453847,-33.56804503938944,-0.08283696817934727,0
1727218896.7819946,1,0.3333333333333333,0.3180326535490814,0.3256829934412073,0.0,0.01681681984990781,5.646868939881671,-34.030191963090374,-0.06924235441496647,0
1727218896.8718379,1,0.38439430067803304,0.3150434886513764,0.34971889466470474,0.0,0.0,6.097380545343274,-33.713145173117965,-0.08056604782618819,0
1727218896.901512,1,0.381439001370178,0.3041458676074377,0.34279243448880786,0.0,0.012180638428352398,5.870357702936396,-34.292696680178885,-0.07545886226206032,0
1727218896.9489028,1,0.38005847503304596,0.32305816606588744,0.3515583205494667,0.0,0.011891287353862351,5.979751099708689,-32.640905800295066,-0.07072118341266523,0
1727218897.0236561,1,0.3713906763541037,0.3327668409915659,0.3520787586728348,0.0,0.0,6.008352860828829,-32.759229924026386,-0.08159717301604819,0
1727218897.0870142,1,0.381439001370178,0.3058519033069538,0.3436454523385659,0.0,0.012180638428352398,5.464845591946061,-33.56795290737696,-0.07993153448495349,0
1727218897.1410835,1,0.36103172982817666,0.3327668409915659,0.34689928540987125,0.0,0.0,4.380343272882367,-32.96302543842849,-0.06992591926470379,0
1727218897.1917522,1,0.381439001370178,0.3041458676074377,0.34279243448880786,0.0,0.0,6.411938195979347,-32.50321628986852,-0.07880794535524184,0
1727218897.2839549,1,0.3857414923312089,0.3327668409915659,0.35925416666138743,0.0,0.0,5.522186465592429,-33.49954194048314,-0.07606797194819709,0
1727218897.3132765,1,0.36103172982817666,0.3041458676074377,0.3325887987178072,0.0,0.011891287353862351,5.477739670715463,-33.3146909188441,-0.07650202156986631,0
1727218897.4144983,1,0.38873012632302,0.3212561541824582,0.3549931402527391,0.0,0.0,5.431686299800481,-33.516761963155595,-0.0763623549439036,0
1727218897.445757,1,0.36103172982817666,0.3327668409915659,0.34689928540987125,0.0,0.0,5.386866561445023,-33.70325619981381,-0.0838345345694272,0
1727218897.4921193,1,0.3857414923312089,0.340623042833965,0.363182267582587,0.0,0.023749016662636548,4.480438267454245,-33.27491893713199,-0.0816839582323589,0
1727218897.573607,1,0.3857414923312089,0.34201717636706475,0.36387933434913683,0.0,0.0,5.789840845443962,-33.862576745970586,-0.08122526609106448,0
1727218897.622773,1,0.3431876713662333,0.3212561541824582,0.33222191277434576,0.0,0.0,3.91679435693719,-33.24019531341708,-0.07442393013462581,0
1727218897.6942155,1,0.3687817782917155,0.32596012026013244,0.34737094927592393,0.0,0.0,4.668497325158574,-33.561313460008876,-0.08142158472945178,0
1727218897.7401261,1,0.38873012632302,0.33575600588927096,0.3622430661061455,0.0,0.0,5.606658006861178,-33.0758313227918,-0.07499988578831993,0
1727218897.827172,1,0.3857414923312089,0.3180326535490814,0.35188707294014515,0.0,0.0,5.006383827159108,-33.740765710087445,-0.07868017729858072,0
1727218897.8608534,1,0.38873012632302,0.3041458676074377,0.34643799696522887,0.0,0.0,6.06826163362131,-32.704378506317774,-0.08282100070632942,0
1727218897.917889,1,0.38439430067803304,0.33575600588927096,0.360075153283652,0.0,0.0,4.994295181209826,-32.851353368870434,-0.08246893413118433,0
1727218898.0119271,1,0.3687817782917155,0.3212561541824582,0.34501896623708683,0.0,0.0,5.9611498136923835,-32.266272411011165,-0.07523129371618607,0
1727218898.042534,1,0.3732884438274,0.34325762390326564,0.3582730338653328,0.0,0.0,5.811690897829209,-34.236267470749524,-0.08000890998859739,0
1727218898.0963655,1,0.3687817782917155,0.3212561541824582,0.34501896623708683,0.0,0.012180638428352398,4.4510413014411,-32.52930923093824,-0.07992503389621439,0
1727218898.1705706,1,0.349635167835615,0.3212561541824582,0.3354456610090366,0.0,0.012180638428352398,4.135970770801556,-33.139994715053604,-0.07338791939988505,0
1727218898.2547414,1,0.3687817782917155,0.33575600588927096,0.3522688920904932,0.0,0.012180638428352398,3.6552103104777256,-33.12641350652943,-0.07456279329259426,0
1727218898.2851865,1,0.38873012632302,0.3297776760938608,0.3592539012084404,0.0,0.0,3.8967771778347258,-33.78988847844211,-0.06375818790370955,0
1727218898.3525743,1,0.3659588988446267,0.32305816606588744,0.34450853245525703,0.0,0.0,3.9860583589112975,-33.83353209428974,-0.07289258395083627,0
1727218898.416017,1,0.3431876713662333,0.32305816606588744,0.33312291871606037,0.0,0.0,3.5972309227342714,-32.44219538424525,-0.06634887209042302,0
1727218898.4605827,1,0.3659588988446267,0.34788627972434144,0.35692258928448406,0.0,0.0,2.8835155469156253,-33.03944691630983,-0.07025680457696364,0
1727218898.5204294,1,0.3431876713662333,0.3508754446220465,0.34703155799413987,0.0,0.0,4.400340040235517,-33.179871555085974,-0.07304664590377076,0
1727218898.6051486,1,0.359978266119275,0.3003093012088919,0.3301437836640835,0.0,0.02870810720377016,3.4026933413294036,-31.618720967301055,-0.08482649490346209,0
1727218898.644444,1,0.3333333333333333,0.32596012026013244,0.3296467267967329,0.0,0.0,4.409804235584993,-33.14085480471003,-0.07011480283433434,0
1727218898.7403288,1,0.381439001370178,0.3535733411216873,0.36750617124593266,0.0,0.0,2.7503928891102665,-33.98016168116179,-0.06957716952086303,0
1727218898.771395,1,0.3659588988446267,0.30875385750119866,0.33735637817291264,0.0,0.0,4.250529037267311,-33.54940822344934,-0.08289396976062913,0
1727218898.81607,1,0.38840407403037064,0.32673613841194465,0.35757010622115765,0.0,0.011891287353862351,4.343609270545824,-33.22788812427416,-0.08052793031450148,0
1727218898.9153597,1,0.36314533454736414,0.3347708079643126,0.34895807125583833,0.0,0.01681681984990781,3.661605898979945,-33.82390978673454,-0.07387609773889349,0
1727218898.9431567,1,0.3659588988446267,0.3150434886513764,0.34050119374800153,0.0,0.0,4.556035582916092,-34.23391599002673,-0.07395661527743284,0
1727218898.9978025,1,0.3510993292542668,0.30211780448234904,0.3266085668683079,0.0,0.011615349838117045,3.643108989177434,-33.16691009316245,-0.07223186624268588,0
1727218899.0919034,1,0.26792196292544174,0.26413707575147666,0.2660295193384592,0.0,0.011891287353862351,4.40167277174033,-34.14400796817237,-0.07137669415861601,0
1727218899.1248071,1,0.237410183334857,0.2160052308927121,0.22670770711378455,0.0,0.0,3.63074032557039,-32.8660955725437,-0.0717140590014983,0
1727218899.1927102,1,0.15318996190976616,0.22459154462439535,0.18889075326708077,0.0,0.012180638428352398,4.387348713786971,-33.428547671892275,-0.07107295934520867,0
1727218899.2557125,1,0.12058321672014237,0.1471599502426323,0.13387158348138734,0.0,0.0,4.168515480297764,-33.80544392964083,-0.06527805679372899,0
1727218899.3100219,1,0.13468700594029479,0.13918774274184753,0.13693737434107117,0.0,0.0,4.744133652766446,-33.184829416270325,-0.06435106686003793,0
1727218899.4044914,1,0.12058321672014237,0.12425550260950656,0.12241935966482446,0.0,0.0,3.9029690517278253,-33.26513948227691,-0.0650460954790497,0
1727218899.4359863,1,0.12044673312607088,0.12403473458920844,0.12224073385763966,0.0,0.024968808471946116,5.265202487383896,-33.542552397387546,-0.06460819231827333,0
1727218899.4774914,1,0.13468700594029479,0.1379237968024615,0.13630540137137814,0.0,0.0,3.0977766249699474,-32.568259772343126,-0.06270565639596283,0
1727218899.5578544,1,0.16064877438748623,0.1642623026970212,0.1624555385422537,0.0,0.011874508331318274,3.000655857492274,-33.34013946791763,-0.06585223379080284,0
1727218899.6153007,1,0.17169291787923757,0.19123280939645143,0.1814628636378445,24.0,0.0,6.158410451644509,-33.238958088597855,-0.07026083834468139,0
1727218899.6708965,1,0.18005263846568273,0.17557590003640675,0.17781426925104474,24.0,0.0,2.934651771548057,-32.9948391625013,-0.07074188526044597,0
1727218899.7185662,1,0.18156601215240262,0.1936210917563322,0.1875935519543674,24.0,0.012180638428352398,3.423705157750176,-33.61420887135084,-0.06524403914355899,0
1727218899.7995021,1,0.15301657197088567,0.1645758803977079,0.15879622618429678,24.0,0.0,3.8383485573331395,-33.98384209556951,-0.07066906806640735,0
1727218899.8525944,1,0.17169291787923757,0.14687955630690647,0.15928623709307202,24.0,0.011891287353862351,4.218408808537092,-33.350063702976975,-0.06339339177243132,0
1727218899.901608,1,0.17169291787923757,0.15931324696929156,0.16550308242426456,24.0,0.0,5.13640424555547,-33.528706826394945,-0.06642144752797703,0
1727218899.9738765,1,0.15318996190976616,0.18107149208503706,0.1671307269974016,24.0,0.011891287353862351,4.381065965050529,-33.723297826851216,-0.06919868215933518,0
1727218900.0279078,1,0.18005263846568273,0.1642623026970212,0.17215747058135195,24.0,0.012180638428352398,4.1275893790909,-34.620007371110304,-0.07074989725268645,0
1727218900.1092687,1,0.17169291787923757,0.1867418010953289,0.17921735948728323,24.0,0.017226024063738864,5.29323742849055,-34.225593983747814,-0.07098185163906144,0
1727218900.1487956,1,0.14622678182295862,0.15261298899571232,0.14941988540933548,24.0,0.0,6.276062330053007,-33.65396234718399,-0.06652732228754851,0
1727218900.2092366,1,0.17169291787923757,0.1816450490871359,0.17666898348318674,24.0,0.0,4.202324631032668,-33.93785092175553,-0.07035422255546575,0
1727218900.261336,1,0.13468700594029479,0.14687955630690647,0.1407832811236006,24.0,0.0,5.684194757581505,-33.63600124538661,-0.0708779659575745,0
1727218900.354434,1,0.17169291787923757,0.2209961987800185,0.19634455832962805,24.0,0.011891287353862351,6.593664683785331,-34.67674886945828,-0.06913243880281308,0
1727218900.3845534,1,0.14607595477733096,0.15873624574287204,0.15240610026010148,24.0,0.011891287353862351,6.7970239900264104,-33.46462544184586,-0.06285613092696955,0
1727218900.4414551,1,0.17169291787923757,0.19296407903131546,0.18232849845527652,24.0,0.012180638428352398,5.3599566212021665,-34.865553197806285,-0.07563080681238175,0
1727218900.5161047,1,0.17149858514250882,0.1816450490871359,0.17657181711482237,24.0,0.0,6.866766998453868,-33.44766080567455,-0.0704736273993841,0
1727218900.569865,1,0.13468700594029479,0.09633760902169115,0.11551230748099298,24.0,0.012180638428352398,5.857771472623188,-35.795831934544886,-0.06745311514643973,0
1727218900.625655,1,0.10635890745287926,0.09747403576571588,0.10191647160929757,24.0,0.012180638428352398,6.116275315514509,-33.24177074915352,-0.059871828870633775,0
1727218900.698314,1,0.10635890745287926,0.09037979073588798,0.09836934909438362,24.0,0.0,6.461620644396123,-34.433335442509076,-0.06816779444059762,0
1727218900.7461922,1,0.10153461651336192,0.06289850465997608,0.082216560586669,24.0,0.0,7.474387133543013,-32.17752444034011,-0.06406121228510504,0
1727218900.8061934,1,0.10599978800063599,0.09037979073588798,0.09818978936826198,24.0,0.0,6.999180981739258,-33.41812935710181,-0.06445447983672058,0
1727218900.8829815,1,0.12004004631571707,0.07705999143709423,0.09855001887640566,24.0,0.012180638428352398,6.583090734540606,-34.18830063570914,-0.06412238195534462,0
1727218900.935625,1,0.10090091909944687,0.09037979073588798,0.09564035491766743,24.0,0.0,7.276169454446146,-33.80611355467385,-0.06886888580146044,0
1727218900.9892688,1,0.10358401177245753,0.07705999143709423,0.09032200160477588,24.0,0.011891287353862351,8.579391932331244,-32.913492888999855,-0.06314628094281578,0
1727218901.051761,1,0.10635890745287926,0.12425550260950656,0.1153072050311929,24.0,0.0,5.088118501335764,-33.64732993960649,-0.06783855667600742,0
1727218901.119227,1,0.13468700594029479,0.15931324696929156,0.14700012645479316,24.0,0.0,5.3408401602542455,-33.599697172054604,-0.06722303792020115,0
1727218901.1634917,1,0.17149858514250882,0.15873624574287204,0.16511741544269043,24.0,0.0,6.883272619194523,-33.05965828716999,-0.06687431903090924,0
1727218901.2264402,1,0.16064877438748623,0.1767593466985029,0.16870406054299458,24.0,0.012464991373605704,5.165363274606642,-34.8608751177652,-0.07250729981620765,0
1727218901.2947142,1,0.17169291787923757,0.18204385548255303,0.1768683866808953,24.0,0.012180638428352398,5.002340764014099,-33.17021156953912,-0.0625223425265794,0
1727218901.3583121,1,0.1424743840991546,0.16935905470521417,0.15591671940218438,24.0,0.0,5.875931139349925,-33.73385853037192,-0.06817125893785493,0
1727218901.4226887,1,0.1608494600052545,0.18615215074074423,0.17350080537299936,24.0,0.011891287353862351,5.679801736339849,-34.67874468942627,-0.07143027704476461,0
1727218901.4811661,1,0.1424743840991546,0.17591107546086776,0.1591927297800112,24.0,0.0,6.002745589008253,-34.18653165567389,-0.06921369760535316,0
1727218901.5388453,1,0.17149858514250882,0.16935905470521417,0.1704288199238615,24.0,0.024968808471946116,5.914508852247239,-34.34880384756785,-0.07756099347080109,0
1727218901.5984395,1,0.16064877438748623,0.153096401638099,0.15687258801279264,24.0,0.012180638428352398,5.843141587478613,-34.86078027136547,-0.0688654564005649,0
1727218901.6716928,1,0.14607595477733096,0.1767593466985029,0.16141765073791692,24.0,0.012180638428352398,5.2960404751475565,-34.41482621175728,-0.06454309220136102,0
1727218901.7130666,1,0.17169291787923757,0.19916724605875322,0.1854300819689954,24.0,0.0,5.650748013471787,-34.393734798570506,-0.06667271411970291,0
1727218901.798695,1,0.17169291787923757,0.14687955630690647,0.15928623709307202,24.0,0.012180638428352398,4.561234243045164,-33.892161437293254,-0.06819689074743897,0
1727218901.83202,1,0.19210820002413367,0.2079121770104234,0.20001018851727853,24.0,0.024361276856704795,6.268065397726651,-35.27297704038156,-0.0686717609739535,0
1727218901.8904467,1,0.29129017534460905,0.23281009858985943,0.2620501369672342,24.0,0.023782574707724703,4.996651724626876,-34.95773533158105,-0.08022233821063633,0
1727218901.9739518,1,0.3089060198001263,0.28442019684845127,0.29666310832428877,24.0,0.0,4.790846986238085,-33.82916327462956,-0.07397768872247282,0
1727218902.0156682,1,0.3680091047957925,0.33575600588927096,0.35188255534253177,24.0,0.017226024063738864,3.1401809334524766,-33.59387350598056,-0.07444804368406886,0
1727218902.0792668,1,0.3732884438274,0.33575600588927096,0.3545222248583355,24.0,0.012484404235973058,4.465545287638161,-34.36679131059175,-0.07446136624281281,0
1727218902.1377223,1,0.3295550900487643,0.3241419213351964,0.3268485056919804,24.0,0.0,3.9032709906776217,-33.54712676459288,-0.07403768323439885,0
1727218902.2251103,1,0.3713906763541037,0.3241419213351964,0.34776629884465005,24.0,0.0,2.1461967036598457,-34.19834672294044,-0.07253270178060435,0
1727218902.2554595,1,0.3857414923312089,0.3241419213351964,0.3549417068332027,24.0,0.0,3.774221430836136,-34.02477821501118,-0.07551517812242449,0
1727218902.3106077,1,0.3680091047957925,0.33763387793625993,0.35282149136602625,24.0,0.011891287353862351,3.083820794770417,-34.025792970125536,-0.06481476154306665,0
1727218902.3940392,1,0.383863585054092,0.3180326535490814,0.3509481193015867,24.0,0.0,4.533244499029366,-35.05334609402601,-0.08288485214194033,0
1727218902.441691,1,0.3431876713662333,0.291547594742265,0.31736763305424914,24.0,0.024361276856704795,3.9503108607457866,-34.4927340621492,-0.07884929061019139,0
1727218902.4887772,1,0.349635167835615,0.3241419213351964,0.33688854458540574,24.0,0.011615349838117045,3.629685090351046,-33.91462493259395,-0.06649962638838425,0
1727218902.5649586,1,0.32787965931712626,0.33777797401776155,0.3328288166674439,24.0,0.0,1.8754606173027737,-34.68078530594568,-0.07767965765218687,0
1727218902.6400402,1,0.3713906763541037,0.3535733411216873,0.3624820087378955,24.0,0.023782574707724703,3.716142053901268,-34.475678318353104,-0.07351203493385779,0
1727218902.6781926,1,0.349635167835615,0.32884060335068,0.3392378855931475,24.0,0.012180638428352398,2.111469653485552,-33.99352688942074,-0.07348889975313254,0
1727218902.7440486,1,0.3687817782917155,0.32596012026013244,0.34737094927592393,24.0,0.011891287353862351,2.3182244571938013,-34.626735399266856,-0.07919001266100952,0
1727218902.8048072,1,0.349635167835615,0.33575600588927096,0.34269558686244295,24.0,0.0,4.766693303512729,-33.992707167940154,-0.06889082992462905,0
1727218902.8522093,1,0.32787965931712626,0.3212561541824582,0.3245679067497922,24.0,0.0,4.070796416387134,-33.64165843482762,-0.0763140920843942,0
1727218902.924833,1,0.349635167835615,0.3327668409915659,0.34120100441359047,24.0,0.0,2.752146631067871,-33.89740358101002,-0.07423455757667428,0
1727218902.997104,1,0.3687817782917155,0.33575600588927096,0.3522688920904932,24.0,0.011874508331318274,3.168542419533348,-35.15897372472799,-0.07365325869425263,0
1727218903.040698,1,0.3713906763541037,0.3212561541824582,0.3463234152682809,24.0,0.012162606385262998,4.644929019750474,-33.94080843294542,-0.07311321912682181,0
1727218903.119624,1,0.3659588988446267,0.3327668409915659,0.3493628699180963,24.0,0.0,3.494602762261043,-34.53777027155472,-0.07311774132092537,0
1727218903.1591754,1,0.3713906763541037,0.3041458676074377,0.33776827198077075,24.0,0.0,4.2382769104911056,-33.792995186442774,-0.07399747952216582,0
1727218903.2196934,1,0.3857414923312089,0.3041458676074377,0.3449436799693233,24.0,0.0,3.066066008297369,-34.67107995761508,-0.07479302743252855,0
1727218903.2947922,1,0.3857414923312089,0.3180326535490814,0.35188707294014515,24.0,0.0,3.994769521182633,-34.68367313376439,-0.08067795045793959,0
1727218903.3343947,1,0.3857414923312089,0.3535733411216873,0.36965741672644814,24.0,0.0,5.39281466361921,-34.531003433556485,-0.08301070063559514,0
1727218903.3953063,1,0.38873012632302,0.3327668409915659,0.36074848365729295,24.0,0.011891287353862351,3.625933333528999,-34.426252675290726,-0.07882712266272537,0
1727218903.4779015,1,0.3431876713662333,0.3041458676074377,0.3236667694868355,24.0,0.0,2.1903548102460193,-33.671442281988234,-0.07212781633536904,0
1727218903.520358,1,0.4073359843566113,0.3212561541824582,0.36429606926953473,24.0,0.011891287353862351,2.914398149548137,-34.42968822641032,-0.07069178973582915,0
1727218903.575815,1,0.41167181000159825,0.3212561541824582,0.36646398209202824,24.0,0.0,3.6261459912405325,-35.22713647666194,-0.0772882911640502,0
1727218903.6731837,1,0.39270656499140155,0.3535733411216873,0.37313995305654446,24.0,0.0,3.4822847991957016,-33.82648519355945,-0.08370541038074544,0
1727218903.7018821,1,0.38439430067803304,0.3427160082315071,0.36355515445477005,24.0,0.012180638428352398,3.815379022704402,-33.53629859586097,-0.07695694954935677,0
1727218903.7526793,1,0.40420430485327274,0.3559393843988394,0.38007184462605603,24.0,0.011874508331318274,2.6744791751041004,-34.84596826185843,-0.07829682869765947,0
1727218903.8269792,1,0.39270656499140155,0.3508754446220465,0.371791004806724,24.0,0.0,5.132609703422304,-33.64409507835048,-0.07651189980886028,0
1727218903.8716252,1,0.3857414923312089,0.3559393843988394,0.3708404383650241,24.0,0.024361276856704795,3.8066193585247254,-34.86780477827776,-0.07912497049871965,0
1727218903.9461243,1,0.3857414923312089,0.3559393843988394,0.3708404383650241,24.0,0.012162606385262998,4.419660447838855,-34.337109779156776,-0.07722042387685275,0
1727218904.019609,1,0.38873012632302,0.3508754446220465,0.36980278547253326,24.0,0.0,4.967336259980726,-34.24221355810163,-0.08226994752122344,0
1727218904.0616739,1,0.40430377003132,0.3559393843988394,0.38012157721507966,24.0,0.012484404235973058,4.566282167965906,-34.331783571087946,-0.08316987322039228,0
1727218904.1205814,1,0.3857414923312089,0.3559393843988394,0.3708404383650241,24.0,0.0,3.398797686056459,-34.672062923311195,-0.07759630741849119,0
1727218904.1925201,1,0.40430377003132,0.36280279390366793,0.38355328196749394,24.0,0.0,4.4144074137128335,-35.423534225516185,-0.07973510150717836,0
1727218904.236037,1,0.41167181000159825,0.3535733411216873,0.3826225755616428,24.0,0.012180638428352398,4.252214491613218,-34.960245317933165,-0.07743299790505893,0
1727218904.2990482,1,0.40850679581430366,0.3460416218701026,0.37727420884220314,24.0,0.012484404235973058,4.47642798399138,-34.194806188358044,-0.0808399633461791,0
1727218904.3779144,1,0.3857414923312089,0.36280279390366793,0.3742721431174384,24.0,0.0,5.205428344155943,-33.806277168914896,-0.08164983371962929,0
1727218904.4215796,1,0.3857414923312089,0.37139067635410367,0.37856608434265626,24.0,0.0,4.74270693093653,-34.692568438116766,-0.07743909772923398,0
1727218904.4852674,1,0.40430377003132,0.3559393843988394,0.38012157721507966,24.0,0.0,5.284583181691555,-34.90376328595413,-0.08471895697737528,0
1727218904.5334868,1,0.40430377003132,0.33873836587941675,0.3715210679553684,24.0,0.02870810720377016,3.740744719785582,-34.606917857902715,-0.07232858322050495,0
1727218904.59898,1,0.3687817782917155,0.33873836587941675,0.35376007208556615,24.0,0.0,4.04212612679826,-35.1014727535278,-0.07983337841241389,0
1727218904.6654208,1,0.3687817782917155,0.34134293985461905,0.3550623590731673,96.0,0.0,5.117411936452292,-34.502619121527964,-0.07859909000917714,4
1727218904.7192066,1,0.4318130187620133,0.3212561541824582,0.3765345864722357,96.0,0.0,3.491101260930367,-35.425368137549086,-0.07883431295031333,4
1727218904.8175108,1,0.42726506110472234,0.34134293985461905,0.3843040004796707,96.0,0.0,5.17454327498453,-35.19674164080416,-0.07999710177536119,4
1727218904.84924,1,0.4073359843566113,0.3508754446220465,0.3791057144893289,96.0,0.017200522903844537,4.376600132342304,-35.06903214712237,-0.07953580792686757,4
1727218904.9318764,1,0.38873012632302,0.3535733411216873,0.37115173372235366,96.0,0.0,4.772023512407814,-34.934954404258555,-0.07644457903300589,4
1727218904.9591672,1,0.3431876713662333,0.3535733411216873,0.34838050624396033,96.0,0.012484404235973058,6.309258026414161,-34.30746046297054,-0.07957736858209438,4
1727218905.017836,1,0.12803687993289598,0.10095089302501375,0.11449388647895486,96.0,0.012496095580101535,8.625728352621007,-35.51089638280946,-0.06844232968893776,4
1727218905.1026266,1,0.09984507974857616,0.055794275474134306,0.07781967761135523,96.0,0.0,7.954740406884254,-34.32774975042331,-0.06558270141204506,4
1727218905.1445184,1,0.08493173674701406,0.06896551724137931,0.07694862699419669,96.0,0.0,8.316899010775233,-34.64272397189746,-0.06691033162276266,4
1727218905.1979272,1,0.07627485370902458,0.06293588861849801,0.0696053711637613,96.0,0.0,7.304076128978939,-33.76013994012598,-0.059245296696263765,4
1727218905.2960246,1,0.09984507974857616,0.07303565478447914,0.08644036726652765,96.0,0.0,7.274636442935773,-34.47267071238308,-0.0668446470341887,4
1727218905.3272357,1,0.09428090415820634,0.06896551724137931,0.08162321069979282,96.0,0.0,8.689965418065867,-34.8479166748649,-0.06632110166994104,4
1727218905.3813791,1,0.09428090415820634,0.05886575107539819,0.07657332761680226,96.0,0.0,8.66616321755318,-33.21304827814526,-0.06592320647172094,4
1727218905.4398487,1,0.09428090415820634,0.05886575107539819,0.07657332761680226,96.0,0.0,7.892539758297634,-34.464563660104176,-0.06410175292828375,4
1727218905.519448,1,0.10537612944674757,0.07453559924999299,0.08995586434837027,96.0,0.012496095580101535,8.25934076215063,-34.09449358304019,-0.06632252607693147,4
1727218905.574872,1,0.09480909262799544,0.07303565478447914,0.08392237370623729,96.0,0.0,7.523406410864605,-34.83542158569335,-0.0728621214351508,4
1727218905.6248353,1,0.07071067811865475,0.05172413793103448,0.06121740802484461,96.0,0.0,8.618519176549682,-35.04356317571252,-0.06357419405270193,4
1727218905.7082448,1,0.09480909262799544,0.058830784781207845,0.07681993870460165,96.0,0.0128163003962754,9.148791381744722,-33.10189262991962,-0.07077059070108119,4
1727218905.7453825,1,0.09428090415820634,0.05172413793103448,0.0730025210446204,96.0,0.0,8.165775160907765,-35.171981808886784,-0.06976902835631663,4
1727218905.811105,1,0.09984507974857616,0.055794275474134306,0.07781967761135523,96.0,0.012496095580101535,8.79459457487956,-33.46040174672702,-0.07009593738120068,4
1727218905.8733213,1,0.07110681947099658,0.07303565478447914,0.07207123712773786,96.0,0.012496095580101535,8.94466939398966,-35.00686482445758,-0.07231029533570678,4
1727218905.9324303,1,0.09480909262799544,0.06293588861849801,0.07887249062324672,96.0,0.0,7.931909883831708,-35.22019349416678,-0.06645201930483122,4
1727218905.990995,1,0.09480909262799544,0.072992271558326,0.08390068209316072,96.0,0.0,8.40976378815605,-36.455101514052245,-0.06635883812458972,4
1727218906.0449047,1,0.04740454631399772,0.058830784781207845,0.053117665547602784,96.0,0.012803687993289598,9.549861461279573,-34.726977001431635,-0.07186736112419209,4
1727218906.1056907,1,0.09428090415820634,0.05690355937288492,0.07559223176554562,96.0,0.0,8.411015784751664,-34.07587622830981,-0.06640793458511661,4
1727218906.1833177,1,0.09480909262799544,0.05886575107539819,0.07683742185169681,96.0,0.0,8.62106193532999,-33.84453260566396,-0.06796307650910442,4
1727218906.2291327,1,0.07462778926574919,0.055794275474134306,0.06521103236994175,96.0,0.0,9.566179315045957,-34.27525633837917,-0.06957377503239577,4
1727218906.2808185,1,0.07462778926574919,0.07303565478447914,0.07383172202511416,96.0,0.0,9.547082952954115,-35.136614821445946,-0.07103839207646905,4
1727218906.3457808,1,0.09950371902099892,0.04162437176505336,0.07056404539302613,96.0,0.012782749814122842,10.609635997028521,-35.63153596646805,-0.07286147315814692,4
1727218906.4057727,1,0.10540925533894598,0.056871972604215754,0.08114061397158087,96.0,0.0,9.47034910399459,-34.96299755992689,-0.06717313086416755,4
1727218906.460328,1,0.05968758888546071,0.0577869281696391,0.05873725852754991,96.0,0.0,8.421392867148018,-35.167589982402625,-0.0689436043470472,4
1727218906.5245404,1,0.09480909262799544,0.0577869281696391,0.07629801039881727,96.0,0.0,8.936990781492915,-34.27519646001147,-0.07038979685945151,4
1727218906.587553,1,0.08000663158256324,0.04159964686131841,0.060803139221940826,96.0,0.0,9.943744170889827,-35.533451100181075,-0.0702978037632677,4
1727218906.6853764,1,0.09984507974857616,0.055794275474134306,0.07781967761135523,96.0,0.012484404235973058,9.081434289108772,-35.09848304188613,-0.0655985445579247,4
1727218906.716727,1,0.10040444031431572,0.055794275474134306,0.07809935789422501,96.0,0.0,8.889264777505382,-33.9610013940509,-0.06881124918274256,4
1727218906.7612176,1,0.10040444031431572,0.06518359892630152,0.08279401962030862,96.0,0.0,9.41837838567986,-36.164407614846475,-0.06860500883681747,4
1727218906.835212,1,0.07462778926574919,0.04162437176505336,0.058126080515401274,96.0,0.012180638428352398,7.494915589996535,-36.440606497803124,-0.06747621972505366,4
1727218906.886028,1,0.09950371902099892,0.055794275474134306,0.0776489972475666,96.0,0.0,10.493519643289044,-36.76918129527189,-0.07721063628565708,4
1727218906.9515686,1,0.07627485370902458,0.055794275474134306,0.06603456459157944,96.0,0.0,7.929838310865516,-33.95154442443975,-0.07112411463592151,4
1727218907.003323,1,0.07110681947099658,0.072992271558326,0.07204954551466128,96.0,0.012484404235973058,8.131418660063115,-35.03749151440856,-0.07116395041073564,4
1727218907.0773568,1,0.09480909262799544,0.05886575107539819,0.07683742185169681,96.0,0.017655613788661217,8.04389348893657,-36.72069890952573,-0.07282062007214392,4
1727218907.1446393,1,0.09480909262799544,0.05353729576861872,0.07417319419830709,96.0,0.012484404235973058,8.439181449546565,-35.53276131954024,-0.07149505203656491,4
1727218907.1901157,1,0.09480909262799544,0.07559587473579359,0.08520248368189451,96.0,0.0,8.427152765151257,-36.3667640269866,-0.06894634477173812,4
1727218907.2663288,1,0.04740454631399772,0.06096809932809098,0.05418632282104435,96.0,0.0,8.106179740584114,-34.87097187029902,-0.06755038097187469,4
1727218907.3112144,1,0.09480909262799544,0.055794275474134306,0.07530168405106488,96.0,0.0,7.682435709201098,-34.70492853230112,-0.06711685309719656,4
1727218907.3663619,1,0.10040444031431572,0.055794275474134306,0.07809935789422501,96.0,0.0,7.855351380099367,-35.155736108923755,-0.06711263036224158,4
1727218907.4602962,1,0.09480909262799544,0.05172413793103448,0.07326661527951496,96.0,0.0,7.181208674668634,-34.4740179059486,-0.06426365975140615,4
1727218907.491695,1,0.10473004040427068,0.055794275474134306,0.0802621579392025,96.0,0.0,8.057056797356847,-35.0025869906385,-0.06423792914399588,4
1727218907.549934,1,0.10040444031431572,0.05172413793103448,0.0760642891226751,96.0,0.0,7.432026395857216,-35.09024809172477,-0.0736115616916804,4
1727218907.6347115,1,0.08493173674701406,0.055794275474134306,0.07036300611057418,96.0,0.012484404235973058,8.735133393271697,-35.94553165298792,-0.07264202408030983,4
1727218907.672119,1,0.09480909262799544,0.055794275474134306,0.07530168405106488,96.0,0.0,7.047268738755674,-35.45116751589064,-0.0669173906426503,4
1727218907.7263353,1,0.09480909262799544,0.07559587473579359,0.08520248368189451,96.0,0.012803687993289598,8.486053735658503,-36.104237007332245,-0.0708272997853255,4
1727218907.8277383,1,0.05464315649385362,0.07303565478447914,0.06383940563916637,96.0,0.012484404235973058,6.920332365802373,-35.398689370860446,-0.06407153415528209,4
1727218907.858154,1,0.10599978800063599,0.07303565478447914,0.08951772139255756,96.0,0.0,5.971831751441971,-34.674043415269466,-0.066576294500122,4
1727218907.909656,1,0.10040444031431572,0.072992271558326,0.08669835593632086,96.0,0.0,5.118428078263586,-35.16579669086796,-0.06125077579658013,4
1727218907.9889874,1,0.045267873021259265,0.07564407102678196,0.060455972024020616,96.0,0.011901388973144479,6.5330091216950965,-34.416862370260986,-0.05631123354500931,4
1727218908.0339196,1,0.08092462247169727,0.07060113295832983,0.07576287771501355,96.0,0.012496095580101535,7.0180909779885745,-36.43808233572112,-0.06850165581360032,4
1727218908.1051853,1,0.09480909262799544,0.06289850465997608,0.07885379864398576,96.0,0.0,5.077247028361992,-35.33710922541648,-0.06798739730654384,4
1727218908.1593974,1,0.09984507974857616,0.0577869281696391,0.07881600395910764,96.0,0.025607375986579195,7.810436266520164,-35.59812282722918,-0.07514145627217578,4
1727218908.2153826,1,0.09513029883089881,0.07449422505904478,0.0848122619449718,96.0,0.0,5.333234393974821,-36.38009382534942,-0.06902645406113049,4
1727218908.273399,1,0.08262024061940625,0.06289850465997608,0.07275937263969116,96.0,0.012484404235973058,5.963441910389442,-35.11435911434782,-0.0658393214473173,4
1727218908.3404083,1,0.09480909262799544,0.055794275474134306,0.07530168405106488,96.0,0.017655613788661217,4.765876706663077,-36.04959428823187,-0.0656043047532738,4
1727218908.4276755,1,0.09053574604251853,0.07060113295832983,0.08056843950042418,96.0,0.012484404235973058,4.808371230134629,-34.997980943205285,-0.06662806649606304,4
1727218908.456319,1,0.09513029883089881,0.05690355937288492,0.07601692910189187,96.0,0.012180638428352398,5.799073858612399,-35.55808981346569,-0.06803254143505354,4
1727218908.5204594,1,0.09480909262799544,0.053904527645841624,0.07435681013691853,96.0,0.012180638428352398,6.346253691773718,-35.07069425492814,-0.06978527480716608,4
1727218908.607913,1,0.09428090415820634,0.07303565478447914,0.08365827947134274,96.0,0.024968808471946116,6.768731274659868,-34.932359205455896,-0.06313431150194194,4
1727218908.6380465,1,0.08092462247169727,0.09027703409482396,0.08560082828326061,96.0,0.012803687993289598,5.792779292061963,-35.43791159716378,-0.07043675425362655,4
1727218908.6924179,1,0.07110681947099658,0.07060113295832983,0.0708539762146632,96.0,0.012484404235973058,5.7706927049278836,-34.3477956443043,-0.06984413651211316,4
1727218908.7750947,1,0.07110681947099658,0.06666666666666667,0.06888674306883162,96.0,0.012180638428352398,6.35518448817367,-34.796852918823774,-0.06889425806248776,4
1727218908.8159661,1,0.09587889365744151,0.06083802566454808,0.07835845966099479,96.0,0.0,5.319351893514299,-35.03581276553406,-0.07104304634232145,4
1727218908.8763897,1,0.09480909262799544,0.06666666666666667,0.08073787964733106,96.0,0.012803687993289598,7.81815618179208,-36.07610204040067,-0.07817547610213535,4
1727218908.9537208,1,0.07110681947099658,0.07303565478447914,0.07207123712773786,96.0,0.012484404235973058,6.711216761652792,-34.90928515248695,-0.06978865900838174,4
1727218909.0144508,1,0.07670216715731686,0.07710579232757896,0.0769039797424479,96.0,0.0,4.484245096664078,-35.065016728314376,-0.07412949555662873,4
1727218909.0513182,1,0.0679018095318889,0.07453559924999299,0.07121870439094094,96.0,0.024968808471946116,7.256528795497741,-35.696892041507915,-0.07063965270399736,4
1727218909.1297998,1,0.09428090415820634,0.06662966046527696,0.08045528231174165,96.0,0.012496095580101535,7.4541991415459705,-36.20656573243851,-0.07801398446836759,4
1727218909.1853414,1,0.07110681947099658,0.07060113295832983,0.0708539762146632,96.0,0.0,7.425701837563333,-35.44901747982102,-0.07209899612390988,4
1727218909.2422497,1,0.07670216715731686,0.06896551724137931,0.07283384219934808,96.0,0.0,8.142030846741008,-35.701477411408476,-0.07330806590128369,4
1727218909.3008108,1,0.09480909262799544,0.055794275474134306,0.07530168405106488,96.0,0.0,5.350573227596662,-35.454895168546386,-0.07155976839489087,4
1727218909.3608634,1,0.10040444031431572,0.072992271558326,0.08669835593632086,96.0,0.012484404235973058,7.572131752929297,-35.020354815877226,-0.0643246369040223,4
1727218909.4243407,1,0.10599978800063599,0.072992271558326,0.08949602977948098,96.0,0.012484404235973058,8.754457237385884,-35.23365295227021,-0.06933779157623698,4
1727218909.4977186,1,0.07670216715731686,0.055794275474134306,0.06624822131572558,96.0,0.0,7.619104462091624,-33.57647582474682,-0.07251185979841172,4
1727218909.534527,1,0.10599978800063599,0.05690355937288492,0.08145167368676046,96.0,0.0,7.3060196546652625,-35.88458231026566,-0.06678031247975011,4
1727218909.592129,1,0.07670216715731686,0.07303565478447914,0.074868910970898,96.0,0.0,7.07339474996703,-34.73454117693241,-0.07583973984407495,4
1727218909.6887271,1,0.10040444031431572,0.05576113363843656,0.07808278697637613,0.0,0.012191496227354269,8.048849637802562,-35.03349870438831,-0.06569927506342732,1
1727218909.717345,1,0.12235771521358388,0.07303565478447914,0.0976966849990315,0.0,0.0,9.24863713322389,-34.20067209496109,-0.07291072578282351,1
1727218909.7722592,1,0.08050019969149783,0.07056194276216086,0.07553107122682934,0.0,0.0,8.641092417990317,-34.02358017571974,-0.06564101411602863,1
1727218909.8593214,1,0.09480909262799544,0.06662966046527696,0.0807193765466362,0.0,0.0,7.881991076379878,-35.046040632169294,-0.06933711034802634,1
1727218909.8981142,1,0.08651997015801753,0.06083802566454808,0.07367899791128281,0.0,0.012496095580101535,8.145039297039954,-33.925847639222624,-0.07087863237632615,1
1727218909.9558098,1,0.12841645645144356,0.07303565478447914,0.10072605561796136,0.0,0.0,9.008501834189458,-34.13196235782939,-0.07857504807544677,1
1727218910.039776,1,0.07462778926574919,0.053934466291663166,0.06428112777870618,0.0,0.0,8.00776877318654,-33.90292356165757,-0.06861946583777144,1
1727218910.0839555,1,0.09950371902099892,0.06662966046527696,0.08306668974313794,0.0,0.0,7.321255417703611,-33.141290470906256,-0.06731221599861179,1
1727218910.1443965,1,0.09480909262799544,0.07303565478447914,0.08392237370623729,0.0,0.0,7.10618165755246,-34.31838011495553,-0.07263747226946447,1
1727218910.214099,1,0.09480909262799544,0.072992271558326,0.08390068209316072,0.0,0.0,8.762252684467263,-35.27494337784544,-0.06758673220922101,1
1727218910.2676747,1,0.10599978800063599,0.072992271558326,0.08949602977948098,0.0,0.012496095580101535,7.792982960805262,-33.30977847836038,-0.07327906528947063,1
1727218910.320163,1,0.1185113657849943,0.05886575107539819,0.08868855843019624,0.0,0.0,6.865023707296629,-34.56636717868325,-0.06220574865955694,1
1727218910.3766158,1,0.10599978800063599,0.07056194276216086,0.08828086538139843,0.0,0.012803687993289598,9.244625324603453,-34.17944860116663,-0.07115797646619774,1
1727218910.4378626,1,0.09480909262799544,0.053904527645841624,0.07435681013691853,0.0,0.0256326007925508,6.66760207637,-33.182165061875814,-0.07465902135977664,1
1727218910.5222318,1,0.07462778926574919,0.056871972604215754,0.06574988093498246,0.0,0.0,5.967661160206291,-34.235377919269844,-0.06679870010360113,1
1727218910.5649898,1,0.07462778926574919,0.056871972604215754,0.06574988093498246,0.0,0.0,8.936682907788622,-33.20325074260061,-0.06955612102195351,1
1727218910.62165,1,0.09950371902099892,0.072992271558326,0.08624799528966245,0.0,0.0,7.785386576972737,-35.03542971142043,-0.07017136876207197,1
1727218910.7034142,1,0.09513029883089881,0.05169341375966832,0.07341185629528357,0.0,0.0,8.135661392995907,-35.04988097699546,-0.07512259562238471,1
1727218910.7440863,1,0.07670216715731686,0.072992271558326,0.07484721935782143,0.0,0.0,7.6252998919606725,-34.63193921907208,-0.06836913596197895,1
1727218910.8116949,1,0.08050019969149783,0.05,0.06525009984574892,0.0,0.0,8.198615346106411,-33.460749224426706,-0.07007706684929697,1
1727218910.8737254,1,0.11891287353862351,0.072992271558326,0.09595257254847475,0.0,0.0,5.914696525673291,-34.91034841077368,-0.0724610323519559,1
1727218910.9217384,1,0.09480909262799544,0.056871972604215754,0.0758405326161056,0.0,0.0,7.709111231543229,-34.805332625689125,-0.06547818478304901,1
1727218911.0117714,1,0.09480909262799544,0.072992271558326,0.08390068209316072,0.0,0.0,7.969014981667975,-34.468119995199,-0.06870270643688103,1
1727218911.0440462,1,0.10040444031431572,0.06892455167955776,0.08466449599693673,0.0,0.0,8.279076102001353,-33.33260841624737,-0.06853612413880661,1
1727218911.1021264,1,0.09950371902099892,0.06896551724137931,0.08423461813118911,0.0,0.0128163003962754,7.015795701199848,-34.922564306242485,-0.07188116199197336,1
1727218911.1607015,1,0.09513029883089881,0.053904527645841624,0.07451741323837022,0.0,0.0,7.665718641465476,-34.28854192621304,-0.07884449806859083,1
1727218911.2589245,1,0.09950371902099892,0.053904527645841624,0.07670412333342028,0.0,0.012496095580101535,7.930373341611102,-33.654138210086096,-0.06945486341920988,1
1727218911.291035,1,0.1185113657849943,0.07056194276216086,0.09453665427357758,0.0,0.025607375986579195,7.826073391147994,-34.79149228207358,-0.07628499587511521,1
1727218911.377158,1,0.07462778926574919,0.07056194276216086,0.07259486601395503,0.0,0.017672147846090083,8.42142736172273,-34.52361535102485,-0.06701050001395695,1
1727218911.4076447,1,0.10599978800063599,0.07303565478447914,0.08951772139255756,0.0,0.012496095580101535,7.941491370199021,-35.120718918632264,-0.08002602880292854,1
1727218911.4672437,1,0.09480909262799544,0.05,0.07240454631399773,0.0,0.0,9.18290384262843,-33.568464748690836,-0.07277584990280704,1
1727218911.5470304,1,0.10040444031431572,0.053934466291663166,0.07716945330298944,0.0,0.0,7.329782034469733,-34.01434776007002,-0.07266867896110105,1
1727218911.5902812,1,0.10537612944674757,0.07303565478447914,0.08920589211561336,0.0,0.0,8.43238723872804,-34.73243728485102,-0.0720472218125512,1
1727218911.6405573,1,0.10599978800063599,0.07303565478447914,0.08951772139255756,0.0,0.0,7.750028899558404,-34.29794963235223,-0.07213763877573351,1
1727218911.7152822,1,0.128386558425963,0.053934466291663166,0.09116051235881309,0.0,0.0,6.789158901109729,-34.44032873776286,-0.0705412897076061,1
1727218911.779452,1,0.10537612944674757,0.07453559924999299,0.08995586434837027,0.0,0.0,9.284746421560415,-35.13036421554667,-0.07101977196289613,1
1727218911.8224962,1,0.08119878911526503,0.07303565478447914,0.07711722194987208,0.0,0.0,8.804768503571244,-33.727755844781825,-0.06858710547079554,1
1727218911.909559,1,0.10635890745287926,0.07303565478447914,0.0896972811186792,0.0,0.0,8.05307765769427,-34.94538558182438,-0.07257697112000759,1
1727218911.9463015,1,0.10074460314188904,0.07453559924999299,0.08764010119594101,0.0,0.012484404235973058,8.32869674569983,-33.598567342576956,-0.07494066158143342,1
1727218912.0006237,1,0.10537612944674757,0.04023689270621825,0.07280651107648291,0.0,0.011891287353862351,8.076574682675984,-33.37084630207133,-0.06552722023589463,1
1727218912.0748787,1,0.10599978800063599,0.05690355937288492,0.08145167368676046,0.0,0.012180638428352398,9.609229404281638,-34.06264147544638,-0.06885859708638505,1
1727218912.1419249,1,0.10537612944674757,0.06666666666666667,0.08602139805670711,0.0,0.0,9.911968337306526,-33.199579971729705,-0.07081796258934722,1
1727218912.1971433,1,0.07462778926574919,0.07453559924999299,0.07458169425787109,0.0,0.012484404235973058,8.130781107891348,-33.854393357095354,-0.07273300047589243,1
1727218912.282882,1,0.08050019969149783,0.05,0.06525009984574892,0.0,0.0,7.399538100651613,-33.09576471894522,-0.06687290637722597,1
1727218912.3115191,1,0.10040444031431572,0.07060113295832983,0.08550278663632277,0.0,0.0,9.573149381731351,-34.07640487111257,-0.07566390030670277,1
1727218912.362404,1,0.10537612944674757,0.072992271558326,0.08918420050253678,0.0,0.0,8.93525280768867,-34.74007811196071,-0.07402173199361597,1
1727218912.4414718,1,0.10537612944674757,0.07060113295832983,0.08798863120253869,0.0,0.024968808471946116,9.49221222059037,-33.90729001699118,-0.06743070314618771,1
1727218912.4989002,1,0.09480909262799544,0.06896551724137931,0.08188730493468738,0.0,0.012484404235973058,8.099845512848486,-33.64917358960525,-0.07309189644318854,1
1727218912.5402358,1,0.10040444031431572,0.07303565478447914,0.08672004754939744,0.0,0.012803687993289598,10.020113200752858,-32.42911641870829,-0.07080929123347654,1
1727218912.6092944,1,0.08050019969149783,0.05690355937288492,0.06870187953219137,0.0,0.012484404235973058,8.782136879646192,-34.52578788908767,-0.07187130449968772,1
1727218912.6747074,1,0.07462778926574919,0.07303565478447914,0.07383172202511416,0.0,0.0,9.67649830759555,-35.178857739188565,-0.07247015785194195,1
1727218912.726761,1,0.09480909262799544,0.06896551724137931,0.08188730493468738,0.0,0.0,6.16028239905903,-36.37570589961082,-0.07378717090822758,1
1727218912.8157926,1,0.09950371902099892,0.053904527645841624,0.07670412333342028,0.0,0.0,9.471969073398977,-33.71376220068744,-0.07350625182131813,1
1727218912.849724,1,0.08050019969149783,0.05,0.06525009984574892,0.0,0.012484404235973058,9.447631991826949,-35.43174200603226,-0.07241603987305278,1
1727218912.9075356,1,0.10040444031431572,0.072992271558326,0.08669835593632086,0.0,0.0,7.915896619002611,-33.23573343536121,-0.07344196437520675,1
1727218912.9874358,1,0.07417022646512231,0.05690355937288492,0.06553689291900361,0.0,0.012484404235973058,10.71299694623571,-33.640013828845476,-0.07495515693489546,1
1727218913.0252037,1,0.08050019969149783,0.072992271558326,0.07674623562491191,0.0,0.0,7.240693366135411,-35.13107419946317,-0.06945146295294725,1
1727218913.0881462,1,0.09480909262799544,0.06896551724137931,0.08188730493468738,0.0,0.0,9.40074464153599,-34.338384262404006,-0.07269142539451977,1
1727218913.1794481,1,0.10074460314188904,0.07303565478447914,0.0868901289631841,0.0,0.024361276856704795,8.99871126386445,-35.32281398311342,-0.07381341226435237,1
1727218913.2100897,1,0.09950371902099892,0.072992271558326,0.08624799528966245,0.0,0.0,8.809679557093004,-33.72927836375505,-0.06828133827602238,1
1727218913.267578,1,0.09950371902099892,0.07449422505904478,0.08699897204002185,0.0,0.0,9.921953044635671,-33.22146518299749,-0.0697669972839495,1
1727218913.3546746,1,0.09987523388778446,0.08731888107320654,0.0935970574804955,0.0,0.024382992454708537,6.2891291874568145,-33.481251114861124,-0.06815670686594819,1
1727218913.3898344,1,0.12235771521358388,0.07705999143709423,0.09970885332533905,0.0,0.011891287353862351,6.733527774259241,-33.38367135171458,-0.06794013749734039,1
1727218913.4461925,1,0.1185113657849943,0.04023689270621825,0.07937412924560627,0.0,0.0,8.18809163915164,-35.01361176829018,-0.06728835313754977,1
1727218913.5242143,1,0.07490642541583835,0.07056194276216086,0.0727341840889996,0.0,0.0,8.40155077544295,-34.09147524414803,-0.06920619028957584,1
1727218913.5729377,1,0.09480909262799544,0.072992271558326,0.08390068209316072,0.0,0.012484404235973058,9.441476821906727,-34.1844290637454,-0.07414478655716403,1
1727218913.64375,1,0.09480909262799544,0.05,0.07240454631399773,0.0,0.0,9.232421351035843,-34.40881598856314,-0.07051717989555206,1
1727218913.6984384,1,0.08050019969149783,0.06896551724137931,0.07473285846643857,0.0,0.0,8.453450292249617,-33.608838723071145,-0.06943105665799444,1
1727218913.7613556,1,0.09987523388778446,0.05886575107539819,0.07937049248159132,0.0,0.0,8.674886794286781,-35.1641093250299,-0.07655325109011443,1
1727218913.8172817,1,0.09950371902099892,0.06289850465997608,0.0812011118404875,0.0,0.0,9.207310812312372,-34.854964915007386,-0.07122764130988997,1
1727218913.8861017,1,0.09950371902099892,0.07056194276216086,0.0850328308915799,0.0,0.0,8.703765751672389,-34.955507279323314,-0.07446326927091101,1
1727218913.9355843,1,0.11891287353862351,0.049972245348957715,0.08444255944379062,0.0,0.0,8.480936485646618,-35.06706972006276,-0.07265697802245968,1
1727218913.9879053,1,0.09987523388778446,0.06666666666666667,0.08327095027722556,0.0,0.0,8.69420233741388,-34.512996274641225,-0.07278493593216995,1
1727218914.053764,1,0.09480909262799544,0.06662966046527696,0.0807193765466362,0.0,0.0,9.342770979025941,-34.141919670503874,-0.07547450977162465,1
1727218914.1155806,1,0.09950371902099892,0.07303565478447914,0.08626968690273903,0.0,0.0,7.271514073467458,-34.38623741423114,-0.07013029566007442,1
1727218914.1702807,1,0.09480909262799544,0.053904527645841624,0.07435681013691853,0.0,0.0,9.635854450208079,-34.328510595471066,-0.07368659930786634,1
1727218914.268825,1,0.09480909262799544,0.05169341375966832,0.07325125319383188,0.0,0.0,9.670041509757587,-34.42874735379331,-0.06496762160874726,1
1727218914.3005524,1,0.09513029883089881,0.07056194276216086,0.08284612079652984,0.0,0.0,8.465408829338095,-33.34266104513307,-0.06280501003700271,1
1727218914.3492234,1,0.09987523388778446,0.07056194276216086,0.08521858832497267,0.0,0.012191496227354269,6.861844019214741,-33.53990470051666,-0.06736833056464799,1
1727218914.4320781,1,0.1185113657849943,0.06293588861849801,0.09072362720174615,0.0,0.0,7.3651374835400905,-34.50228357413928,-0.06854232659654616,1
1727218914.4793901,1,0.10537612944674757,0.07449422505904478,0.08993517725289618,0.0,0.0,8.995478059528098,-34.07264756928305,-0.07256069876711457,1
1727218914.543295,1,0.09987523388778446,0.072992271558326,0.08643375272305523,0.0,0.0,8.170358495720672,-34.472337648174296,-0.07434264800237744,1
1727218914.5872684,1,0.10599978800063599,0.07056194276216086,0.08828086538139843,0.0,0.0,8.242179426592406,-33.84880619019739,-0.07179107995663778,1
1727218914.6549597,1,0.09513029883089881,0.072992271558326,0.0840612851946124,0.0,0.0,9.185194200675973,-35.113011367051236,-0.07455202322039327,1
1727218914.7430046,1,0.07417022646512231,0.06662966046527696,0.07039994346519964,0.0,0.024968808471946116,9.439315953442433,-34.59497147485946,-0.07175554209644168,1
1727218914.7724793,1,0.09480909262799544,0.06892455167955776,0.08186682215377661,0.0,0.0,8.357282562983544,-33.33377839928862,-0.07409890408923661,1
1727218914.8709638,1,0.09480909262799544,0.06828815655648758,0.08154862459224152,0.0,0.012191496227354269,8.022762397677543,-34.11201069591593,-0.0677856187438099,1
1727218914.901704,1,0.09950371902099892,0.072992271558326,0.08624799528966245,0.0,0.0,6.983578558197641,-34.59861160913169,-0.07508423102403791,1
1727218914.9494817,1,0.09480909262799544,0.072992271558326,0.08390068209316072,0.0,0.012496095580101535,8.98583599097565,-34.77118064443878,-0.06857746326081074,1
1727218915.0186687,1,0.10537612944674757,0.072992271558326,0.08918420050253678,0.0,0.012191496227354269,9.127297223362183,-34.723852547988386,-0.06808736861768779,1
1727218915.0802143,1,0.1185113657849943,0.072992271558326,0.09575181867166015,0.0,0.012496095580101535,8.233229152505054,-34.45344603321066,-0.06559350397204697,1
1727218915.1454961,1,0.09987523388778446,0.053904527645841624,0.07688988076681305,0.0,0.0,7.42828314547978,-33.975188047387874,-0.07169759080393082,1
1727218915.1914542,1,0.11891287353862351,0.07056194276216086,0.0947374081503922,0.0,0.0,7.927704380789504,-33.3171985790312,-0.06532796550774357,1
1727218915.2643776,1,0.09480909262799544,0.07453559924999299,0.08467234593899423,0.0,0.012180638428352398,9.377465031716346,-32.60061344296639,-0.06670883554753355,1
1727218915.3158252,1,0.10074460314188904,0.07303565478447914,0.0868901289631841,0.0,0.0,7.839029584945132,-33.46419987810952,-0.0701747343437735,1
1727218915.3932981,1,0.11891287353862351,0.058830784781207845,0.08887182915991568,0.0,0.0,8.839655673808178,-34.70660555932695,-0.06744681252410054,1
1727218915.4396691,1,0.09950371902099892,0.072992271558326,0.08624799528966245,0.0,0.012191496227354269,7.799729461124873,-34.451656117301674,-0.07041462109790063,1
1727218915.4941456,1,0.11891287353862351,0.06666666666666667,0.09278977010264508,0.0,0.0,9.148899673694045,-34.03991532823295,-0.07567201536857296,1
1727218915.5619118,1,0.09480909262799544,0.07060113295832983,0.08270511279316264,0.0,0.0256326007925508,10.409523733008896,-34.71155641292925,-0.07151222739048824,1
1727218915.6508977,1,0.09428090415820634,0.06666666666666667,0.0804737854124365,0.0,0.011891287353862351,9.21532083516141,-33.9849794781657,-0.06805544930082486,1
1727218915.682125,1,0.09950371902099892,0.07710579232757896,0.08830475567428894,0.0,0.0,7.494015105823473,-33.83384261800336,-0.06636737924846127,1
1727218915.7436895,1,0.09950371902099892,0.07060113295832983,0.08505242598966437,0.0,0.0,9.499889920320983,-35.79980644949044,-0.06670600320126129,1
1727218915.8324711,1,0.07490642541583835,0.049972245348957715,0.06243933538239803,0.0,0.012496095580101535,8.082569793358994,-34.88946009091001,-0.07737380465506953,1
1727218915.8653798,1,0.08050019969149783,0.072992271558326,0.07674623562491191,0.0,0.012496095580101535,8.260000843772806,-34.93259461815943,-0.07447658910606392,1
1727218915.9156606,1,0.09513029883089881,0.07056194276216086,0.08284612079652984,0.0,0.012496095580101535,7.535244669644681,-33.51898499933969,-0.07247602363804925,1
1727218916.0085475,1,0.09480909262799544,0.05886575107539819,0.07683742185169681,0.0,0.0128163003962754,10.762511630414807,-35.21452856885804,-0.07754698521094017,1
1727218916.0460086,1,0.12277225411497278,0.07056194276216086,0.09666709843856683,0.0,0.012191496227354269,8.57733507204848,-34.61707220592055,-0.07290554286291058,1
1727218916.113459,1,0.12795306289990416,0.06083802566454808,0.09439554428222612,0.0,0.012496095580101535,8.922367224380277,-35.304146071814614,-0.07258217750244758,1
1727218916.1558146,1,0.10537612944674757,0.07060113295832983,0.08798863120253869,0.0,0.025607375986579195,9.856521471995208,-35.482838566699115,-0.08175794210462997,1
1727218916.2155178,1,0.10040444031431572,0.07453559924999299,0.08747001978215435,0.0,0.0,7.646216691756806,-33.98855743496698,-0.06953302824514748,1
1727218916.2959476,1,0.11124853987249621,0.07710579232757896,0.09417716610003758,0.0,0.0,9.222964385362504,-34.56652941494266,-0.06992591926470379,1
1727218916.3448474,1,0.10040444031431572,0.07303565478447914,0.08672004754939744,0.0,0.012484404235973058,9.26922228208041,-34.5014525977243,-0.07227043784953777,1
1727218916.395344,1,0.11124853987249621,0.053934466291663166,0.08259150308207969,0.0,0.0,9.828661458921552,-34.653805170944175,-0.07706183443572033,1
1727218916.4814029,1,0.12235771521358388,0.04023689270621825,0.08129730395990106,0.0,0.0,8.880708040158936,-34.05576268484583,-0.06965926570404028,1
1727218916.5218015,1,0.12437964877624864,0.06832367705644822,0.09635166291634843,0.0,0.0,9.04511272265854,-34.184442466801094,-0.06944330115454635,1
1727218916.5851243,1,0.09480909262799544,0.053904527645841624,0.07435681013691853,0.0,0.0,9.44175935563931,-34.86537592636524,-0.07171801080622756,1
1727218916.6552181,1,0.10537612944674757,0.06293588861849801,0.0841560090326228,0.0,0.012484404235973058,7.090828168398194,-34.68612223298737,-0.07471088240232544,1
1727218916.717519,1,0.10537612944674757,0.072992271558326,0.08918420050253678,0.0,0.0,9.44637000190662,-34.63905063274658,-0.06610852205756514,1
1727218916.7617505,1,0.10537612944674757,0.056871972604215754,0.08112405102548166,0.0,0.0,8.87662546173588,-33.83673610688624,-0.07169956718735337,1
1727218916.8201008,1,0.10537612944674757,0.08726701360140504,0.0963215715240763,0.0,0.0,7.894866423476477,-34.00001504291072,-0.07315907413447009,1
1727218916.8991637,1,0.09480909262799544,0.072992271558326,0.08390068209316072,0.0,0.012180638428352398,7.645493115931988,-35.08290066669245,-0.06635029590123855,1
1727218916.953935,1,0.09950371902099892,0.06083802566454808,0.0801708723427735,0.0,0.0,7.7299564522941635,-34.66285459526881,-0.07553018859362576,1
1727218916.9956322,1,0.10537612944674757,0.07060113295832983,0.08798863120253869,0.0,0.012484404235973058,9.754961212498344,-34.41123413622388,-0.07108757889886433,1
1727218917.0617478,1,0.09480909262799544,0.07453559924999299,0.08467234593899423,0.0,0.0,8.305739825505695,-34.57165628975567,-0.07777931711470594,1
1727218917.1608872,1,0.09987523388778446,0.07303565478447914,0.08645544433613181,0.0,0.0,8.418766377413707,-35.005487908104136,-0.07021174509482463,1
1727218917.1993,1,0.09950371902099892,0.055794275474134306,0.0776489972475666,0.0,0.0,9.04169185090723,-34.715976848156274,-0.07364107278164693,1
1727218917.240253,1,0.10537612944674757,0.07705999143709423,0.0912180604419209,0.0,0.0,7.782420570915246,-34.19078929410345,-0.0713813263662122,1
1727218917.323211,1,0.09513029883089881,0.072992271558326,0.0840612851946124,0.0,0.0,7.8560278192010236,-33.752779989465544,-0.06847475847528273,1
1727218917.361399,1,0.07462778926574919,0.07056194276216086,0.07259486601395503,0.0,0.0,8.003471374513406,-34.24236326007244,-0.06793109879016113,1
1727218917.4488525,1,0.10537612944674757,0.07056194276216086,0.08796903610445422,0.0,0.012484404235973058,7.14387259239478,-34.520372946762805,-0.07186210295359192,1
1727218917.4879978,1,0.09950371902099892,0.072992271558326,0.08624799528966245,0.0,0.0,8.446496858165881,-35.4847655543488,-0.07433629409280776,1
1727218917.539826,1,0.09480909262799544,0.072992271558326,0.08390068209316072,0.0,0.024968808471946116,6.819591069347355,-36.300184389345745,-0.07533293817162247,1
1727218917.6332483,1,0.10599978800063599,0.04023689270621825,0.07311834035342712,0.0,0.0,9.773142625764226,-34.26564231546313,-0.07779449789164054,1
1727218917.667467,1,0.11124853987249621,0.06083802566454808,0.08604328276852215,0.0,0.012484404235973058,7.531881185956033,-35.674329536965935,-0.07697229251701367,1
1727218917.7195497,1,0.09480909262799544,0.06289850465997608,0.07885379864398576,0.0,0.0,6.8477203823438515,-34.866440862354196,-0.06993875249719965,1
1727218917.7887864,1,0.10040444031431572,0.07060113295832983,0.08550278663632277,0.0,0.012180638428352398,10.30846006328111,-34.28194786211402,-0.07309512755265081,1
1727218917.8667452,1,0.09480909262799544,0.05690355937288492,0.07585632600044018,0.0,0.0,7.321263966216343,-34.345218757357905,-0.07208982364038204,1
1727218917.9054759,1,0.07462778926574919,0.07060113295832983,0.07261446111203951,0.0,0.012803687993289598,7.8742377669539305,-35.31067465453399,-0.07777202928923999,1
1727218917.9767885,1,0.09950371902099892,0.07060113295832983,0.08505242598966437,0.0,0.013139708280690918,8.757280514294267,-34.54852419538952,-0.07650325641949425,1
1727218918.0269647,1,0.10537612944674757,0.07056194276216086,0.08796903610445422,0.0,0.024361276856704795,9.632748431810343,-34.02858737273227,-0.07158484675147235,1
1727218918.0873349,1,0.12277225411497278,0.06080425490109966,0.09178825450803622,0.0,0.0,8.224153122128524,-35.21884919338874,-0.0764513755621295,1
1727218918.1438682,1,0.09480909262799544,0.07710579232757896,0.0859574424777872,0.0,0.012484404235973058,7.677636158404242,-34.87389450372527,-0.07470076600175743,1
1727218918.243348,1,0.10040444031431572,0.07705999143709423,0.08873221587570498,0.0,0.0,6.218219551997541,-34.14213020076995,-0.06570574531315791,1
1727218918.2754452,1,0.09480909262799544,0.07564407102678196,0.08522658182738871,0.0,0.0,7.985314056059792,-34.059450219708815,-0.06995563474264975,1
1727218918.3206692,1,0.09480909262799544,0.07710579232757896,0.0859574424777872,0.0,0.012484404235973058,8.33882649398679,-35.05677192942982,-0.07146333284599014,1
1727218918.3974369,1,0.08080076153239028,0.07710579232757896,0.07895327692998462,0.0,0.0,8.506541093831363,-34.6767308210826,-0.07529781733405524,1
1727218918.4601302,1,0.08050019969149783,0.06083802566454808,0.07066911267802295,0.0,0.024968808471946116,8.377734275336046,-33.958387853240055,-0.06872607821222172,1
1727218918.5095108,1,0.07110681947099658,0.04711428474315455,0.05911055210707557,0.0,0.0,7.451594324563242,-34.87457280112424,-0.07357305117616184,1
1727218918.587614,1,0.10040444031431572,0.07449422505904478,0.08744933268668026,0.0,0.0,8.742194671350493,-33.25805856938541,-0.07739028567393928,1
1727218918.6300924,1,0.10635890745287926,0.07705999143709423,0.09170944944498674,0.0,0.0,7.0677751627539465,-34.859404292067886,-0.06614780795821593,1
1727218918.685305,1,0.1057695700043364,0.06083802566454808,0.08330379783444224,0.0,0.0,10.538626355932507,-34.920337019560684,-0.06888740161617124,1
1727218918.7630548,1,0.1084732450572857,0.07449422505904478,0.09148373505816523,0.0,0.0,7.3442922686622945,-34.08965683120682,-0.0688812302309561,1
1727218918.8217762,1,0.07670216715731686,0.07060113295832983,0.07365165005782334,0.0,0.012180638428352398,8.93572962125348,-34.29892518204216,-0.0680082367818547,1
1727218918.8695164,1,0.10040444031431572,0.07060113295832983,0.08550278663632277,0.0,0.0,8.966945593494371,-34.66436867802467,-0.07316617586030569,1
1727218918.9300957,1,0.09513029883089881,0.07453559924999299,0.0848329490404459,0.0,0.0,8.740008588926674,-34.24590905011317,-0.07610956442140981,1
1727218919.0115182,1,0.08080076153239028,0.072992271558326,0.07689651654535815,0.0,0.012180638428352398,9.154856208974689,-35.5336103500048,-0.07007841491294901,1
1727218919.048953,1,0.10599978800063599,0.07056194276216086,0.08828086538139843,0.0,0.028732494670043,7.850540668920073,-34.46633478140662,-0.06620704981999144,1
1727218919.110015,1,0.09480909262799544,0.05886575107539819,0.07683742185169681,0.0,0.0,9.371390035716349,-36.00700120589067,-0.0740925292770661,1
1727218919.1660063,1,0.11124853987249621,0.07449422505904478,0.0928713824657705,0.0,0.012496095580101535,8.522638670309078,-35.40354441044576,-0.06671379186416382,1
1727218919.2312346,1,0.0908041471727627,0.072992271558326,0.08189820936554434,0.0,0.0,8.971090530373925,-34.01421469072051,-0.06743700727409974,1
1727218919.3107975,1,0.10599978800063599,0.072992271558326,0.08949602977948098,0.0,0.0,9.24115371938795,-33.84195766503307,-0.06968163878562952,1
1727218919.3506742,1,0.11166390612088833,0.08436139727267693,0.09801265169678264,0.0,0.0,8.817548588263431,-34.40884780198009,-0.07257566946603951,1
1727218919.442267,1,0.07462778926574919,0.06080425490109966,0.06771602208342442,0.0,0.0,8.594995179865045,-34.721357306100565,-0.06818719335801952,1
1727218919.472849,1,0.10074460314188904,0.04023689270621825,0.07049074792405365,0.0,0.012191496227354269,9.506405518566481,-34.8385830460716,-0.07155184708773656,1
1727218919.5286188,1,0.07462778926574919,0.07056194276216086,0.07259486601395503,0.0,0.0,9.799401255132736,-35.04821077301195,-0.07082529906124274,1
1727218919.5891721,1,0.07462778926574919,0.072992271558326,0.0738100304120376,0.0,0.012180638428352398,9.543466106807873,-35.03942031303603,-0.06859192606749809,1
1727218919.6747108,1,0.10537612944674757,0.07705999143709423,0.0912180604419209,0.0,0.0,9.115898557839973,-34.98201174923999,-0.06780721683858894,1
1727218919.7155058,1,0.10635890745287926,0.04988925789283045,0.07812408267285485,0.0,0.0,8.366609513333717,-34.31723399640822,-0.06977376729524934,1
1727218919.7653427,1,0.18005263846568273,0.19024149970987075,0.18514706908777673,0.0,0.0,5.6111040846931495,-36.19697378777403,-0.0754338194954533,0
1727218919.843857,1,0.3158332209274327,0.257390753524675,0.28661198722605385,0.0,0.024361276856704795,5.723736399823745,-36.55156429074823,-0.07752261699074545,0
1727218919.8961756,1,0.32066503418310266,0.2953782695928239,0.30802165188796327,0.0,0.012484404235973058,7.9148038257649445,-35.00361060936712,-0.08437369063611926,0
1727218919.9457626,1,0.33826050234978333,0.3297776760938608,0.3340190892218221,0.0,0.012180638428352398,7.371606435423812,-36.5195480776561,-0.08306132784716368,0
1727218920.022752,1,0.38005847503304596,0.33575600588927096,0.35790724046115846,0.0,0.012180638428352398,6.372976665394998,-36.3883914418109,-0.08485488889644091,0
1727218920.1100652,1,0.38439430067803304,0.3384571727018808,0.3614257366899569,0.0,0.0,6.483063389955957,-35.461267392808146,-0.08105469980057677,0
1727218920.1382902,1,0.3857414923312089,0.3480545098966911,0.36689800111395,0.0,0.012484404235973058,5.876539835544677,-38.01408894490057,-0.08025177263304947,0
1727218920.185573,1,0.38873012632302,0.36869277985446286,0.37871145308874143,0.0,0.0,6.0860365587258975,-36.7921364897653,-0.08566209123409277,0
1727218920.2556171,1,0.40774890398890895,0.3327668409915659,0.37025787249023745,0.0,0.0,7.341417640962503,-36.697927590336754,-0.08658949927854256,0
1727218920.3257084,1,0.36103172982817666,0.36869277985446286,0.36486225484131973,0.0,0.0,5.799815228230103,-35.92244324567902,-0.08501727584541066,0
1727218920.3663347,1,0.38873012632302,0.3508754446220465,0.36980278547253326,0.0,0.0,6.012881929143533,-36.37677200243201,-0.07834145843040426,0
1727218920.4306269,1,0.403200946331618,0.3327668409915659,0.36798389366159195,0.0,0.0,5.818117431204023,-36.462091691974734,-0.08234856740175159,0
1727218920.5021899,1,0.40430377003132,0.3508754446220465,0.37758960732668323,0.0,0.012180638428352398,6.696187887422065,-37.55772535049402,-0.08476689228283693,0
1727218920.5724747,1,0.38439430067803304,0.3508754446220465,0.3676348726500398,0.0,0.012180638428352398,5.802444788847597,-37.42230593771983,-0.08845038935798907,0
1727218920.641663,1,0.4073359843566113,0.3241419213351964,0.36573895284590385,0.0,0.012484404235973058,4.87420987122038,-36.21977324913685,-0.08591976190654853,0
1727218920.6699207,1,0.38873012632302,0.35499560687533555,0.3718628665991778,0.0,0.012162606385262998,4.290049134397326,-35.867487159395196,-0.08451744358516418,0
1727218920.7330875,1,0.4281645633530284,0.36869277985446286,0.3984286716037456,0.0,0.0,6.162314554939538,-36.306663640546105,-0.08713383447239696,0
1727218920.8183675,1,0.403200946331618,0.3508754446220465,0.37703819547683226,0.0,0.012180638428352398,6.703822266460603,-37.746305970615225,-0.09104247613025358,0
1727218920.8583536,1,0.40774890398890895,0.38517461812524917,0.3964617610570791,0.0,0.0,4.577649247775536,-37.21975204453565,-0.08690042192121093,0
1727218920.9106398,1,0.38654778699939973,0.32046597014490374,0.35350687857215174,0.0,0.012180638428352398,5.3943378241802495,-36.66671433955442,-0.08049448933427157,0
1727218920.9747229,1,0.1345345587992625,0.15488258241562594,0.14470857060744421,0.0,0.0,7.03648329769912,-37.45731045894168,-0.07648658426739827,0
1727218921.0413787,1,0.15301657197088567,0.17433707144983793,0.1636768217103618,0.0,0.012484404235973058,5.74428844330032,-36.49617148502711,-0.07348504318154933,0
1727218921.1030354,1,0.23469763719366868,0.22360679774997896,0.22915221747182382,0.0,0.012496095580101535,7.454536560355295,-36.63392667336951,-0.08101564614107934,0
1727218921.1530004,1,0.3031749810432399,0.27446917413347,0.288822077588355,0.0,0.0,7.511485197118674,-36.18705797213717,-0.08168742772322769,0
1727218921.2440264,1,0.31465838776377636,0.3041458676074377,0.30940212768560704,0.0,0.0,5.739562657064372,-36.41542309114392,-0.08716093489991962,0
1727218921.2768502,1,0.3680091047957925,0.3327668409915659,0.3503879728936792,0.0,0.0,6.0333070756747,-35.99554734508742,-0.07961416132999856,0
1727218921.3396244,1,0.356998888398814,0.3041458676074377,0.3305723780031259,0.0,0.0,7.248728137353514,-35.774725374078656,-0.08112751084973577,0
1727218921.4235911,1,0.29981267559834457,0.33575600588927096,0.3177843407438078,0.0,0.0,6.101585751435373,-36.060438367566384,-0.08056839293018594,0
1727218921.455364,1,0.29981267559834457,0.32739814062340084,0.3136054081108727,0.0,0.0,5.580701963805344,-36.81018150700439,-0.08151666956963058,0
1727218921.5129063,1,0.3431876713662333,0.3212561541824582,0.33222191277434576,0.0,0.012180638428352398,7.600486007438994,-35.6815902243124,-0.08283924899567469,0
1727218921.6006477,1,0.3431876713662333,0.3327668409915659,0.3379772561788996,0.0,0.012180638428352398,5.879347984260287,-36.297849269872266,-0.07997288948756472,0
1727218921.643633,1,0.3431876713662333,0.33873836587941675,0.340963018622825,0.0,0.0,6.716715536025257,-37.00971198075669,-0.08760041139849835,0
1727218921.6937592,1,0.3431876713662333,0.35298846405774265,0.34808806771198797,0.0,0.0,5.776100833107432,-36.092186411751825,-0.08306815162742938,0
1727218921.7607796,1,0.32246149100786786,0.34788627972434144,0.33517388536610465,0.0,0.024361276856704795,6.091798423582489,-36.571891532822825,-0.08375674557455785,0
1727218921.8451428,1,0.32787965931712626,0.33873836587941675,0.3333090125982715,0.0,0.0,6.72658072545243,-35.260075205100975,-0.08113566161835485,0
1727218921.880379,1,0.3431876713662333,0.34788627972434144,0.3455369755452874,0.0,0.0,6.855470917093529,-36.19824897854459,-0.08661567935173792,0
1727218921.939692,1,0.3401555339971933,0.3327668409915659,0.3364611874943796,0.0,0.0,6.625565635828955,-36.94761277083538,-0.08642241487708621,0
1727218922.0232983,1,0.33826050234978333,0.3327668409915659,0.3355136716706746,0.0,0.0,5.70284504888563,-37.005765874171,-0.08356591303246884,0
1727218922.063173,1,0.3431876713662333,0.35102210625165736,0.3471048888089453,0.0,0.0,6.328730274893015,-35.436542332206294,-0.08179144401458731,0
1727218922.1204188,1,0.32317226848318364,0.3508754446220465,0.3370238565526151,0.0,0.0,5.999340761135685,-36.058152466841726,-0.08494557468309384,0
1727218922.2065349,1,0.33826050234978333,0.3190941120626151,0.32867730720619925,0.0,0.0,6.787973263309376,-37.00760185253062,-0.08694335167943036,0
1727218922.2400985,1,0.3401555339971933,0.3508754446220465,0.3455154893096199,0.0,0.0,6.136886849549025,-36.309981600448474,-0.08364162062729424,0
1727218922.3228521,1,0.3008284187980934,0.3150434886513764,0.3079359537247349,0.0,0.024361276856704795,6.378931597599873,-35.99740886678441,-0.07757439030887854,0
1727218922.366525,1,0.08681309342625525,0.21552037726433304,0.15116673534529415,0.0,0.012484404235973058,7.502106915050502,-37.630602295420715,-0.08316532965998351,0
1727218922.4271922,1,0.17149858514250882,0.2142728953369265,0.19288574023971766,0.0,0.024968808471946116,6.106648828604543,-36.004064319391475,-0.07942526966333797,0
1727218922.491571,1,0.2344319917919655,0.25595503313356227,0.24519351246276389,0.0,0.0,6.3599825568812545,-36.75846576434204,-0.08360377539953075,0
1727218922.5459275,1,0.29129017534460905,0.2936101097573517,0.29245014255098034,0.0,0.024361276856704795,6.8781399847375235,-37.32973070467973,-0.08304255956019867,0
1727218922.5964327,1,0.33241387563780467,0.2953782695928239,0.31389607261531427,0.0,0.012484404235973058,6.849979921471116,-35.99648449854795,-0.08487715204835333,0
1727218922.672196,1,0.30864356730345177,0.3180326535490814,0.3133381104262666,0.0,0.0,5.864344040613444,-35.31084979076319,-0.08272398917240986,0
1727218922.727248,1,0.33635369985982805,0.2953782695928239,0.315865984726326,0.0,0.0,5.848083129062973,-36.66794314770074,-0.08926476503468789,0
1727218922.7778502,1,0.3431876713662333,0.34788627972434144,0.3455369755452874,0.0,0.0,4.800929391506477,-35.15929736243539,-0.08834726261354763,0
1727218922.837839,1,0.3431876713662333,0.34788627972434144,0.3455369755452874,0.0,0.011901388973144479,5.262989750587281,-35.51762461462362,-0.07859668614674244,0
1727218922.9022956,1,0.29981267559834457,0.3150434886513764,0.3074280821248605,0.0,0.012484404235973058,6.83847341859377,-36.1408096428849,-0.09096358135606983,0
1727218922.9784184,1,0.3149659234671604,0.3297776760938608,0.3223717997805106,0.0,0.012180638428352398,6.617760683110366,-36.789639014225465,-0.08607959130577938,0
1727218923.016718,1,0.33826050234978333,0.3041458676074377,0.32120318497861056,0.0,0.0,6.0735391453407575,-35.86605004112463,-0.07993330728104027,0
1727218923.0847144,1,0.3431876713662333,0.2936101097573517,0.3183988905617925,0.0,0.0,5.052972779994873,-36.88000787718788,-0.07847579724306364,0
1727218923.153984,1,0.3510993292542668,0.3116938929256063,0.33139661108993657,0.0,0.0,4.841504179460177,-35.565458599119644,-0.08865255340563076,0
1727218923.1982925,1,0.32246149100786786,0.3212561541824582,0.321858822595163,0.0,0.012180638428352398,4.803649005842361,-35.192925609662666,-0.0822808554950393,0
1727218923.2918925,1,0.2940816368414582,0.3297776760938608,0.3119296564676595,0.0,0.0,4.898831414983221,-36.40744498880867,-0.07812107801879481,0
1727218923.3195996,1,0.3510993292542668,0.3347708079643126,0.3429350686092897,0.0,0.0,5.255957508021197,-35.6735671072017,-0.08725896806539231,0
1727218923.3937488,1,0.3510993292542668,0.33575600588927096,0.3434276675717689,0.0,0.0,4.022475786022961,-36.7177938945179,-0.08954055633043694,0
1727218923.4372544,1,0.3451103064173911,0.3150434886513764,0.33007689753438374,0.0,0.0,5.449910417476973,-36.301833456640665,-0.08808382335991106,0
1727218923.5072393,1,0.3621990044324821,0.33575600588927096,0.34897750516087656,0.0,0.012180638428352398,4.609619732971542,-36.82947999470664,-0.08819850542006938,0
1727218923.5756533,1,0.3510993292542668,0.33575600588927096,0.3434276675717689,0.0,0.012162606385262998,3.5208987528450066,-35.775551366234,-0.08199216800911797,0
1727218923.6216543,1,0.3451103064173911,0.28668761781189944,0.3158989621146453,0.0,0.0,5.325127047612642,-35.87441401904668,-0.0825496533107849,0
1727218923.6813638,1,0.32787965931712626,0.28668761781189944,0.30728363856451285,0.0,0.0,3.5313921502628727,-34.864197390446535,-0.08613444702846774,0
1727218923.7514815,1,0.33543841480107195,0.3212561541824582,0.3283472844917651,0.0,0.012180638428352398,4.719869766336954,-36.58997768521984,-0.08748818475705136,0
1727218923.8164275,1,0.33826050234978333,0.3041458676074377,0.32120318497861056,0.0,0.0,3.9533342756032894,-35.8701569846221,-0.08321415993332774,0
1727218923.862231,1,0.33543841480107195,0.3041458676074377,0.3197921412042548,0.0,0.012180638428352398,4.612734783525555,-35.91738757024284,-0.08202902929557661,0
1727218923.9402757,1,0.33543841480107195,0.28668761781189944,0.3110630163064857,0.0,0.011891287353862351,5.015533432002234,-35.80353893224869,-0.0829725676347753,0
1727218924.009831,1,0.36305433237559465,0.28992134818515547,0.32648784028037503,0.0,0.0,5.166703911897703,-36.02030209130477,-0.07889121293022022,0
1727218924.0439749,1,0.3514217669380822,0.28668761781189944,0.31905469237499084,0.0,0.011891287353862351,6.171630165997092,-36.1647831189988,-0.07818755942540676,0
1727218924.1043985,1,0.3089060198001263,0.3327668409915659,0.3208364303958461,0.0,0.0,4.655536725619659,-35.57413175417394,-0.08271885009657287,0
1727218924.1786857,1,0.29981267559834457,0.3535733411216873,0.3266930083600159,0.0,0.0,4.768984280226631,-35.99755333613201,-0.08396458529908046,0
1727218924.2369173,1,0.33041747225608425,0.3183703870297199,0.3243939296429021,0.0,0.012484404235973058,3.9903194003713804,-36.09149674152925,-0.0863814135045253,0
1727218924.2852714,1,0.29981267559834457,0.3297776760938608,0.3147951758461027,0.0,0.0,3.4881789090937843,-36.1935869038668,-0.08255480291920314,0
1727218924.3451765,1,0.3384286960981292,0.3327668409915659,0.3355977685448476,0.0,0.0,5.177188656025474,-36.59569890534227,-0.08683299570110085,0
1727218924.4230783,1,0.3621990044324821,0.3317636419108636,0.34698132317167285,0.0,0.012180638428352398,3.0333124255994055,-35.27153213746976,-0.07563080681238175,0
1727218924.4773548,1,0.3621990044324821,0.3347708079643126,0.34848490619839734,0.0,0.0,6.106547886663534,-36.61041052222705,-0.08752327104078315,0
1727218924.5280125,1,0.3431876713662333,0.3358525987266785,0.3395201350464559,0.0,0.011891287353862351,5.714980496042676,-35.220831226137285,-0.08766239810514853,0
1727218924.5942516,1,0.3431876713662333,0.3212561541824582,0.33222191277434576,0.0,0.0,4.448328037080068,-36.670378742994956,-0.07672212737156099,0
1727218924.6548548,1,0.3682770050492755,0.32305816606588744,0.3456675855575815,0.0,0.0,4.992341544215248,-36.21277598157953,-0.08328451597425855,0
1727218924.732135,1,0.3621990044324821,0.3212561541824582,0.3417275793074701,0.0,0.011891287353862351,4.802372749352083,-35.749192004504835,-0.08711052136157385,0
1727218924.771505,1,0.33826050234978333,0.3347708079643126,0.33651565515704795,24.0,0.0,5.169004928247838,-36.78116236225284,-0.09119280971636157,0
1727218924.8324292,1,0.3548100333784039,0.3212561541824582,0.338033093780431,24.0,0.0,4.363325684148679,-36.79915435800488,-0.08585871766302938,0
1727218924.924052,1,0.359978266119275,0.3377364859802199,0.3488573760497474,24.0,0.012180638428352398,4.843730030028249,-35.21083955861994,-0.08884681481922903,0
1727218924.9594238,1,0.359978266119275,0.3406384401744649,0.3503083531468699,24.0,0.012180638428352398,6.003572350139886,-35.63345143323332,-0.08449564467601126,0
1727218925.0064857,1,0.359978266119275,0.3041458676074377,0.3320620668633564,24.0,0.0,3.6949674100457526,-36.48610178750209,-0.08450067569263835,0
1727218925.0783293,1,0.359978266119275,0.3406384401744649,0.3503083531468699,24.0,0.011891287353862351,5.543713076388106,-35.74429610224466,-0.08166660856706848,0
1727218925.1479926,1,0.359978266119275,0.2882957255085248,0.3241369958138999,24.0,0.0,5.456819524391437,-36.699789747995155,-0.08645738733923407,0
1727218925.1869996,1,0.359978266119275,0.3508754446220465,0.35542685537066077,24.0,0.0,4.981325525240327,-35.96183141616949,-0.08402419488164263,0
1727218925.2477412,1,0.359978266119275,0.3406384401744649,0.3503083531468699,24.0,0.0,4.84410594367945,-36.574873483809746,-0.08314090376869783,0
1727218925.3465471,1,0.1414213562373095,0.23702962351950355,0.18922548987840654,24.0,0.012191496227354269,6.676506283584883,-38.6841530382854,-0.08484097145981329,0
1727218925.377442,1,0.16064877438748623,0.13317407496520353,0.14691142467634488,24.0,0.012191496227354269,5.405821355100201,-37.07635746350225,-0.07739089601464264,0
1727218925.423987,1,0.2667481333953935,0.2317137785453969,0.24923095597039518,24.0,0.011901388973144479,7.441293050865285,-36.310374851843285,-0.08256681742316192,0
1727218925.4957566,1,0.31465838776377636,0.30211780448234904,0.3083880961230627,24.0,0.012180638428352398,6.768847637773496,-36.26818801997947,-0.08337974235962092,0
1727218925.5614812,1,0.3089060198001263,0.27446917413347,0.29168759696679813,24.0,0.0,6.546698622132628,-35.69810474657277,-0.08115137864596789,0
1727218925.6038408,1,0.32246149100786786,0.291547594742265,0.3070045428750664,24.0,0.0,5.142422522886162,-36.1252243666557,-0.08524254635935075,0
1727218925.6920297,1,0.31465838776377636,0.291547594742265,0.30310299125302065,24.0,0.012180638428352398,5.022898996789827,-36.0458762766591,-0.0829856600430414,0
1727218925.7409136,1,0.3008284187980934,0.28442019684845127,0.2926243078232723,24.0,0.011891287353862351,5.091144891652636,-36.722188922094,-0.08129966738088479,0
1727218925.7916625,1,0.29981267559834457,0.30211780448234904,0.3009652400403468,24.0,0.012484404235973058,4.7836933716218635,-35.30309089414661,-0.0823061105157369,0
1727218925.8489943,1,0.31272913360038107,0.2953782695928239,0.3040537015966025,24.0,0.012191496227354269,6.65223343378996,-36.52293865062941,-0.08825686096367584,0
1727218925.9120758,1,0.30864356730345177,0.29874803703758657,0.30369580217051917,24.0,0.012496095580101535,5.705847337762968,-36.79880028098256,-0.08548048601642744,0
1727218925.9846392,1,0.330375757861564,0.2953782695928239,0.31287701372719395,24.0,0.012180638428352398,5.63184426932785,-37.06567303974429,-0.0841320594216359,0
1727218926.025625,1,0.31465838776377636,0.3116938929256063,0.3131761403446913,24.0,0.0,5.637546053001764,-36.25160328970782,-0.08296516666401915,0
1727218926.10283,1,0.31465838776377636,0.31468305782331135,0.31467072279354386,24.0,0.0,3.9323230576190316,-35.92876077960649,-0.08281986005474305,0
1727218926.1712112,1,0.3621990044324821,0.3317636419108636,0.34698132317167285,24.0,0.012180638428352398,4.830739184455447,-35.28805782660918,-0.0804487054667248,0
1727218926.2146301,1,0.32879797461071464,0.3180326535490814,0.323415314079898,24.0,0.012180638428352398,6.383795058669391,-35.86714051132529,-0.08820332523001444,0
1727218926.3005557,1,0.29814239699997197,0.3212561541824582,0.3096992755912151,24.0,0.0,6.0315180847171215,-34.82635318845966,-0.0863513334581368,0
1727218926.3337727,1,0.29981267559834457,0.29695970548312184,0.29838619054073323,24.0,0.012180638428352398,5.878573255652971,-35.81285491821817,-0.07805575027662173,0
1727218926.3880858,1,0.33635369985982805,0.3317636419108636,0.3340586708853458,24.0,0.017655613788661217,7.215797844899729,-36.246299404144196,-0.0856902083473852,0
1727218926.4812243,1,0.31272913360038107,0.3317636419108636,0.3222463877556223,24.0,0.0,5.661548600994774,-36.70443993514538,-0.07749275547807138,0
1727218926.516374,1,0.29814239699997197,0.3508754446220465,0.32450892081100924,24.0,0.0,6.433959870424584,-36.257215221129144,-0.0871311239660466,0
1727218926.577698,1,0.359978266119275,0.32305816606588744,0.34151821609258126,24.0,0.0,7.1829557834380715,-34.81441453709726,-0.08063285656254358,0
1727218926.6528294,1,0.31272913360038107,0.3297776760938608,0.32125340484712095,24.0,0.012180638428352398,4.855206624400824,-37.34916777542892,-0.08772326411730438,0
1727218926.7058668,1,0.29981267559834457,0.2936101097573517,0.29671139267784813,24.0,0.0,5.395063675495363,-36.41159428978388,-0.0841174608621058,0
1727218926.7646787,1,0.359978266119275,0.2882957255085248,0.3241369958138999,24.0,0.0,5.014662928513508,-35.72192350297244,-0.07921327165448672,0
1727218926.813567,1,0.359978266119275,0.32305816606588744,0.34151821609258126,24.0,0.012484404235973058,5.243042105375595,-35.81275092048101,-0.09019178807008817,0
1727218926.8985057,1,0.3431876713662333,0.3212561541824582,0.33222191277434576,24.0,0.0,5.689903852132385,-36.6662972130126,-0.08184686531871625,0
1727218926.9412806,1,0.3784748911661687,0.29874803703758657,0.33861146410187765,24.0,0.0,5.940583915800684,-37.59109131136895,-0.08434401461294518,0
1727218926.990419,1,0.359978266119275,0.3297776760938608,0.3448779711065679,24.0,0.0,5.847477528987277,-36.150822060435004,-0.08297882947906442,0
1727218927.0766206,1,0.356998888398814,0.32305816606588744,0.3400285272323507,24.0,0.0,5.438227500249855,-36.849789804150895,-0.07930385698698997,0
1727218927.1196814,1,0.3384286960981292,0.29874803703758657,0.3185883665678579,24.0,0.0,5.555195198980503,-35.47656950867217,-0.0834618444438842,0
1727218927.1729808,1,0.3097959430630629,0.29541376099314176,0.30260485202810233,24.0,0.0,6.1638567674734706,-36.421140313762294,-0.08447272180856663,0
1727218927.2332275,1,0.09125703849682212,0.22370270406115372,0.15747987127898794,24.0,0.011901388973144479,6.812053845279298,-39.055610442482,-0.07605989913214986,0
1727218927.3054276,1,0.18976585660336784,0.22835984079021762,0.20906284869679273,24.0,0.0,6.8527693077528475,-38.65646255305225,-0.08427958730718442,0
1727218927.3753562,1,0.26792196292544174,0.2810504294036887,0.2744861961645652,24.0,0.0,6.9778599002374,-37.38242566803928,-0.0927087229787582,0
1727218927.4117453,1,0.359978266119275,0.2992431155627085,0.32961069084099176,24.0,0.0,7.005023837267109,-36.94763450399731,-0.08162379695869737,0
1727218927.477362,1,0.33635369985982805,0.3058519033069538,0.3211028015833909,24.0,0.011891287353862351,6.090391720623636,-36.78242905018748,-0.08198525467284859,0
1727218927.53446,1,0.3167304522509815,0.28576588964588606,0.3012481709484338,24.0,0.0,6.705035288821044,-36.47129103984306,-0.07929373087245217,0
1727218927.6392543,1,0.3548100333784039,0.3473542920900184,0.3510821627342111,24.0,0.011891287353862351,5.689581953108233,-36.50202416193905,-0.08078852876086597,0
1727218927.6696494,1,0.2940816368414582,0.3473542920900184,0.3207179644657383,24.0,0.011891287353862351,6.051514466271348,-37.4325520318594,-0.08181396344725045,0
1727218927.71222,1,0.3167304522509815,0.33777797401776155,0.32725421313437153,24.0,0.0,6.879289655533137,-36.87501642965637,-0.08482036946275812,0
1727218927.7884622,1,0.359978266119275,0.32305816606588744,0.34151821609258126,24.0,0.012484404235973058,5.062856218580897,-36.27495590717768,-0.08592910719551361,0
1727218927.8747537,1,0.3957491627214195,0.3041458676074377,0.3499475151644286,24.0,0.011891287353862351,4.169317657933859,-35.59982514729138,-0.0844346896742515,0
1727218927.909808,1,0.3857414923312089,0.3327668409915659,0.35925416666138743,24.0,0.0,4.759766619793815,-38.06132915041482,-0.08933405705072514,0
1727218927.9611976,1,0.3909079031741939,0.3535733411216873,0.3722406221479406,24.0,0.012180638428352398,4.802830332816665,-37.48966975214715,-0.08287003387204289,0
1727218928.0384266,1,0.3754406208912857,0.3180326535490814,0.34673663722018355,24.0,0.0,4.409829674790711,-36.49544864752756,-0.09130048274279132,0
1727218928.0815008,1,0.3979662622130343,0.3212561541824582,0.3596112081977463,24.0,0.0,3.8608823389191596,-36.15858281755495,-0.08981444895293668,0
1727218928.1453013,1,0.4179718609114889,0.3327668409915659,0.3753693509515274,24.0,0.012484404235973058,4.32494193556299,-36.31752067033118,-0.0842341784965586,0
1727218928.2351406,1,0.39270656499140155,0.32305816606588744,0.3578823655286445,24.0,0.0,4.173791952050385,-36.67083195351414,-0.09564086251613728,0
1727218928.2637675,1,0.3909079031741939,0.3687108791699814,0.3798093911720877,24.0,0.035673862061587056,3.1787966307333946,-36.82150254753522,-0.08245060388234916,0
1727218928.3145177,1,0.40792769982719634,0.3212561541824582,0.36459192700482723,24.0,0.0,3.532349047610695,-37.526110213973304,-0.08542023379022708,0
1727218928.4152057,1,0.38873012632302,0.32884060335068,0.35878536483685,24.0,0.011891287353862351,2.8110591004719208,-35.855844548702606,-0.08227511463645949,0
1727218928.4437993,1,0.3659588988446267,0.33873836587941675,0.35234863236202174,24.0,0.0,2.8781519511937663,-36.897530409183275,-0.08620789897167187,0
1727218928.4956195,1,0.3909079031741939,0.3241419213351964,0.3575249122546952,24.0,0.0,4.8164344052465315,-37.010705516832054,-0.08968392757571168,0
1727218928.5568302,1,0.41167181000159825,0.3183703870297199,0.3650210985156591,24.0,0.0,4.490757947016337,-36.74559661380653,-0.08235200889263491,0
1727218928.62659,1,0.40774890398890895,0.33575600588927096,0.3717524549390899,24.0,0.023782574707724703,3.069449909645523,-37.258665694392064,-0.08291163229360742,0
1727218928.6780393,1,0.383863585054092,0.3709258544035697,0.3773947197288309,24.0,0.012180638428352398,4.285721013449856,-35.84780067641636,-0.08643334529157826,0
1727218928.7613363,1,0.383863585054092,0.3384571727018808,0.3611603788779864,24.0,0.023782574707724703,3.3056868857204784,-35.79776945313753,-0.07920909746626592,0
1727218928.8097184,1,0.383863585054092,0.3358525987266785,0.35985809189038526,24.0,0.023802777946288958,4.961585426057209,-36.54369268807689,-0.08301070063559514,0
1727218928.8624082,1,0.383863585054092,0.3508754446220465,0.36736951483806923,24.0,0.012180638428352398,4.213744529895009,-36.75991794628642,-0.08262514873469369,0
1727218928.9162104,1,0.359978266119275,0.3212561541824582,0.3406172101508666,24.0,0.0,5.4451674791370355,-35.94363754811613,-0.08707364137627918,0
1727218928.9816732,1,0.3862316740489209,0.3183703870297199,0.3523010305393204,24.0,0.02940666249209126,5.04531175255233,-35.98116601453504,-0.08047336155520285,0
1727218929.0470648,1,0.3659588988446267,0.33873836587941675,0.35234863236202174,24.0,0.012496095580101535,6.091445615159303,-36.692793940141264,-0.0883862832511017,0
1727218929.1335788,1,0.359978266119275,0.3832956278779492,0.3716369469986121,24.0,0.0,5.216143593800586,-35.05579092543318,-0.08309259890492929,0
1727218929.1638932,1,0.3431876713662333,0.3559393843988394,0.3495635278825363,24.0,0.0,4.706659745750295,-36.761266058185996,-0.08470167132011087,0
1727218929.2194464,1,0.3431876713662333,0.34834367662585886,0.3457656739960461,24.0,0.024361276856704795,4.6652871282433575,-35.4430178414576,-0.07709125015754202,0
1727218929.2965975,1,0.3659588988446267,0.3508754446220465,0.3584171717333366,24.0,0.0,4.91465949418459,-36.05726970877429,-0.08200426494516434,0
1727218929.346756,1,0.3431876713662333,0.3287691722110071,0.3359784217886202,24.0,0.0,4.165466816968127,-35.44886427915307,-0.08681721911017264,0
1727218929.401776,1,0.3431876713662333,0.3508754446220465,0.34703155799413987,24.0,0.0,4.970548090438895,-35.82535829691578,-0.08242367393877198,0
1727218929.4809027,1,0.3510993292542668,0.3212561541824582,0.33617774171836246,24.0,0.0,4.944180059816048,-36.56734419972803,-0.08414890076634778,0
1727218929.5247905,1,0.3097959430630629,0.2882957255085248,0.29904583428579384,24.0,0.012180638428352398,5.182897569807347,-36.19556260562919,-0.08826381822400668,0
1727218929.5813625,1,0.11166390612088833,0.13317407496520353,0.12241899054304593,24.0,0.0,6.52495211753973,-37.49976858384126,-0.07291137362190746,0
1727218929.6632006,1,0.20653136743640194,0.20546336066228704,0.2059973640493445,24.0,0.0,7.399361595981345,-37.042757991618124,-0.0817521645256628,0
1727218929.710385,1,0.25643641938735734,0.22360679774997896,0.24002160856866817,24.0,0.0,7.148596726275497,-36.50662996278949,-0.07523757204192628,0
1727218929.7587197,1,0.3158332209274327,0.2953782695928239,0.3056057452601283,24.0,0.011891287353862351,7.978809729016025,-36.35245682165812,-0.07719595257206721,0
1727218929.831057,1,0.31465838776377636,0.2522802691076882,0.28346932843573225,36.0,0.0,7.314162680151004,-35.51320580460338,-0.07743116786410342,0
1727218929.8815112,1,0.2893275086123319,0.28442019684845127,0.28687385273039157,36.0,0.0,6.370326985647795,-36.46580567273241,-0.08025294978539585,0
1727218929.9437428,1,0.31272913360038107,0.2936101097573517,0.3031696216788664,36.0,0.0,7.974015893379497,-36.78729047313795,-0.08461072411820117,0
1727218930.0233767,1,0.29814239699997197,0.3327668409915659,0.31545461899576893,36.0,0.011615349838117045,6.593989725853385,-35.80648102018287,-0.07945321589522357,0
1727218930.0716386,1,0.2940816368414582,0.3180326535490814,0.30605714519526983,36.0,0.012180638428352398,6.129442184936521,-35.43251673803073,-0.07839389602650051,0
1727218930.1242557,1,0.30864356730345177,0.29874803703758657,0.30369580217051917,36.0,0.0,6.362814897613349,-37.05301932734801,-0.08079905213516214,0
1727218930.1997411,1,0.31750671858767004,0.3116938929256063,0.31460030575663817,36.0,0.0,6.842860148706014,-36.48050820189952,-0.06723919705121915,0
1727218930.2564611,1,0.32246149100786786,0.28442019684845127,0.30344084392815956,36.0,0.0,6.442112713428839,-36.94918650635071,-0.09075199251925882,0
1727218930.301651,1,0.3431876713662333,0.3041458676074377,0.3236667694868355,36.0,0.0,5.986613648500559,-36.357274596174214,-0.082608568532729,0
1727218930.373472,1,0.3687817782917155,0.3535439254133464,0.36116285185253094,36.0,0.011901388973144479,9.33892972231695,-35.63532438105846,-0.09653993396917544,0
1727218930.461669,1,0.41522739926869984,0.39188796616658683,0.40355768271764336,36.0,0.0,11.533454650052114,-35.61421447569343,-0.1044720581864441,0
1727218930.4899745,1,0.4394963517775359,0.40870817470907655,0.42410226324330624,36.0,0.016831105696898524,14.201288551100708,-34.2406123509574,-0.10010549267449267,0
1727218930.5423079,1,0.42053445199816514,0.42553811963284066,0.4230362858155029,36.0,0.012191496227354269,16.648392333253067,-35.37162118415622,-0.10770668540745452,0
1727218930.6232934,1,0.41697918728787714,0.42553811963284066,0.4212586534603589,36.0,0.011891287353862351,18.413575196600828,-34.457773329953454,-0.1078837136021988,0
1727218930.6736975,1,0.37576666135166303,0.4637369150696775,0.4197517882106703,36.0,0.0,21.57790708008197,-33.969421211459306,-0.11439188505745664,0
1727218930.723813,1,0.38785738235002665,0.3928985956581901,0.39037798900410836,36.0,0.011874508331318274,27.078112697697712,-32.928003899304166,-0.10924292935543235,0
1727218930.804636,1,0.4546058648980586,0.4253929254927775,0.4399993951954181,36.0,0.0,34.7960335585922,-31.45714098158222,-0.11214163930228428,0
1727218930.8563433,1,0.4331573731958117,0.40714333866957697,0.42015035593269434,36.0,0.0,43.7949136217788,-31.709832590141303,-0.10104712029779815,0
1727218930.904288,1,0.4759404763377188,0.3946288903895228,0.4352846833636208,36.0,0.012162606385262998,50.18204886843307,-33.38483979283724,-0.09150873870266307,0
1727218930.9858606,1,0.4513846284534354,0.37393689581014233,0.41266076213178887,36.0,0.0,53.336625841477314,-32.25137070308488,-0.07324489428736759,0
1727218931.0346642,1,0.47514171416151096,0.38909528798656356,0.43211850107403726,36.0,0.012782749814122842,58.188859397382856,-32.06361464646532,-0.05676737827972837,0
1727218931.0857494,1,0.5293162538371505,0.3747044714980751,0.45201036266761285,36.0,0.024929982747211407,64.01149253105415,-33.29583770795435,-0.04484907338866952,0
1727218931.1851983,1,0.47149516679144476,0.35355871258720284,0.4125269396893238,36.0,0.0,68.73783018156013,-31.650834245320937,-0.017435654950459113,2
1727218931.2160666,1,0.46918355851507365,0.3719625846554484,0.420573071585261,36.0,0.0128163003962754,72.91717774058242,-31.378688407758357,-0.006768869094605485,2
1727218931.266996,1,0.44516371337668237,0.3710395948771255,0.4081016541269039,36.0,0.012191496227354269,72.33504673181667,-30.622654870036094,-0.0023205058827829037,2
1727218931.3274424,1,0.43815467837773947,0.3719625846554484,0.40505863151659394,36.0,0.012180638428352398,72.94481014160328,-31.567649132864023,-0.015819262223203134,2
1727218931.3933096,1,0.38847237299173903,0.36520654344654324,0.3768394582191411,36.0,0.017226024063738864,72.31903851338932,-34.35152924491753,-0.024507866598087825,2
1727218931.4747603,1,0.39026120381701424,0.4021372027114879,0.39619920326425107,36.0,0.012484404235973058,72.8358863962853,-33.92545278339644,-0.01599445977046708,2
1727218931.5088506,1,0.39769496635455753,0.36947426388839794,0.38358461512147773,36.0,0.023802777946288958,74.79262854909604,-33.68674156711207,-0.007997229885233392,2
1727218931.5644293,1,0.4472135954999579,0.3798939808817117,0.4135537881908348,36.0,0.024361276856704795,72.14464060393833,-34.19199211181097,-0.009117726946060709,2
1727218931.650813,1,0.419722932888163,0.35118130026604333,0.38545211657710315,36.0,0.012484404235973058,74.51008757465596,-33.79471533574132,-0.006351249641808796,2
1727218931.6909795,1,0.39026120381701424,0.3663266526287663,0.37829392822289026,36.0,0.012191496227354269,73.55700474991102,-31.604510398835686,-0.004600120996987495,2
1727218931.7497623,1,0.3944278715854868,0.3693335494283318,0.3818807105069093,36.0,0.03014001802463427,73.7664094838525,-29.09141321729399,0.01964451342984897,2
1727218931.8415241,1,0.39043440472151514,0.3844388158036037,0.3874366102625594,36.0,0.03014001802463427,76.21603009589626,-31.35696691722093,0.01391964233081406,2
1727218931.874379,1,0.39026120381701424,0.38909528798656356,0.3896782459017889,36.0,0.024361276856704795,74.67395186328132,-28.247267535129023,0.01481710327001731,2
1727218931.9307487,1,0.3960588690528463,0.3702919873465381,0.3831754281996922,36.0,0.012180638428352398,74.84989487118602,-28.845776180270914,0.011931687547671316,2
1727218932.012172,1,0.39043440472151514,0.3850804603272789,0.387757432524397,36.0,0.017628159855416825,77.306435142426,-28.448133547300255,0.012155242296527253,2
1727218932.055454,1,0.38235294117647056,0.3664497141949503,0.37440132768571044,36.0,0.0,76.5669913416389,-29.127943504820394,-0.0019680547419342006,2
1727218932.1509802,1,0.35233213170882205,0.3671374097679617,0.3597347707383919,36.0,0.030789933855023342,80.32349049266406,-27.810344834709927,0.01161066868493596,2
1727218932.181732,1,0.35233213170882205,0.3420793036636807,0.3472057176862514,36.0,0.013117080903335111,81.23195623833105,-28.131811919849227,0.015878867793153183,2
1727218932.2288227,1,0.3547621232692877,0.31596773607960277,0.3353649296744452,36.0,0.02543286319707309,78.04776686777898,-27.62255038385987,0.01928291961441517,2
1727218932.3042219,1,0.3837797654887609,0.361925980464878,0.37285287297681946,36.0,0.02487592975524973,80.62695826399641,-28.664727872266567,0.012750748541524666,2
1727218932.3718858,1,0.4054588600086734,0.3098577364517393,0.35765829823020634,36.0,0.01299688112275091,80.7189237326632,-30.90768304270135,-0.0108797967301492,2
1727218932.4161172,1,0.3918587749335031,0.3061007984971902,0.34897978671534663,36.0,0.0,83.23268281689235,-38.29236425820667,-0.06633320815439835,2
1727218932.511848,1,0.5012525689275313,0.2977036180094106,0.39947809346847096,36.0,0.03268602252303067,82.67705611202145,-46.62342522525354,-0.0816839582323589,2
1727218932.5407245,1,0.4571611329805377,0.2741625152310258,0.36566182410578174,36.0,0.016230686829029888,81.4684522933443,-52.79975448039721,-0.10297106523798663,2
1727218932.588545,1,0.28769822778437526,0.2512498874764877,0.2694740576304315,36.0,0.016760038078849772,83.955315875002,-57.5065683332782,-0.08502949791567176,2
1727218932.6642394,1,0.2683281572999747,0.2974248031174908,0.2828764802087328,36.0,0.0,88.41875745089405,-58.775056706207984,-0.10074891366586608,2
1727218932.7076893,1,0.44172610429938614,0.3154743648051829,0.37860023455228453,36.0,0.029748205865436483,95.34013416248447,-64.40560951725543,-0.1182863156236976,2
1727218932.7907789,1,0.5743903072168841,0.27887529877016487,0.42663280299352446,36.0,0.022587697572631283,96.22532819707848,-66.544689758609,-0.1398129921564954,2
1727218932.8364244,1,0.6433978400210179,0.2941760023536543,0.4687869211873361,36.0,0.043314808182421,90.19333959008883,-67.10501809286038,-0.14724622183676853,2
1727218932.8913558,1,0.7580540168447372,0.27682058430550976,0.5174373005751235,36.0,0.05293513412997784,88.22966130881551,-72.54399091005708,-0.17303383454558094,2
1727218932.9486003,1,0.9166666666666666,0.2791794700019832,0.5979230683343248,36.0,0.045175395145262566,88.97476062143498,-75.93346136950488,-0.21336503851294222,2
1727218933.0162847,1,0.8825226081218283,0.2793816955265854,0.5809521518242069,36.0,0.0,89.12133940997782,-82.35669503430252,-0.21644652600340358,2
1727218933.103845,1,1.125,0.30229010957162916,0.7136450547858146,36.0,0.023596458909150436,84.3947882269619,-79.74426643476929,-0.2306792698380445,2
1727218933.1377869,1,1.125,0.2844389007281879,0.7047194503640939,36.0,0.0,83.36854514866292,-81.0538589634055,-0.23259404945158735,2
1727218933.1943583,1,1.1403882032022077,0.2701551396399564,0.705271671421082,36.0,0.07078937672745131,83.84521386976304,-81.18287032455676,-0.2660991714105668,2
1727218933.282574,1,1.5,0.27887529877016487,0.8894376493850824,36.0,0.023596458909150436,84.53194042696572,-87.39978331767348,-0.2834795405283903,2
1727218933.3187377,1,1.7392527130926085,0.2682136738578732,1.003733193475241,36.0,0.03146583877637763,83.50392301888965,-87.28140566325075,-0.2766921498345421,2
1727218933.378797,1,1.3559902485175748,0.2521765349303447,0.8040833917239597,36.0,0.03146583877637763,78.66852671574406,-85.42637149242744,-0.2834283822005299,2
1727218933.4596567,1,1.0213243599737853,0.3092589377942335,0.6652916488840095,36.0,0.0,75.75848758053645,-83.18376780236461,-0.2613993350383986,2
1727218933.5100203,1,1.192927878405448,0.3025090754432592,0.7477184769243537,36.0,0.023211917272131483,73.18620790858152,-88.17859742426252,-0.2853666134048993,2
1727218933.5591044,1,1.1218563370883694,0.3169861995368715,0.7194212683126204,36.0,0.04449941594899848,71.36126530034272,-88.52367040828167,-0.29315493374289975,2
1727218933.647693,1,0.9041944301794651,0.3029505649929521,0.6035724975862086,36.0,0.06449003705885216,66.08080640769613,-91.18640968381443,-0.2920971724406286,2
1727218933.680312,1,0.7611672556355815,0.3301715245010702,0.5456693900683258,36.0,0.06776309271789385,64.61386613714741,-88.26739759259976,-0.28381309310276137,2
1727218933.735861,1,0.7983975949359748,0.253602140595626,0.5259998677658004,36.0,0.07711922339525956,62.84357572584735,-89.07200386827347,-0.3178289145734449,2
1727218933.8093793,1,1.030518091005155,0.295474446957108,0.6629962689811315,36.0,0.05371554675087687,61.57090107032207,-94.96937717066736,-0.33192641785732074,2
1727218933.8579044,1,0.6265774668491497,0.28681929422753877,0.4566983805383442,36.0,0.0,51.70513540658512,-98.94907173917287,-0.30440862194833174,2
1727218933.9163802,1,0.7397954428741078,0.2584857885548954,0.49914061571450163,36.0,0.04789131426105757,57.367533577474326,-102.42994738088741,-0.35783039204818784,2
1727218934.0040445,1,0.43412157106222965,0.2749806661015982,0.3545511185819139,36.0,0.04578685464956301,44.19835518576428,-106.30733903932298,-0.3345582938802394,2
1727218934.0429137,1,0.6428571428571429,0.27811148773839844,0.4604843152977707,36.0,0.061649620239508984,43.86561421086049,-109.47265061509809,-0.3218605747970603,2
1727218934.0961063,1,0.4242640687119285,0.2214872542011953,0.3228756614565619,36.0,0.042835293687811936,35.02379116098664,-107.53158237123648,-0.3132949811213431,2
1727218934.1558106,1,0.45175395145262565,0.23637161865559944,0.34406278505411253,36.0,0.02054987341316966,34.56183337675496,-105.3101828931156,-0.32119920457766044,2
1727218934.2143314,1,0.5003621783589618,0.268710296379291,0.3845362373691264,36.0,0.07312442032858106,31.372750040803247,-105.02473144375631,-0.3600687594141889,2
1727218934.296813,1,0.3347911841944914,0.2214872542011953,0.27813921919784335,36.0,0.06948615819181192,32.466680897646555,-107.02154079378985,-0.3646220346119713,2
1727218934.3515685,1,0.5198752449100364,0.20048098128718356,0.36017811309861003,36.0,0.048507125007266595,37.67416755291967,-107.3125117470805,-0.39234901042725634,2
1727218934.4024549,1,0.3373966023542606,0.2002917589880262,0.2688441806711434,36.0,0.05855327953213506,32.58191670558156,-106.72159495681544,-0.383562366201956,2
1727218934.4765496,1,0.5203845204132885,0.2387080308885198,0.37954627565090415,36.0,0.0876458181485991,28.748131958658423,-115.04155591224949,-0.4053167367539011,2
1727218934.5158427,1,0.5903236153944027,0.19922620784123665,0.3947749116178197,36.0,0.055918141834624895,28.981184711151528,-107.47463256849377,-0.3805634612525617,2
1727218934.5837371,1,0.5350438562747845,0.12793732632016627,0.3314905912974754,36.0,0.04632410546120795,23.22120571028102,-109.71740474523175,-0.3823723962203188,2
1727218934.6373825,1,0.31943828249996997,0.09649138024329372,0.20796483137163185,36.0,0.021035158095583564,13.704025832960525,-107.5943382105239,-0.2877852426697381,2
1727218934.7166393,1,0.41972293288816304,0.1299688112275091,0.27484587205783606,36.0,0.07359859939840731,15.132174677930054,-105.37963453655914,-0.2816960470864258,2
1727218934.7747517,1,0.7920824002467884,0.10671695657579752,0.44939967841129297,36.0,0.07359859939840731,13.028628988899438,-108.55014293657817,-0.3082367642715838,2
1727218934.8268774,1,1.1401754250991378,0.12384257966652998,0.6320090023828339,36.0,0.03971507353947688,2.4490152897332513,-113.78970719000783,-0.33681669131987635,2
1727218934.8803113,1,0.6639818002288135,0.0891578689526865,0.37656983459075,0.0,0.0,-6.887186582493055,-106.10649996734189,-0.2956052353655471,2
1727218934.9564633,1,0.6388765649999399,0.10661091655527694,0.3727437407776084,0.0,0.0741519801180045,-16.116429500983905,-98.79601355375128,-0.250404774647971,2
1727218935.008288,1,0.6020752582766183,0.1058702682599557,0.353972763268287,0.0,0.019216561050602196,-24.55532392433454,-97.76082307797985,-0.16861661111566775,2
1727218935.057403,1,0.5390160369790035,0.06646770650525875,0.30274187174213113,0.0,0.0,-32.840790205551706,-87.22162849969324,-0.13106200907119644,2
1727218935.1353753,1,0.4714045207910317,0.0854357657716761,0.2784201432813539,0.0,0.043083488512459675,-42.76333833992615,-89.53064591086103,-0.08884681481922903,2
1727218935.191064,1,0.47271089007249545,0.08952847075210474,0.28111968041230007,0.0,0.0,-36.58143401143676,-95.23930684546653,-0.11155208731801436,2
1727218935.2820005,1,0.41736210688263853,0.0724629225594555,0.24491251472104703,0.0,0.018518518518518517,-39.58751799408029,-89.92975830721662,-0.09991704774831243,2
1727218935.312459,1,0.45355237586388797,0.1,0.276776187931944,0.0,0.03331483023263848,-48.3260118119651,-90.08778189720357,-0.044802709031810974,2
1727218935.3978992,1,0.3615507630310937,0.09301752803342803,0.22728414553226084,0.0,0.03224129401095805,-48.87357958696626,-75.37542674711757,-0.016094554918644022,2
1727218935.4292605,1,0.32677669529663683,0.0919057248033709,0.20934121005000386,0.0,0.03210806495339678,-60.82471205347942,-61.8559295848618,0.08998678323208227,2
1727218935.479515,1,0.32256199834228216,0.07909412521841752,0.20082806178034984,0.0,0.0,-59.9448908564039,-54.334605928114314,0.15726186849740836,2
1727218935.556895,1,0.35135247948856746,0.08617795580779185,0.21876521764817966,0.0,0.014549399049483137,-65.2640623817681,-43.42162139539468,0.24141675853842645,2
1727218935.6131365,1,0.25931156144085815,0.0952156725982725,0.17726361701956533,0.0,0.0,-60.34841654863793,-31.020412030834954,0.28183401345691256,2
1727218935.6767635,1,0.2241541019482485,0.09417068191743917,0.15916239193284384,0.0,0.012418767513385191,-57.81966982888499,-18.79269426134446,0.2875527385245577,2
1727218935.727433,1,0.24322738650313905,0.09119215051751065,0.16720976851032485,0.0,0.0,-59.96928154772709,-17.034211632210756,0.2965657676834835,2
1727218935.7995484,1,0.21487036159257195,0.11605958636065741,0.1654649739766147,0.0,0.024837535026770382,-56.142842592805394,-12.217146837662568,0.2621146476001129,2
1727218935.8528507,1,0.16898462446469953,0.08068411589988811,0.12483437018229382,0.0,0.0,-58.15552895766051,-9.427429525866408,0.27344009768715255,2
1727218935.9016943,1,0.17279683306159804,0.08068411589988811,0.12674047448074308,0.0,0.0,-54.122966619728416,-6.579443136154271,0.22491188867216388,2
1727218935.9901605,1,0.1653415806631317,0.12347497149035401,0.14440827607674286,0.0,0.0,-56.75875951693321,-2.7099174495549505,0.21330924360489772,2
1727218936.0290341,1,0.1866442219137,0.12503209443974378,0.1558381581767219,0.0,0.0111331242304837,-54.25726931129113,-1.9922054369891085,0.18931163686419905,2
1727218936.0982974,1,0.1945441522292145,0.10560284410351288,0.1500734981663637,0.0,0.0,-55.069356854705525,-2.3647852169077272,0.17046791412344947,2
1727218936.1495452,1,0.1777597058142042,0.08312509826393193,0.13044240203906807,0.0,0.011381286340149635,-55.34156013823406,-0.7112776717754389,0.1689829038669883,2
1727218936.2013388,1,0.14725208595406403,0.1265179322600426,0.1368850091070533,0.0,0.0,-54.521701306304784,-0.4441596380912497,0.16159021206115698,2
1727218936.299288,1,0.1751059756189475,0.11488241616168772,0.14499419589031762,0.0,0.0,-55.159043554540474,1.8638557011286667,0.15562997448564142,2
1727218936.328114,1,0.15782207775026622,0.1412455300965765,0.14953380392342136,0.0,0.010846522890932807,-55.01608253200264,1.8650780724136582,0.15001520078521438,2
1727218936.382959,1,0.14637891891507962,0.16248342090492038,0.15443116991,0.0,0.0,-54.57583038610949,2.0107649010443676,0.15122725990495625,2
1727218936.468533,1,0.17068032573189162,0.175742287686744,0.1732113067093178,0.0,0.0111331242304837,-53.62913281715226,1.8476286322316593,0.13669819521554363,2
1727218936.5115886,1,0.17761120833134697,0.169107714125435,0.17335946122839097,0.0,0.0,-54.49989858992056,5.283608158275081,0.13781353863685694,2
1727218936.6023648,1,0.17068032573189162,0.21568003700311766,0.19318018136750464,0.0,0.0,-52.92297597856787,6.747884300681447,0.12105399985951606,2
1727218936.6336172,1,0.1992744433761387,0.20059084323700457,0.19993264330657162,0.0,0.0,-50.016438268534685,9.16875326566958,0.08246206076536064,2
1727218936.7262661,1,0.15572755022841223,0.22723837615371512,0.19148296319106367,0.0,0.0,-46.22426949662813,11.22662531414752,0.05829773519298084,2
1727218936.776351,1,0.182134582144651,0.22608676199077773,0.20411067206771438,0.0,0.0,-44.37165934215672,13.102424741036655,0.03661825514290837,2
1727218936.8109126,1,0.15745264317249133,0.19214799651992268,0.174800319846207,0.0,0.010105651043180541,-39.83821247732016,14.836835655264496,-0.010249381049226226,2
1727218936.8663716,1,0.1623981654007809,0.21826476383854235,0.1903314646196616,0.0,0.0,-38.346375669977554,16.9397250299188,-0.01947304780380572,2
1727218936.9384494,1,0.14522695936459404,0.2256882699533617,0.18545761465897787,0.0,0.0,-36.637914891886346,17.684293801864428,-0.047304262495709785,2
1727218937.0026915,1,0.17706312815307243,0.27607436910945243,0.22656874863126242,0.0,0.0,-36.50227329376265,19.38557966818325,-0.06671449987933858,2
1727218937.0525792,1,0.14776353114138543,0.2326803115618832,0.19022192135163432,0.0,0.0,-33.24766702898661,20.974408482827172,-0.09543865389564826,2
1727218937.1228797,1,0.14621426820625286,0.24583267798902086,0.19602347309763685,0.0,0.011778571185788638,-30.059691753105614,26.0100149402911,-0.1213556347500576,2
1727218937.1778476,1,0.11897209697429863,0.2372563089093732,0.17811420294183591,0.0,0.02909747170275235,-27.79824784306012,29.01676069096206,-0.1314010664350576,2
1727218937.2247288,1,0.11585688927269845,0.25128418520538587,0.18357053723904215,0.0,0.012126781251816649,-26.86317192992576,30.944472800929557,-0.1658488990359885,2
1727218937.2922468,1,0.1274754878398196,0.2667852642561041,0.19713037604796185,0.0,0.011778571185788638,-26.02750034806163,32.184509601700434,-0.17036536068443844,2
1727218937.377555,1,0.1427946854241193,0.2746751954323721,0.2087349404282457,0.0,0.012418767513385191,-26.44007830561398,31.64433980960917,-0.17421399348800426,2
1727218937.4086561,1,0.1274754878398196,0.2768340909835273,0.20215478941167345,0.0,0.01249219481659769,-26.796780546722733,32.90150283549414,-0.16887189672934266,2
1727218937.4671838,1,0.14342354206698352,0.2880756009578387,0.2157495715124111,0.0,0.0,-27.48789042997235,32.87390782330632,-0.1812399094022828,2
1727218937.5430496,1,0.12803687993289598,0.2480688882591958,0.18805288409604587,0.0,0.012195121951219513,-28.302044875629754,32.52232198502735,-0.18512961264030234,2
1727218937.6040092,1,0.12803687993289598,0.27743787941896586,0.20273737967593092,0.0,0.01164050492949297,-26.96873083607858,32.73472843242876,-0.17417331925051957,2
1727218937.6514904,1,0.12316328538087544,0.26668156826160616,0.1949224268212408,0.0,0.012126781251816649,-27.396373390450574,34.184898547546524,-0.18950141676379562,2
1727218937.715557,1,0.12803687993289598,0.30349805659873896,0.21576746826581747,0.0,0.0,-25.51750728675042,32.7292036621212,-0.17284892887058764,2
1727218937.8072543,1,0.15,0.2754189259814451,0.21270946299072252,0.0,0.012803687993289598,-23.985164051334284,33.11069500574251,-0.19364488836735258,2
1727218937.8395684,1,0.16338834764831842,0.28844372723990924,0.22591603744411382,0.0,0.0,-23.237356772446862,34.40313306382089,-0.1784916916930127,2
1727218937.8871992,1,0.1274754878398196,0.26668156826160616,0.19707852805071288,0.0,0.017149858514250885,-22.139023254355497,34.23700154888915,-0.18634013827293527,2
1727218937.9723158,1,0.1274754878398196,0.28844372723990924,0.20795960753986442,0.0,0.012126781251816649,-22.66187240428986,34.43451483616163,-0.17652817160038575,2
1727218938.020979,1,0.16338834764831842,0.2825689210594395,0.22297863435387894,0.0,0.023557142371577276,-22.239347943401615,36.160474578637746,-0.167939296268306,2
1727218938.1080394,1,0.13873774391990978,0.30983775993614177,0.22428775192802577,0.0,0.0246781968201642,-22.334797948151714,36.5381685812435,-0.1726731261098601,2
1727218938.1371286,1,0.1274754878398196,0.28433714029932844,0.20590631406957402,0.0,0.012418767513385191,-20.920398235464724,36.861016220296584,-0.19915716939714986,2
1727218938.1997766,1,0.192309189548389,0.2820850740753407,0.23719713181186486,0.0,0.024105134820094756,-17.563831388909744,36.551219478166914,-0.24267993487876968,2
1727218938.263503,1,0.2641943559543254,0.36264958542217807,0.3134219706882517,0.0,0.01254714033071239,-10.905018310822177,41.26518123026877,-0.2753592648713978,2
1727218938.3219805,1,0.26210460801818225,0.4138510513633796,0.33797782969078094,0.0,0.0,-8.500838320909763,41.70604063001484,-0.28279388476220124,2
1727218938.385874,1,0.2953782695928239,0.3930335085339199,0.3442058890633719,0.0,0.025278006958277935,-2.804816943658121,43.65406676880824,-0.31870158167180945,2
1727218938.428923,1,0.32934461516677954,0.3630279569611528,0.3461862860639662,0.0,0.0,-0.281468078518653,45.79395938865416,-0.3891374837735047,2
1727218938.492265,1,0.3364305737025401,0.4250045420224114,0.38071755786247574,0.0,0.02676438637860946,4.549320279699549,48.36617846101166,-0.4336183788038465,2
1727218938.5591154,1,0.3458144428244422,0.33839591748194403,0.34210518015319313,0.0,0.0,9.105019586918946,48.41080408275414,-0.46378118247818134,2
1727218938.6479979,1,0.36402887507112147,0.3811812499312437,0.3726050625011826,0.0,0.0,13.263702644545834,52.16437440747214,-0.48905897151107225,2
1727218938.6758287,1,0.3944948637692872,0.5168780578245069,0.45568646079689706,0.0,0.01338219318930473,18.440593551761282,48.082377122361564,-0.5167905960454845,2
1727218938.7369325,1,0.39367360369101817,0.6388064723594805,0.5162400380252493,0.0,0.0,22.617853699961174,47.78452440913655,-0.5139429544206331,2
1727218938.790006,1,0.4193545632243,0.5000644951945364,0.4597095292094182,0.0,0.0,25.466951059774374,47.160036639379676,-0.5563402188285098,2
1727218938.8721168,1,0.40795647628894227,0.5793241220216575,0.4936402991552999,0.0,0.0,26.935023214238726,46.547729767821494,-0.5182106452352553,2
1727218938.9272153,1,0.38374681378297426,0.6461667015804339,0.514956757681704,0.0,0.0,27.83700264735844,46.455471192621616,-0.546694725248587,2
1727218938.9688787,1,0.40867170503049877,0.6002450479987809,0.5044583765146398,0.0,0.014108316199577508,29.95551805903764,46.49238363320193,-0.5508001758774542,2
1727218939.0721228,1,0.424152986686992,0.6009252125773316,0.5125390996321617,0.0,0.0,29.852899318013733,46.50876516211952,-0.5804480769645105,2
1727218939.1039474,1,0.41015692708824536,0.683351461696765,0.5467541943925052,0.0,0.013736056394868901,29.141033530671223,46.166837932175184,-0.563874971638546,2
1727218939.16867,1,0.424152986686992,0.6292772828668085,0.5267151347769002,0.0,0.0,32.423714462477655,45.787643144066564,-0.5157368687108356,2
1727218939.22322,1,0.4231042998757341,0.6532329239591472,0.5381686119174407,0.0,0.019425717247145285,33.84982468566853,47.04223942901402,-0.49977051785852744,2
1727218939.2716932,1,0.40867170503049877,0.6010862268659548,0.5048789659482268,0.0,0.01338219318930473,32.68018422385548,45.29886917306193,-0.49085953173677804,2
1727218939.3447037,1,0.37952442831105315,0.6035098490754186,0.4915171386932359,0.0,0.014216253350904587,34.85882065312993,46.9373489919304,-0.4943374149170393,2
1727218939.4089625,1,0.40499784509052933,0.7427813527082074,0.5738895988993684,0.0,0.0,35.66163009173732,47.85311963100936,-0.47267432434150053,2
1727218939.4524634,1,0.39924236702290594,0.5793241220216575,0.4892832445222817,0.0,0.0,35.47055725232195,46.28338709075807,-0.49489282978815874,2
1727218939.5554838,1,0.40222689747917545,0.620704416451776,0.5114656569654757,0.0,0.032529599740075035,35.820396883687216,44.693814530890336,-0.4956399753064851,2
1727218939.584923,1,0.3924751946324492,0.6407682432875706,0.51662171896001,0.0,0.0,35.381712528921874,45.8514711772861,-0.48972995403422737,2
1727218939.6324434,1,0.3924751946324492,0.6996567585034101,0.5460659765679297,0.0,0.013474201390907386,33.308298719805876,44.65707483991672,-0.5308105539855409,2
1727218939.7062435,1,0.42059342726224036,0.6073520030884476,0.5139727151753439,0.0,0.013208299532971179,36.85752638235869,45.123057893662875,-0.5383075270882837,2
1727218939.7788458,1,0.4066367454450149,0.6532329239591472,0.529934834702081,0.0,0.0,35.679771302187135,45.05230995304764,-0.5194272475465936,2
1727218939.8224082,1,0.41015692708824536,0.6232806604069261,0.5167187937475857,0.0,0.0,35.57041709505792,45.86879236267947,-0.5082920900862649,2
1727218939.8766937,1,0.4423758741796087,0.5647703225572138,0.5035730983684112,0.0,0.0,36.32501266387885,47.16168125792065,-0.47642582121902144,2
1727218939.9459293,1,0.40987900959586077,0.5768336193099396,0.4933563144529002,12.0,0.01338219318930473,38.74504760112881,46.57398695937311,-0.45048294810366335,2
1727218940.0295599,1,0.41351728008099187,0.5687892044465699,0.4911532422637809,12.0,0.0,39.925576282595436,45.96981502907254,-0.4308475721971756,2
1727218940.0612447,1,0.4329391234525808,0.4871955978473099,0.46006736064994536,12.0,0.02626128657194451,45.83612626925192,47.63101027358928,-0.36876028449449627,2
1727218940.1472294,1,0.423356908430298,0.4941858488253086,0.45877137862780326,12.0,0.0,50.583748031521296,47.27095249635391,-0.3653890356876608,2
1727218940.1808996,1,0.41131113865953606,0.49497474683058323,0.4531429427450596,12.0,0.01392655009388382,55.517409087037166,45.907388618417755,-0.2982674850402829,2
1727218940.2447808,1,0.40609104021452674,0.49497474683058323,0.450532893522555,12.0,0.02711630722733202,56.68464480219113,46.30085731183084,-0.22981971054133557,2
1727218940.2949622,1,0.36014408210814464,0.556267887140855,0.4582059846244998,12.0,0.02785310018776764,66.54406282648904,47.43602665706832,-0.14283542365752877,2
1727218940.3762448,1,0.33399258946208504,0.5388469829918595,0.4364197862269723,12.0,0.013130643285972255,66.50726283597798,45.621058953024594,-0.15232459661048725,2
1727218940.4318357,1,0.35394470591226973,0.5,0.4269723529561349,12.0,0.013208299532971179,67.17092370403664,44.73054838588385,-0.13417140835715463,2
1727218940.4818985,1,0.32884222049061834,0.5415900934268122,0.4352161569587153,12.0,0.03170017710367744,65.73772812090624,43.78801224632974,-0.12107272775584964,2
1727218940.547737,1,0.31622776601683794,0.5358859374484328,0.4260568517326354,12.0,0.013208299532971179,68.61072368353715,43.755248314226485,-0.08779215871632626,2
1727218940.6179445,1,0.28527736575647344,0.4710021267605585,0.378139746258516,12.0,0.026416599065942358,68.18905310765031,43.05458024509879,-0.05636740603811397,2
1727218940.665048,1,0.3178342909484466,0.44108109139123086,0.37945769116983874,12.0,0.0,70.22899328970132,42.06638137461696,-0.054101210124391494,2
1727218940.7165623,1,0.3208117263724111,0.47343207647399926,0.3971219014232052,12.0,0.0,69.80498946197,42.91772893203145,-0.07232009299196608,2
1727218940.8031585,1,0.29681187204106463,0.4710021267605585,0.3839069994008116,12.0,0.012803687993289598,70.5752563146973,40.0889692387054,-0.07454125159208137,2
1727218940.8462515,1,0.33319355210087526,0.471604126042881,0.4023988390718781,12.0,0.0,71.46339245692425,41.657292005120546,-0.10135843089631089,2
1727218940.9035487,1,0.35493747582961194,0.5,0.427468737914806,12.0,0.025751310131230238,73.357814183552,41.333816752154526,-0.07471341128843802,2
1727218940.9692936,1,0.37192051986472424,0.4221067622838206,0.3970136410742724,12.0,0.0,76.45240001438299,41.99166533975153,-0.038377990559220185,2
1727218941.0305824,1,0.34951515055333354,0.5317505248607237,0.44063283770702866,12.0,0.0,74.07676184950634,40.05329469284628,-0.048121978919615005,2
1727218941.0819073,1,0.36024467499140567,0.44516371337668237,0.402704194184044,12.0,0.017666631333439334,73.13549476790003,39.67336505179737,-0.03473423180985746,2
1727218941.1540842,1,0.37088774101302546,0.4472135954999579,0.4090506682564917,12.0,0.0,74.59634518862403,39.86236860599178,-0.03725763327642467,2
1727218941.2120526,1,0.37088774101302546,0.4472135954999579,0.4090506682564917,12.0,0.012559008982583207,76.94950608492368,39.818098256940516,-0.04226933907061142,2
1727218941.2579043,1,0.250397323472568,0.3930256593993746,0.32171149143597133,12.0,0.0,73.0104437381632,40.15222926019571,-0.0596980121624556,2
1727218941.3189723,1,0.13605957080274927,0.3183122821458827,0.22718592647431599,12.0,0.0,76.30855502493444,38.65295781019007,-0.04399738072121897,2
1727218941.3791234,1,0.2728714635854632,0.39620561362721496,0.3345385386063391,12.0,0.012559008982583207,73.67004427261773,38.00371728311805,-0.04353871928325271,2
1727218941.465537,1,0.3145091241282065,0.4146505661088741,0.36457984511854025,12.0,0.0,72.70168940111581,37.52125091836261,-0.039304652802197616,2
1727218941.5114274,1,0.33541019662496846,0.4710021267605585,0.40320616169276347,12.0,0.012875655065615119,76.21671128742027,37.514339426364344,-0.028461796573426394,2
1727218941.5611165,1,0.3522653865654017,0.4541556790921447,0.40321053282877317,12.0,0.025751310131230238,75.31781581009356,36.02321959182681,-0.0024395825634363558,2
1727218941.6616688,1,0.3522653865654017,0.5045320910334365,0.42839873879941914,12.0,0.012559008982583207,75.27185345451275,36.44954875409143,-0.011192239835090023,2
1727218941.6925528,1,0.34820970692960296,0.4750341749569001,0.41162194094325155,12.0,0.012875655065615119,74.26161708167237,35.050615500589146,-0.009174535763252988,2
1727218941.73922,1,0.324064041382491,0.4750341749569001,0.3995491081696956,12.0,0.012559008982583207,75.55308091783736,34.51869415858362,-0.013783238821330762,2
1727218941.801492,1,0.33688731693659296,0.4793012932694108,0.4080943051030019,12.0,0.01733438113203841,73.38408446204905,34.871475354536535,-0.009513230081114725,2
1727218941.8768637,1,0.36024467499140567,0.4219978575547771,0.3911212662730914,12.0,0.012618861628126718,77.4161328849412,35.92321998500407,0.014533865791593957,2
1727218941.9372005,1,0.34331525611080355,0.4479891892558391,0.39565222268332134,12.0,0.012559008982583207,74.88357487850963,34.12189707195108,0.011259562185580593,2
1727218941.9789393,1,0.34331525611080355,0.47398052095690113,0.40864788853385237,12.0,0.0,74.51288325949861,32.98304129432533,-0.0005323605600495953,2
1727218942.0492623,1,0.34174762283722065,0.40111231483078513,0.3714299688340029,12.0,0.025118017965166415,75.79207318077326,32.964113823650216,0.01916990879248655,2
1727218942.1159194,1,0.36024467499140567,0.44984166796162534,0.4050431714765155,12.0,0.025751310131230238,77.20173634362698,34.22975855162431,0.03563105838956408,2
1727218942.1618133,1,0.324064041382491,0.4285770503171327,0.3763205458498119,12.0,0.024514516892273006,78.41024149346771,33.093885707080574,0.04203513948006907,2
1727218942.2344296,1,0.35866514171771896,0.4318130187620133,0.3952390802398661,12.0,0.025118017965166415,77.1874802327588,32.58652590655531,0.04708206745233974,2
1727218942.3108852,1,0.36227076393649266,0.42726506110472234,0.3947679125206075,12.0,0.012559008982583207,76.72974164216546,32.27162215969344,0.060293211998986004,2
1727218942.3474727,1,0.33541019662496846,0.45031531464029323,0.39286275563263084,12.0,0.011911516380144925,73.58602239287316,29.57717720694977,0.03535825398155666,2
1727218942.4412012,1,0.35866514171771896,0.4772479250901308,0.4179565334039249,12.0,0.036063527762575875,71.82313058278444,27.554308940190552,0.07916913338742178,2
1727218942.4781218,1,0.36503695143960263,0.4772479250901308,0.42114243826486675,12.0,0.0,70.20192246924285,25.233683766525633,0.0655985445579247,2
1727218942.5245225,1,0.3442956346313523,0.5198372182010512,0.43206642641620174,12.0,0.0,69.94631375521907,23.303370497744464,0.07382748914681998,2
1727218942.608003,1,0.3624732559981062,0.45607017003965516,0.40927171301888066,12.0,0.0233890134862494,63.89670544372824,17.34990081191165,0.07740676318376194,0
1727218942.656319,1,0.2834187195593706,0.33135675230376294,0.30738773593156676,12.0,0.022518867455552247,59.63682230526057,10.875325700500753,0.08545948547647175,0
1727218942.7168548,1,0.33891719470228254,0.37729319862503036,0.3581051966636565,12.0,0.011013643340918164,57.6230955991847,-2.7879136829612605,0.08969288066923474,0
1727218942.776316,1,0.3262219966972523,0.37828360560535196,0.35225280115130214,12.0,0.04322367230736768,59.88744178639841,-11.302103296541883,0.07985704151138855,0
1727218942.8372827,1,0.349635167835615,0.37828360560535196,0.36395938672048345,12.0,0.022086305214969307,61.776898204809285,-15.27524753935537,0.07526205250802498,0
1727218942.8967772,1,0.3407853524510546,0.37729319862503036,0.3590392755380425,12.0,0.011067473785474295,61.79719762451052,-14.435933327821271,0.08600712817941625,0
1727218942.945466,1,0.3713906763541037,0.3971507353947688,0.38427070587443624,12.0,0.022633936510629633,63.46061370009564,-16.324705373786227,0.07634441462330462,0
1727218943.0278416,1,0.3746876657021407,0.36526469108241943,0.36997617839228003,12.0,0.011108368642573443,63.380174786051704,-20.725897943784343,0.051617931733535995,0
1727218943.0738897,1,0.44516371337668237,0.3519133545744083,0.39853853397554534,12.0,0.0,68.50729021040922,-29.480558293263222,0.0020846068559187744,2
1727218943.129144,1,0.5029098208801883,0.3834824944236852,0.44319615765193676,12.0,0.013493814503750113,67.93834112695541,-40.11623327678056,-0.03630084905567532,2
1727218943.2018187,1,0.47731307026554004,0.3881368500683573,0.43272496016694867,12.0,0.01460515594592465,75.17842840977794,-46.69129202371969,-0.06543777505528724,2
1727218943.2477152,1,0.3561309707013459,0.40497425957014005,0.380552615135743,12.0,0.031992834407549194,82.32555968317932,-50.58449258399424,-0.06868207767746463,2
1727218943.323732,1,0.3220783132004154,0.3850804603272789,0.35357938676384715,12.0,0.016583953170166487,85.12935379188134,-55.78154858743658,-0.04094679893524245,2
1727218943.3882287,1,0.2290393337255473,0.3831667112306769,0.3061030224781121,12.0,0.0,90.88129472261214,-54.09747822513892,-0.023634650549176846,2
1727218943.4372127,1,0.23768440030440827,0.36520654344654324,0.30144547187547577,12.0,0.0,87.13808733436237,-54.851385937625025,-0.027019592982667623,2
1727218943.4868913,1,0.23861999450875743,0.38823604081052177,0.31342801765963957,12.0,0.01605403247669839,86.57487426710362,-57.03269265401194,-0.04527777942036794,2
1727218943.5700505,1,0.24229192747236786,0.4036686135985457,0.3229802705354568,12.0,0.016583953170166487,88.70154725070532,-54.52463712050652,-0.03832626319693903,2
1727218943.6191335,1,0.2462678125181665,0.4010982270761047,0.3236830197971356,12.0,0.0,89.65163187456699,-54.69508096743489,-0.03810997679038585,2
1727218943.6732512,1,0.2940858488375231,0.3769806158792521,0.3355332323583876,12.0,0.035623524993954825,87.85248229039296,-55.76510125362573,-0.07412822116420736,2
1727218943.727896,1,0.2898704818803739,0.38416104685387253,0.3370157643671232,12.0,0.022762572680299274,86.67713145656086,-58.08212401098974,-0.059487967720325496,2
1727218943.7892675,1,0.24089346625214178,0.3610618503489734,0.3009776583005576,12.0,0.0,87.35089397232704,-53.97403731910836,-0.050415228987030804,2
1727218943.870093,1,0.33084657994221345,0.2556197687647307,0.29323317435347207,12.0,0.01609556949949126,87.78246883747673,-58.27835451444902,-0.10935140327053917,2
1727218943.9169586,1,0.2789485924374026,0.22960771806293956,0.25427815525017106,12.0,0.016583953170166487,90.66999151969708,-59.98622565687163,-0.06676545724049068,2
1727218943.9689546,1,0.2294197844647326,0.31716197120135853,0.27329087783304556,12.0,0.031189143077590267,91.41025623031018,-58.22981559858637,-0.06349613277707718,2
1727218944.0689616,1,0.3142936330963102,0.29102549154161583,0.302659562318963,12.0,0.036428770995902415,86.73621345866322,-57.74591230264647,-0.06453138184502642,2
1727218944.1010504,1,0.3090398323477543,0.3327230074879373,0.3208814199178458,12.0,0.045267873021259265,84.25477739852177,-57.11154621066801,-0.0751081325834457,2
1727218944.1493537,1,0.3210939431384852,0.3198140981161251,0.32045402062730516,12.0,0.03219113899898252,89.58874443102869,-57.74574932118238,-0.08142158472945178,2
1727218944.2399144,1,0.3421286645713675,0.34575543399357384,0.34394204928247063,12.0,0.034159349284257755,85.69994504020521,-58.34157787271391,-0.08909050393675323,2
1727218944.2742667,1,0.3233808333817773,0.3200333741776192,0.32170710377969824,12.0,0.016583953170166487,85.24042205904705,-55.121251175905755,-0.09575438638281522,2
1727218944.3321388,1,0.3142936330963102,0.3423528577287193,0.3283232454125148,12.0,0.03429971702850177,91.41723444686215,-60.521857618506516,-0.0870340322338799,2
1727218944.390258,1,0.2623360911485515,0.3356317608678361,0.2989839260081938,12.0,0.01605403247669839,86.97233207038268,-56.70665162251836,-0.07558082692500719,2
1727218944.4820933,1,0.3233808333817773,0.3460319277874548,0.33470638058461605,12.0,0.022703830459324992,87.3220707346919,-58.61165090324946,-0.09851787294402159,2
1727218944.5152678,1,0.3421286645713675,0.34931511417056416,0.3457218893709658,12.0,0.033167906340332974,85.39369475905747,-58.08966238671928,-0.09057850674525948,2
1727218944.5703695,1,0.33728926004813764,0.3324771832892598,0.3348832216686987,12.0,0.0,85.8565832064226,-57.24708196131559,-0.07869578451463502,2
1727218944.6386483,1,0.2940858488375231,0.31362440383718987,0.30385512633735645,12.0,0.03219113899898252,90.26065415432217,-57.92535637676251,-0.08522647535491766,2
1727218944.7026448,1,0.2403809869102058,0.32590875719237655,0.2831448720512912,12.0,0.01609556949949126,90.28019458616662,-60.48557213454455,-0.06465715702642688,2
1727218944.7499504,1,0.25766265056033233,0.34931511417056416,0.30348888236544824,12.0,0.0,90.9807962721503,-57.79379096177302,-0.06534314755000872,2
1727218944.825475,1,0.26162761578477417,0.36355446197795993,0.3125910388813671,12.0,0.03219113899898252,88.76308480464442,-58.609141484781475,-0.0780496986457561,2
1727218944.882215,1,0.21221867190679136,0.349035996975239,0.2806273344410152,12.0,0.01605403247669839,86.36960924585426,-58.17060318534133,-0.04738906136402596,2
1727218944.9296536,1,0.25298221281347033,0.32590875719237655,0.28944548500292344,12.0,0.016520465011377244,88.71213708299913,-58.48801079559113,-0.058000432594865356,2
1727218945.0116189,1,0.26953584668754665,0.3794125743864559,0.3244742105370013,0.0,0.0,91.05796031046644,-60.071347871392256,-0.06190508711287707,2
1727218945.057275,1,0.2898704818803739,0.37985182844013354,0.3348611551602537,0.0,0.03429971702850177,87.10059167283192,-59.26005156818014,-0.05555967410041721,2
1727218945.1322668,1,0.2254548192402908,0.35920484359779853,0.2923298314190447,0.0,0.0,88.40318735647222,-60.50740963896175,-0.03758204140240848,2
1727218945.1809993,1,0.2728525781658746,0.37778767366761146,0.32532012591674303,0.0,0.03219113899898252,92.18092293765481,-65.03609132091987,-0.04817103193730454,2
1727218945.2553873,1,0.3177515445045886,0.40005955922879094,0.35890555186668976,0.0,0.03219113899898252,94.03714746145967,-62.9390440775414,-0.0692266628695617,2
1727218945.293303,1,0.26162761578477417,0.40387174435823175,0.33274968007150296,0.0,0.0,90.46143948136985,-62.53902833177357,-0.057596721860483216,2
1727218945.356536,1,0.25766265056033233,0.42114365831734274,0.3394031544388375,0.0,0.0,88.17048375227331,-60.15242846693077,-0.038873258260140986,2
1727218945.437814,1,0.2403809869102058,0.37778767366761146,0.30908433028890864,0.0,0.016629752630943483,89.6872921166788,-62.88926301343503,-0.05675489580577426,2
1727218945.484519,1,0.22135943621178655,0.4391532477126939,0.3302563419622402,0.0,0.016629752630943483,89.05153737481511,-63.94291958870469,-0.05438943151410474,2
1727218945.545414,1,0.25766265056033233,0.40005955922879094,0.32886110489456166,0.0,0.015594571538795133,86.7582580471599,-64.02015089702013,-0.060494995503940566,2
1727218945.5921698,1,0.2916024978612923,0.38088831650490734,0.3362454071830998,0.0,0.01609556949949126,92.58376961562915,-59.615442416360864,-0.06163362089656736,2
1727218945.6717892,1,0.2459536246394564,0.36947426388839794,0.3077139442639272,0.0,0.0,91.23964262132341,-61.72744589813299,-0.07781513899552342,2
1727218945.7353497,1,0.27472112789737807,0.4082250938750559,0.341473110886217,0.0,0.01609556949949126,86.00714874015608,-56.484476663909575,-0.05399896326832202,2
1727218945.779847,1,0.3638034375544995,0.38909528798656356,0.37644936277053154,0.0,0.0,84.84084879352486,-56.40187223956996,-0.07807148232155008,2
1727218945.862199,1,0.283113883008419,0.3402983670867313,0.3117061250475751,0.0,0.0,83.2305997499401,-58.463541138352966,-0.09530443583185033,2
1727218945.9024339,1,0.3526730592930675,0.3048953896012723,0.3287842244471699,0.0,0.01609556949949126,84.52381274228725,-57.805585116224535,-0.0942774328991611,2
1727218945.958573,1,0.40196026221723297,0.29495646543959253,0.3484583638284128,0.0,0.015123765100472588,74.43174802909405,-49.34407219862184,-0.08566925921774345,2
1727218946.0429251,1,0.5012610358876229,0.3054774366909049,0.4033692362892639,0.0,0.04257997168527447,62.93241109791256,-48.55273129637942,-0.11227171623027365,0
1727218946.079351,1,0.44432973787134955,0.3105971478222138,0.3774634428467817,0.0,0.04381546783777395,47.17622142547028,-48.9005833400856,-0.1251296481355316,0
1727218946.1358047,1,0.419722932888163,0.3093260638371127,0.36452449836263784,0.0,0.04467702638445082,32.43513741938879,-45.89300707361343,-0.13184569643180014,0
1727218946.2123182,1,0.3868773630048145,0.27540147844384355,0.331139420724329,0.0,0.012782749814122842,24.626492729228534,-46.4488195522505,-0.1347552400571125,0
1727218946.2596726,1,0.3922322702763681,0.28504385627478446,0.3386380632755763,0.0,0.0,17.57197838463035,-45.943165792814476,-0.13483268308637636,0
1727218946.3382268,1,0.4044505494044732,0.30260003407321345,0.35352529173884334,0.0,0.012195121951219513,14.910087784780861,-44.792476131887014,-0.12085640007383251,0
1727218946.3920271,1,0.40382783841251346,0.30091213723418164,0.35236998782334755,0.0,0.012191496227354269,15.46703210457061,-44.000851796271306,-0.11116482247058958,0
1727218946.4522946,1,0.3771405769548297,0.30260003407321345,0.3398703055140216,0.0,0.0,13.823345837810468,-40.26369163416393,-0.1089870922828669,0
1727218946.5028257,1,0.4080226609174049,0.28345388743864336,0.34573827417802416,0.0,0.011891287353862351,13.699844090352713,-40.54512069444998,-0.10057999141451765,0
1727218946.5619235,1,0.38105836751350153,0.30260003407321345,0.3418292007933575,0.0,0.0,13.870130903079627,-40.38188217824257,-0.11002876685586255,0
1727218946.6202307,1,0.38105836751350153,0.3058519033069538,0.34345513541022765,0.0,0.012180638428352398,14.46906146786722,-40.65685634578056,-0.10814478168647287,0
1727218946.7013223,1,0.40382783841251346,0.28504385627478446,0.34443584734364896,0.0,0.0,14.548583884113501,-41.140587782481205,-0.11355472456614862,0
1727218946.7534316,1,0.37061939766365143,0.31212985159776147,0.34137462463070645,0.0,0.0,17.52009584828786,-42.81943181328231,-0.11785866463656403,0
1727218946.7978024,1,0.3830806390488961,0.31050369369538894,0.3467921663721425,0.0,0.0,17.57230921517057,-40.98432225910383,-0.11006782562608378,0
1727218946.8607163,1,0.4285770503171327,0.30043799185654446,0.3645075210868386,0.0,0.0,19.165260847301468,-43.15267157739171,-0.11548829958111255,0
1727218946.93301,1,0.4072030389200319,0.3149336393584103,0.3610683391392211,0.0,0.0,16.52205036123958,-42.4968516387429,-0.11027533431197935,0
1727218947.018941,1,0.4072030389200319,0.30043799185654446,0.3538205153882882,0.0,0.0,17.705905757856296,-41.027391093088134,-0.10980702800862684,0
1727218947.0489016,1,0.3583318073667782,0.3167873146852743,0.33755956102602624,0.0,0.0,17.948946643206305,-41.156509140215064,-0.10619225492021268,0
1727218947.096139,1,0.3830806390488961,0.31050369369538894,0.3467921663721425,0.0,0.012180638428352398,16.219802129172763,-41.78899087528865,-0.11322772233814458,0
1727218947.1733158,1,0.40318847018580406,0.31050369369538894,0.3568460819405965,0.0,0.012191496227354269,18.343714708746962,-42.93843472716658,-0.11720841938546832,0
1727218947.2284644,1,0.3783331390041006,0.3077145133220189,0.3430238261630597,0.0,0.0,17.47670127083036,-42.837255799947584,-0.1137093577251459,0
1727218947.2912872,1,0.3535533905932738,0.3167873146852743,0.3351703526392741,0.0,0.0,16.359375279622167,-41.040455635220574,-0.11446247249493845,0
1727218947.349183,1,0.388158028512896,0.2855034086710154,0.3368307185919557,0.0,0.0,18.07364992255274,-42.01597172877139,-0.1137301257232672,0
1727218947.4169278,1,0.3778611074553422,0.3077145133220189,0.34278781038868056,0.0,0.0,15.865638857182674,-43.178954885369976,-0.11558151379154467,0
1727218947.4597194,1,0.3830806390488961,0.31050369369538894,0.3467921663721425,0.0,0.0,16.494070427486072,-41.08854688597837,-0.1184403545940932,0
1727218947.5473063,1,0.4072030389200319,0.31050369369538894,0.3588533663077104,0.0,0.0,17.308078215660068,-42.13654603260096,-0.10504648862747826,0
1727218947.5797343,1,0.4072030389200319,0.29773922927395485,0.3524711340969934,0.0,0.0,17.43255089908564,-42.415545397458175,-0.11739204212916773,0
1727218947.6405299,1,0.40260993913746,0.31050369369538894,0.35655681641642445,0.0,0.012484404235973058,17.385824080698566,-42.29870946064623,-0.1186961113865011,0
1727218947.7195494,1,0.40260993913746,0.313292874068759,0.35795140660310953,0.0,0.0,18.323675340864074,-42.44055663113019,-0.12435643378289951,0
1727218947.7587237,1,0.387673738831468,0.3149336393584103,0.35130368909493914,0.0,0.011901388973144479,17.102726319887292,-42.58283552399742,-0.11868536636158478,0
1727218947.8231053,1,0.387673738831468,0.2770921680671338,0.3323829534493009,0.0,0.012496095580101535,18.110019508460745,-41.296831436087174,-0.12159205316471705,0
1727218947.9043462,1,0.39223227027636803,0.29516755890112695,0.3436999145887475,0.0,0.0,16.66320905704426,-40.93625225113058,-0.10995017809036053,0
1727218947.947446,1,0.39223227027636803,0.3241419213351964,0.35818709580578223,0.0,0.0,17.201629542998866,-42.29747379502129,-0.11812247910180473,0
1727218948.0025656,1,0.4303932964357186,0.2939660893178147,0.36217969287676666,0.0,0.0,16.954981967508935,-42.17998079686712,-0.11965644931998808,0
1727218948.091427,1,0.4072030389200319,0.2939660893178147,0.3505845641189233,0.0,0.012191496227354269,17.259125887538953,-41.54472496196769,-0.11518278202788622,0
1727218948.1298716,1,0.41026434366535963,0.2885424060800026,0.34940337487268114,0.0,0.0,18.698634918467793,-41.37722375070683,-0.12331819537390203,0
1727218948.1862097,1,0.41179613870260373,0.2967552696911847,0.35427570419689425,0.0,0.0,19.13612831308692,-42.92133831540454,-0.12374453737411857,0
1727218948.2641485,1,0.387673738831468,0.2955056371199181,0.34158968797569306,0.0,0.012191496227354269,18.169233330967234,-42.229856486692725,-0.1193176672252495,0
1727218948.317409,1,0.35752266422167156,0.3183703870297199,0.3379465256256957,0.0,0.0,15.92412694564803,-44.67636637327281,-0.11320936559600889,0
1727218948.3619163,1,0.3980300543444407,0.290840592071338,0.3444353232078894,0.0,0.0,15.316395352782568,-43.93984263674791,-0.11931133309116361,0
1727218948.4293857,1,0.3922322702763681,0.30091213723418164,0.34657220375527487,0.0,0.0,17.314229290510106,-43.13844121359595,-0.11643047164571659,0
1727218948.4927337,1,0.3642913955919285,0.290840592071338,0.32756599383163326,0.0,0.0,15.43790751698199,-44.12902383724547,-0.12163438881187755,0
1727218948.540735,1,0.40382783841251346,0.290840592071338,0.34733421524192576,0.0,0.0,16.23993339763969,-43.74738795301881,-0.11609936384224982,0
1727218948.610411,1,0.40382783841251346,0.30091213723418164,0.35236998782334755,0.0,0.0,17.04246110328397,-43.00374761205974,-0.11531516311892903,0
1727218948.6946235,1,0.3715277389995899,0.28989956026721014,0.3307136496334,0.0,0.0,16.955262294857324,-42.92916298724432,-0.12223289058627575,0
1727218948.7222834,1,0.3648216135955787,0.28989956026721014,0.3273605869313944,0.0,0.0,15.722453365643517,-43.4739498939749,-0.11367196576679875,0
1727218948.7901032,1,0.37061939766365143,0.30091213723418164,0.3357657674489165,0.0,0.0,15.051059069907605,-43.60302265267053,-0.11756171817812376,0
1727218948.8736348,1,0.35202916039042503,0.29981770430178595,0.3259234323461055,0.0,0.0,16.454062222247803,-43.8776188150345,-0.11995844827866915,0
1727218948.9121037,1,0.3721006425611732,0.30091213723418164,0.33650638989767745,0.0,0.0,15.3904195075528,-44.2840240500325,-0.11245457923689131,0
1727218948.9733794,1,0.3922322702763681,0.3183703870297199,0.355301328653044,0.0,0.0,16.25515120822143,-43.34648969911855,-0.11842679444152138,0
1727218949.0489168,1,0.40382783841251346,0.3183703870297199,0.3610991127211167,0.0,0.011901388973144479,15.69735180872869,-43.405930793016374,-0.11672422601043876,0
1727218949.0953734,1,0.3771405769548297,0.2897827898671264,0.33346168341097804,0.0,0.0,16.479389334001812,-41.80064187124812,-0.11046620589792276,0
1727218949.1488907,1,0.39129032967729854,0.28504385627478446,0.33816709297604153,0.0,0.012191496227354269,15.247004801954876,-43.82673397201099,-0.12207125538947054,0
1727218949.223702,1,0.3933090378114018,0.28345388743864336,0.33838146262502256,0.0,0.0,16.70570568002383,-44.66653024192346,-0.12769886233620242,0
1727218949.2782943,1,0.3771405769548297,0.3057786292817528,0.34145960311829127,0.0,0.0,15.4574585531881,-43.189319530548254,-0.11739566337200873,0
1727218949.3255777,1,0.3980300543444407,0.30091213723418164,0.3494710957893112,0.0,0.02499219116020307,15.571658328059874,-43.42829402066455,-0.12029385515559991,0
1727218949.4291606,1,0.39864382503183315,0.2923637711404781,0.3455037980861556,0.0,0.012496095580101535,17.100710004398934,-44.66584899849657,-0.1253039250720832,0
1727218949.4598343,1,0.40382783841251346,0.29981770430178595,0.3518227713571497,0.0,0.012496095580101535,15.68044331830375,-45.50628465870137,-0.1183186564896181,0
1727218949.5061033,1,0.40382783841251346,0.30091213723418164,0.35236998782334755,0.0,0.0125,14.891246529318154,-44.237068995603764,-0.11739526101720925,0
1727218949.5772283,1,0.3922322702763681,0.28989956026721014,0.3410659152717891,0.0,0.012191496227354269,15.393898238154817,-44.032956245787574,-0.10722672080537413,0
1727218949.6398249,1,0.40382783841251346,0.3173967681501517,0.3606123032813326,0.0,0.0,15.442154342046472,-43.74801496493142,-0.115318849579949,0
1727218949.7002048,1,0.37061939766365143,0.30162095390436544,0.33612017578400843,0.0,0.0,14.38259768286507,-44.68435311599153,-0.1147114512150173,0
1727218949.7704034,1,0.40382783841251346,0.30091213723418164,0.35236998782334755,0.0,0.012496095580101535,15.053862951664218,-44.669646702939005,-0.1176825935592757,0
1727218949.8242147,1,0.37790736693381327,0.30091213723418164,0.3394097520839975,0.0,0.0,15.460850023060535,-45.13766678360312,-0.11790274147786806,0
1727218949.8836567,1,0.3648216135955787,0.30091213723418164,0.33286687541488014,0.0,0.012496095580101535,15.443851582864486,-44.756025341906664,-0.11830947417952783,0
1727218949.9343061,1,0.40382783841251346,0.29981770430178595,0.3518227713571497,0.0,0.012496095580101535,16.473333552368878,-43.54061087763904,-0.12134006475759529,0
1727218950.011015,1,0.39864382503183315,0.30052038200428266,0.3495821035180579,0.0,0.011904761904761904,15.97037473024415,-44.20471285839767,-0.12026518753388116,0
1727218950.0544794,1,0.3922322702763681,0.29981770430178595,0.34602498728907705,0.0,0.0,14.682431633057176,-43.529442013077286,-0.11448269128197591,0
1727218950.129615,1,0.4044505494044732,0.29981770430178595,0.3521341268531296,0.0,0.012496095580101535,15.965110149638617,-43.727695086736304,-0.12075239383505673,0
1727218950.1744535,1,0.4312866983476622,0.30091213723418164,0.3660994177909219,0.0,0.0,16.343355845176315,-44.24891995872622,-0.11554840682876505,0
1727218950.2346878,1,0.4044505494044732,0.29993851835461344,0.35219453387954336,0.0,0.0,16.792759070209332,-43.79593506949837,-0.10938163577633601,0
1727218950.3173406,1,0.4044505494044732,0.306773481517891,0.35561201546118215,0.0,0.012191496227354269,14.774993938763705,-43.65381576620096,-0.11042386603088862,0
1727218950.349281,1,0.39864382503183315,0.28235945450624766,0.3405016397690404,0.0,0.0125,15.70856393411856,-44.06416839007523,-0.11977797124053764,0
1727218950.4095283,1,0.3980300543444407,0.28126502157385197,0.3396475379591464,0.0,0.0,14.369742778015674,-44.71429099950656,-0.1105995345972831,0
1727218950.4837952,1,0.3980300543444407,0.29993851835461344,0.34898428634952705,0.0,0.0,16.747944149808383,-44.56672626072689,-0.11421791370234961,0
1727218950.545953,1,0.3980300543444407,0.3164231492705835,0.3572266018075121,0.0,0.0,15.59013053953067,-44.414040071115735,-0.11275911081014037,0
1727218950.6025064,1,0.3980300543444407,0.29981770430178595,0.3489238793231133,0.0,0.0,15.80041838964232,-44.18499772016338,-0.11295582154401851,0
1727218950.662417,1,0.3980300543444407,0.3173967681501517,0.3577134112472962,0.0,0.0,14.754411431123945,-44.122464543172114,-0.11258765094483553,0
1727218950.711651,1,0.40382783841251346,0.3077145133220189,0.35577117586726614,0.0,0.012191496227354269,14.12176992063942,-41.94847403073582,-0.11095174022074995,0
1727218950.7906644,1,0.40382783841251346,0.29993851835461344,0.3518831783835634,0.0,0.025,15.948622145376081,-43.509879810521895,-0.12022040524576302,0
1727218950.8472092,1,0.3721006425611732,0.29884408542221774,0.33547236399169544,0.0,0.0,16.184284054564205,-44.150444399719106,-0.11716770963048906,0
1727218950.8921382,1,0.40382783841251346,0.33497583199851744,0.36940183520551545,0.0,0.012496095580101535,14.80864112283367,-43.47985983064233,-0.11804287647864119,0
1727218950.9593797,1,0.42552071695623567,0.3164231492705835,0.3709719331134096,0.0,0.0,14.670204192970715,-43.757336108455135,-0.11175557210629289,0
1727218951.0558429,1,0.40382783841251346,0.29993851835461344,0.3518831783835634,0.0,0.0,16.595564687174473,-44.260252479918584,-0.11809008450956861,0
1727218951.08972,1,0.38263408078607625,0.30091213723418164,0.3417731090101289,0.0,0.012496095580101535,14.633224935740596,-44.21904549107175,-0.11750947441718768,0
1727218951.1320126,1,0.4213650859980733,0.31622776601683794,0.36879642600745566,0.0,0.0,14.424639222090992,-44.84828294681598,-0.11770948248523877,0
1727218951.2162983,1,0.40318847018580406,0.3048435176678406,0.35401599392682237,0.0,0.0,15.151231114078813,-45.334835989366695,-0.1236498368564245,0
1727218951.2610736,1,0.4504674246007231,0.29981770430178595,0.3751425644512545,0.0,0.0,16.097393096261776,-43.87938767121447,-0.11987612455809787,0
1727218951.3379297,1,0.39234744377860015,0.30091213723418164,0.34662979050639087,0.0,0.012191496227354269,15.750270157822685,-44.12318942302251,-0.11400722327804526,0
1727218951.3799467,1,0.3771405769548297,0.29141781100108166,0.3342791939779557,0.0,0.0,16.659612115798158,-44.546895545942064,-0.12329942545189009,0
1727218951.4435997,1,0.37790736693381327,0.30052038200428266,0.33921387446904794,0.0,0.0,16.47239597759596,-44.739520477203584,-0.11514135608415563,0
1727218951.5188675,1,0.40382783841251346,0.2897827898671264,0.34680531413981996,0.0,0.012191496227354269,15.519804849851022,-45.230568716984436,-0.11680634484719458,0
1727218951.5568426,1,0.40382783841251346,0.3057786292817528,0.35480323384713314,0.0,0.0,15.935951511098619,-44.03048052049829,-0.12009736450291822,0
1727218951.6143682,1,0.35116849077071005,0.290840592071338,0.321004541421024,0.0,0.0125,15.722417239153648,-44.527344431876294,-0.11957391768069375,0
1727218951.683735,1,0.3508232077228117,0.29773922927395485,0.3242812184983833,0.0,0.0,14.680161321633062,-44.69714123674976,-0.11541833951968218,0
1727218951.7396274,1,0.4080226609174049,0.3077145133220189,0.3578685871197119,0.0,0.0,15.283443546559724,-44.201797937724564,-0.12593450114884033,0
1727218951.7926602,1,0.3776625710827893,0.290840592071338,0.33425158157706364,0.0,0.0,15.69426155287621,-44.738185278156486,-0.11488508634975901,0
1727218951.8622205,1,0.38316367838318516,0.30091213723418164,0.3420379078086834,0.0,0.012195121951219513,16.406733509397377,-43.34945515918504,-0.11556639203461776,0
1727218951.9206603,1,0.3525163982158483,0.28989956026721014,0.3212079792415292,0.0,0.012191496227354269,14.512966063228706,-44.07545172193031,-0.11380112363103598,0
1727218952.015267,1,0.3776625710827893,0.28038880448126324,0.32902568778202623,0.0,0.0,15.385701051314143,-42.66136047606089,-0.10665384676864963,0
1727218952.0456638,1,0.3776625710827893,0.3077145133220189,0.3426885422024041,0.0,0.0,15.45022879144317,-43.704597321243014,-0.1138185549390296,0
1727218952.094355,1,0.3587794425286498,0.290840592071338,0.3248100172999939,0.0,0.012496095580101535,15.180636091153561,-43.56472056501911,-0.11517006871913063,0
1727218952.164046,1,0.3535533905932738,0.2923637711404781,0.32295858086687596,0.0,0.012191496227354269,16.341814170436265,-43.93782269532815,-0.11027190759017647,0
1727218952.2345297,1,0.3783331390041006,0.290840592071338,0.3345868655377193,0.0,0.012191496227354269,16.090828675774386,-43.92664146228235,-0.11253351772402088,0
1727218952.2953045,1,0.3535533905932738,0.2729088686164455,0.31323112960485966,0.0,0.0,16.70219672283163,-44.002159560312386,-0.12000568996535982,0
1727218952.3346708,1,0.4030862911342315,0.27540147844384355,0.33924388478903755,0.0,0.012195121951219513,15.476832828893315,-43.642872662028125,-0.1086750334240299,0
1727218952.4009914,1,0.3587794425286498,0.27540147844384355,0.3170904604862467,0.0,0.0,15.600470392580121,-42.92782927467917,-0.11940670540014793,0
1727218952.4742885,1,0.3640054944640259,0.28141231555848256,0.32270890501125427,0.0,0.02499219116020307,15.07219616331218,-42.562441542094334,-0.10970675486770466,0
1727218952.5153177,1,0.3780770536213994,0.27540147844384355,0.3267392660326215,0.0,0.0,15.967915928320409,-45.32514976281364,-0.11600615856544676,0
1727218952.5881968,1,0.3525163982158483,0.25486037476146933,0.3036883864886588,0.0,0.0,15.564900632921187,-44.36687173996043,-0.10986207473357519,0
1727218952.6455445,1,0.3516545373573352,0.25606786603917014,0.3038612016982527,0.0,0.0,16.13075953913996,-44.5019318834298,-0.11336238651045426,0
1727218952.717923,1,0.3516545373573352,0.25486037476146933,0.30325745605940224,0.0,0.0,16.609584936966833,-44.1756764894815,-0.11259436332854728,0
1727218952.7563026,1,0.33741095691478934,0.28884175806299855,0.31312635748889395,0.0,0.0,16.37788532920866,-45.07790403347442,-0.11832304777733094,0
1727218952.8602405,1,0.3461534300569393,0.29884408542221774,0.32249875773957853,0.0,0.012496095580101535,15.15287264582257,-44.94359109118679,-0.11986390904752901,0
1727218952.8917441,1,0.35136418446315326,0.26478039065788195,0.30807228756051763,0.0,0.0,15.0239776808011,-44.067278304949944,-0.11710964352815485,0
1727218952.937651,1,0.3508232077228117,0.27556160553482706,0.3131924066288194,0.0,0.029432875537699094,15.100765064251682,-45.58909676177751,-0.11819123817385016,0
1727218953.0121946,1,0.35136418446315326,0.26602969626022877,0.30869694036169104,0.0,0.0,13.899900591286407,-47.24121970276933,-0.10999484744592866,0
1727218953.073685,1,0.40382783841251346,0.30091213723418164,0.35236998782334755,0.0,0.024382992454708537,14.375589484800852,-45.48691457354788,-0.1226606943776343,0
1727218953.1200514,1,0.38263408078607625,0.290840592071338,0.3367373364287071,0.0,0.0,13.224325487561492,-44.37011432054797,-0.11538436700563376,0
1727218953.1988971,1,0.3994467245407753,0.30091213723418164,0.3501794308874785,0.0,0.0125,14.738776281060485,-45.452778842743115,-0.1127335551028187,0
1727218953.2575147,1,0.3773255230676626,0.29993851835461344,0.338632020711138,0.0,0.0,14.796293240988476,-44.986052659350655,-0.11770185789142006,0
1727218953.302963,1,0.4044505494044732,0.27396667082065707,0.33920861011256515,0.0,0.023809523809523808,14.763551610282413,-44.3743873366851,-0.11164901094263853,0
1727218953.379836,1,0.3980300543444407,0.30091213723418164,0.3494710957893112,0.0,0.0,14.438402671901436,-44.4758453000123,-0.11456889053107634,0
1727218953.4253142,1,0.40382783841251346,0.31068538904275256,0.357256613727633,0.0,0.0,13.608604991877918,-44.82803861743021,-0.11302103708828211,0
1727218953.5088966,1,0.37119090054385384,0.29993851835461344,0.33556470944923367,0.0,0.0,14.36614362190835,-45.44131065669753,-0.11139657969754313,0
1727218953.5393786,1,0.3980300543444407,0.29993851835461344,0.34898428634952705,0.0,0.0,13.161666010822117,-45.93966887762712,-0.11380568923166638,0
1727218953.6095939,1,0.39234744377860015,0.30091213723418164,0.34662979050639087,0.0,0.012191496227354269,14.689752054022133,-45.94951316265344,-0.11666998781831549,0
1727218953.6892307,1,0.40382783841251346,0.29884408542221774,0.3513359619173656,0.0,0.0,13.40032420371779,-44.37682594076244,-0.11547480181715804,0
1727218953.7282708,1,0.3994467245407753,0.31622776601683794,0.3578372452788066,0.0,0.0,15.856714527436386,-46.59183352202571,-0.11757698504679379,0
1727218953.7912889,1,0.4044505494044732,0.3164231492705835,0.3604368493375284,0.0,0.012496095580101535,14.648765169029009,-45.77997524828922,-0.11618273745230595,0
1727218953.8634987,1,0.4044505494044732,0.3287691722110071,0.36660986080774016,0.0,0.012191496227354269,13.690704398767291,-44.60237589260784,-0.11291776174921254,0
1727218953.9177492,1,0.4044505494044732,0.3297776760938608,0.36711411274916705,0.0,0.0,12.712363696993147,-45.5512207485376,-0.11246675953253894,0
1727218953.9715962,1,0.4312866983476622,0.31526069955657404,0.37327369895211815,0.0,0.011901388973144479,14.436135700690826,-45.734256992826694,-0.10960208042991214,0
1727218954.0348816,1,0.39864382503183315,0.2914915440650687,0.34506768454845094,0.0,0.0,14.955563309259565,-44.49438422030029,-0.11962131122899983,0
1727218954.0849414,1,0.3980300543444407,0.34447445182724723,0.371252253085844,0.0,0.024390243902439025,14.477378395687303,-43.914503197293335,-0.11547930124710756,0
1727218954.1592915,1,0.4312866983476622,0.31622776601683794,0.3737572321822501,0.0,0.012496095580101535,15.24502298488696,-45.54577839853967,-0.11519057336229488,0
1727218954.2024803,1,0.3716470731235832,0.3335923230710924,0.3526196980973378,0.0,0.0,14.611466493586507,-45.29787522898988,-0.11164012625444374,0
1727218954.2638397,1,0.37790736693381327,0.3142936330963102,0.34610050001506176,0.0,0.011901388973144479,15.48337407932512,-46.19954767152705,-0.11027747595903392,0
1727218954.3312585,1,0.3776625710827893,0.3173967681501517,0.34752966961647047,0.0,0.012191496227354269,15.041437205900953,-44.544214169811546,-0.11167566076613683,0
1727218954.3822193,1,0.3525163982158483,0.32172731800417,0.33712185811000916,0.0,0.012496095580101535,15.08463297329078,-45.333313218445795,-0.11202068821933182,0
1727218954.4555802,1,0.42617687882164074,0.3327214569508135,0.3794491678862271,0.0,0.012191496227354269,13.975701170322361,-44.67128440679282,-0.11181895315687637,0
1727218954.5177555,1,0.42917023682983874,0.31526069955657404,0.3722154681932064,0.0,0.0125,14.33523226174665,-46.33081934750148,-0.11595973150196347,0
1727218954.561633,1,0.40382783841251346,0.32172731800417,0.3627775782083417,0.0,0.0,14.47840062960779,-44.14731881101987,-0.1156264586867035,0
1727218954.6295564,1,0.40382783841251346,0.33497583199851744,0.36940183520551545,0.0,0.0,14.282639309580873,-45.312514121733,-0.12058838252056556,0
1727218954.7267807,1,0.42037015444900067,0.3057786292817528,0.3630743918653767,0.0,0.0,14.974494526432371,-45.017419284255034,-0.11053716362319929,0
1727218954.7544036,1,0.42552071695623567,0.35333481042363707,0.38942776368993637,0.0,0.012195121951219513,13.970080246215115,-45.93203697885113,-0.11619005520485325,0
1727218954.8021197,1,0.3980300543444407,0.31622776601683794,0.3571289101806393,0.0,0.017246506858208478,15.03090550552719,-45.42897352682472,-0.11371849611159031,0
1727218954.8791664,1,0.40318847018580406,0.3246115944680111,0.3639000323269076,0.0,0.0,13.89591427210779,-44.79234028294873,-0.11950081580172978,0
1727218954.9664207,1,0.4213650859980733,0.352458043695476,0.3869115648467747,0.0,0.012191496227354269,16.17867209795145,-46.406342084437654,-0.11486370473006703,0
1727218954.994724,1,0.40382783841251346,0.3173967681501517,0.3606123032813326,0.0,0.017246506858208478,13.758921337410573,-44.62343093849518,-0.11366739479498936,0
1727218955.0439062,1,0.40318847018580406,0.35008601400506795,0.37663724209543603,0.0,0.012496095580101535,15.143019850413399,-45.11295023565731,-0.11717617519963638,0
1727218955.1219933,1,0.42552071695623567,0.3236705626638832,0.37459563981005944,0.0,0.0,14.471500924139406,-44.91738653862993,-0.11878760367561725,0
1727218955.1836455,1,0.42617687882164074,0.33645866911686956,0.38131777396925515,0.0,0.011904761904761904,14.118096173173743,-46.15192807509678,-0.11020763682831392,0
1727218955.2444224,1,0.3771405769548297,0.3335923230710924,0.3553664500129611,0.0,0.012195121951219513,13.135552827217019,-44.33014661973684,-0.1140950237376438,0
1727218955.3257,1,0.3721006425611732,0.35008601400506795,0.3610933282831206,0.0,0.0,14.51546476854551,-45.062245601738944,-0.10953094817192335,0
1727218955.3568685,1,0.19908326484529884,0.24860550508181417,0.22384438496355652,0.0,0.024390243902439025,14.604832033022479,-46.232514744765865,-0.1081967450868809,0
1727218955.4065945,1,0.1868454193938467,0.1761595507827113,0.181502485088279,0.0,0.0,14.35790405105261,-48.442094856652645,-0.11662949512021373,0
1727218955.4935186,1,0.29871519752227077,0.23123202343546628,0.2649736104788685,0.0,0.012496095580101535,14.247237274751512,-46.30899898628587,-0.1156828194057322,0
1727218955.5357199,1,0.3580175055162441,0.2522802691076882,0.30514888731196615,0.0,0.02499219116020307,14.564191404219176,-45.706718733341816,-0.11724387774765112,0
1727218955.5950692,1,0.4044505494044732,0.28668761781189944,0.34556908360818633,0.0,0.0,14.30377247757489,-45.82338576041497,-0.11910568693597402,0
1727218955.6727068,1,0.07352146220938079,0.18499972350417196,0.12926059285677638,0.0,0.0,16.318494426503296,-47.769336234633485,-0.11883213093935932,0
1727218955.7143111,1,0.1762899222231827,0.1761595507827113,0.176224736502947,0.0,0.012496095580101535,13.132966644030152,-48.28754665886481,-0.11832264857609147,0
1727218955.782969,1,0.2679985157046388,0.23123202343546628,0.24961526957005253,0.0,0.0,13.923685474770426,-46.42333439827997,-0.11719310450337277,0
1727218955.8392627,1,0.3642913955919285,0.2562190327837664,0.31025521418784746,0.0,0.0,15.645806375153066,-46.5037314396719,-0.11472668565901033,0
1727218955.8972185,1,0.40382783841251346,0.25847227682101426,0.33115005761676386,0.0,0.0,15.564304305171293,-45.36289059910989,-0.12183537916337785,0
1727218955.964727,1,0.3773255230676626,0.30091213723418164,0.33911883015092215,0.0,0.0,14.73816199085151,-46.221332098666196,-0.11148643617245335,0
1727218956.0108705,1,0.3773255230676626,0.29993851835461344,0.338632020711138,0.0,0.0,14.61946962219708,-44.996168247776396,-0.11202869947019574,0
1727218956.0892832,1,0.40382783841251346,0.30091213723418164,0.35236998782334755,0.0,0.0,15.113783741144216,-46.28779411166537,-0.11623232653207097,0
1727218956.139003,1,0.39864382503183315,0.3095517423099226,0.35409778367087785,0.0,0.0,13.419207377307036,-45.88294343542323,-0.11975627994162812,0
1727218956.2011638,1,0.3980300543444407,0.2923637711404781,0.34519691274245945,0.0,0.012191496227354269,14.566525431403594,-45.32947738550175,-0.12000057301422845,0
1727218956.2623594,1,0.4044505494044732,0.2988870096012872,0.3516687795028802,0.0,0.012191496227354269,14.178926086531742,-46.32763885843169,-0.10922174060436102,0
1727218956.3219573,1,0.40382783841251346,0.3173967681501517,0.3606123032813326,0.0,0.0,13.654890032517411,-44.60082676359551,-0.11274109673369177,0
1727218956.3688693,1,0.40382783841251346,0.29779994216233463,0.35081389028742405,0.0,0.011904761904761904,13.425707195970437,-45.78909907255473,-0.10481826587253883,0
1727218956.453058,1,0.4044505494044732,0.290840592071338,0.3476455707379056,0.0,0.011904761904761904,14.453459884679651,-45.934527854194386,-0.11982015942576645,0
1727218956.5057712,1,0.4044505494044732,0.28807575310926126,0.34626315125686724,0.0,0.0,15.25743129747834,-45.713787768227554,-0.11493770108310801,0
1727218956.5582821,1,0.4044505494044732,0.31622776601683794,0.3603391577106556,0.0,0.011904761904761904,14.289964225284326,-46.756222158901,-0.1166833473249322,0
1727218956.6105165,1,0.40382783841251346,0.30091213723418164,0.35236998782334755,0.0,0.012195121951219513,13.717016326108329,-46.33356362815456,-0.11921390341393474,0
1727218956.6711032,1,0.4044505494044732,0.3057786292817528,0.355114589343113,0.0,0.0,14.499853174763434,-45.911383681295646,-0.11040589875765276,0
1727218956.7420912,1,0.39864382503183315,0.29993851835461344,0.3492911716932233,0.0,0.0,15.24300511935641,-46.14188464415595,-0.11701360999700107,0
1727218956.8044975,1,0.38263408078607625,0.2979199431410233,0.34027701196354976,0.0,0.012191496227354269,15.153841286674067,-44.48593127949039,-0.11143473516497451,0
1727218956.8622065,1,0.42824175819297167,0.2979199431410233,0.36308085066699747,0.0,0.0,14.694351482371262,-45.546769162421015,-0.11494304341972496,0
1727218956.9182434,1,0.35136418446315326,0.28345388743864336,0.3174090359508983,0.0,0.012191496227354269,14.779728713245238,-45.6217811948225,-0.11319976884154365,0
1727218956.9850135,1,0.35136418446315326,0.30550198826745845,0.3284330863653059,0.0,0.0,14.407889765371419,-44.87867627323624,-0.11656832449017086,0
1727218957.0333576,1,0.4312866983476622,0.306773481517891,0.36903008993277664,0.0,0.023802777946288958,14.6266750234328,-43.58262300801719,-0.10849145986656161,0
1727218957.1005044,1,0.4044505494044732,0.30091213723418164,0.35268134331932743,0.0,0.0,15.196230957037876,-45.13581244980073,-0.11487069531284341,0
1727218957.1504416,1,0.40382783841251346,0.3183703870297199,0.3610991127211167,0.0,0.0125,17.568196407170518,-46.781860675649334,-0.11729785057500527,0
1727218957.250088,1,0.4044505494044732,0.352458043695476,0.37845429654997464,0.0,0.012195121951219513,14.833310826376175,-44.320651505770556,-0.11786026771959777,0
1727218957.2820983,1,0.40382783841251346,0.3358525987266785,0.369840218569596,0.0,0.024390243902439025,16.670264463734576,-46.01263964191439,-0.11628392548620371,0
1727218957.35612,1,0.39864382503183315,0.3164231492705835,0.35753348715120836,0.0,0.0,14.92607577008889,-45.970365773285515,-0.11497714633255872,0
1727218957.4091198,1,0.39864382503183315,0.3173967681501517,0.35802029659099244,0.0,0.0,16.077620917207437,-46.96788030431121,-0.12112850411752754,0
1727218957.459654,1,0.4044505494044732,0.3057786292817528,0.355114589343113,0.0,0.024390243902439025,14.729036681989186,-45.39981304721248,-0.119572732601306,0
1727218957.5458517,1,0.4044505494044732,0.3183703870297199,0.36141046821709655,0.0,0.0,13.68534409930115,-45.796885030984,-0.11882338582944206,0
1727218957.5749488,1,0.40382783841251346,0.3183703870297199,0.3610991127211167,0.0,0.0,15.03107567096514,-45.94649554059539,-0.11938890307741859,0
1727218957.636877,1,0.4581228472908512,0.3358525987266785,0.39698772300876484,0.0,0.0125,12.991064855188004,-46.04368736200265,-0.11629286156122205,0
1727218957.7228262,1,0.3461534300569393,0.28345388743864336,0.31480365874779137,0.0,0.0,13.443467486895992,-46.46551960217821,-0.10438068859775419,0
1727218957.7603161,1,0.07352146220938079,0.034401045807689073,0.05396125400853493,0.0,0.012191496227354269,14.648538728278728,-45.74922450302602,-0.10983713510447322,0
1727218957.81411,1,0.11516335992621968,0.050379272185987846,0.08277131605610376,0.0,0.04266433900629315,14.191198045334515,-45.93986497841862,-0.11433075665460314,0
1727218957.9148016,1,0.07283570407292297,0.06278675123206445,0.06781122765249371,0.0,0.3052305363403733,9.84997552076125,-46.28943413301145,-0.11320185516172167,0
1727218957.9455695,1,0.09488455047660004,0.05640439569855437,0.0756444730875772,0.0,0.48083581536792847,12.10893269031471,-44.06238443991866,-0.12050374533507904,0
1727218957.9969523,1,0.20996948136219606,0.07388176557069272,0.14192562346644438,0.0,0.48045747658427035,17.60410788356955,-43.33130802297474,-0.13628361019336888,0
1727218958.0782154,1,0.12415365073484297,0.04956139503413173,0.08685752288448735,0.0,0.6623261354917217,16.56323799812334,-44.06678724932203,-0.1468832855934069,0
1727218958.1279407,1,0.0902474028246091,0.04975185951049946,0.06999963116755428,0.0,0.7111768176872093,13.942344624249813,-43.109509083004546,-0.1435351090915252,0
1727218958.17526,1,0.0902474028246091,0.047989251611323794,0.06911832721796644,0.0,0.7161226108292659,15.928919430177586,-41.05676484914498,-0.13529047521336518,0
1727218958.2376268,1,0.0908041471727627,0.031992834407549194,0.06139849079015594,0.0,0.8207819016496108,17.617163723174777,-40.60073781190645,-0.13733217225283592,0
1727218958.3180099,1,0.11056644552171162,0.03304093002275449,0.07180368777223306,0.0,0.824459601212159,19.331932041517064,-43.238106190607084,-0.1480307010697356,0
1727218958.369884,1,0.07352146220938079,0.04816209743009517,0.06084177981973798,0.0,0.8099243841100163,18.46638140823557,-42.005533270757745,-0.14189747589965784,0
1727218958.4137013,1,0.12521158288836237,0.03210806495339678,0.07865982392087957,0.0,0.8215136626827356,17.26504660445562,-44.070935874178645,-0.15102034793812666,0
1727218958.4856217,1,0.11056644552171162,0.0519519404075853,0.08125919296464845,0.0,0.7710606495925213,17.583282566300703,-42.907257509824916,-0.14461667129051622,0
1727218958.5736482,1,0.11937129433613965,0.046726931351599776,0.0830491128438697,0.0,0.7497894826047391,16.084100497447686,-42.98361097387839,-0.15490320173414912,0
1727218958.605565,1,0.12521158288836237,0.058391426423043444,0.09180150465570291,0.0,0.755685709836054,15.20141862145157,-41.73021914698418,-0.14152082323179696,0
1727218958.685058,1,0.06992836012750657,0.04690650298201946,0.05841743155476302,0.0,0.8088934559942417,16.952872782171966,-41.320730536696395,-0.14893763898375906,0
1727218958.7303333,1,0.06992836012750657,0.04003720466117621,0.05498278239434139,0.0,0.7380982610147031,13.431468017196282,-40.606206701198516,-0.14068930939499824,0
1727218958.8151002,1,0.0627544933501922,0.04003720466117621,0.05139584900568421,0.0,0.6380527449424722,9.261773605729186,-43.000573384780125,-0.15061790231673272,0
1727218958.8484576,1,0.05968758888546071,0.05495371167928179,0.05732065028237125,0.0,0.6454824158060702,9.555018610112047,-40.459618977379705,-0.13779571484751219,0
1727218958.8995042,1,0.05968758888546071,0.04711428474315455,0.05340093681430763,0.0,0.621058273760195,6.604142849883047,-40.9558978281931,-0.1426395192514627,0
1727218958.9733615,1,0.09488455047660004,0.07705999143709423,0.08597227095684713,0.0,0.6412688293434836,3.9182641356548054,-41.912143681538254,-0.14257161798531992,0
1727218959.0220554,1,0.22870874995874624,0.10304325486309411,0.16587600241092018,0.0,0.6461057521460781,1.2772678603523957,-41.818436620775856,-0.14141999042958908,0
1727218959.1073563,1,0.29207946088402065,0.12803687993289598,0.2100581704084583,0.0,0.6231365644915515,-0.40301194635395676,-42.234279692975676,-0.12940267917931073,0
1727218959.1739085,1,0.29264061094811233,0.17493066210650157,0.23378563652730694,0.0,0.6322890594557959,0.38242983355246085,-40.751734608822616,-0.10085247300028516,0
1727218959.2015128,1,0.4072030389200319,0.18353607729395174,0.29536955810699184,0.0,0.6863880480632915,3.408585119193252,-43.612917257106794,-0.16566082096546442,0
1727218959.2609851,1,0.3810315580152528,0.17721954528791733,0.27912555165158504,0.0,0.6841246427436776,-0.5544329279081466,-42.37824775294637,-0.15043150521298676,0
1727218959.3595028,1,0.3583318073667782,0.17657157403135362,0.26745169069906594,0.0,0.7580464256804569,0.5225524095344933,-43.28681986062446,-0.18329703136908437,0
1727218959.3905256,1,0.33969227994388246,0.1350858067395748,0.2373890433417286,0.0,0.7267993747600332,1.024335361792196,-42.309856793091754,-0.1838186358594042,0
1727218959.441598,1,0.33365500207951265,0.18353607729395174,0.2585955396867322,0.0,0.7937618891204501,1.0377048828284337,-45.17990031843336,-0.17723289687107116,0
1727218959.525474,1,0.35179877236514595,0.20358873537926858,0.2776937538722073,0.0,0.7157759082031847,0.12012567896536193,-43.665359040615456,-0.17495099250497362,0
1727218959.5707834,1,0.35057948026987495,0.1880932880143657,0.26933638414212036,0.0,0.7285681697862016,1.0089730790030544,-42.730937358544665,-0.18199439570979367,0
1727218959.6355538,1,0.35057948026987495,0.1985753676973844,0.27457742398362966,0.0,0.7787352807049323,-0.7744412972262782,-45.370397108635075,-0.17931254534516278,0
1727218959.7018895,1,0.33969227994388246,0.18353607729395174,0.2616141786189171,0.0,0.8270799673488985,2.606550600202788,-42.29873570289926,-0.18156825298240045,0
1727218959.780365,1,0.35752266422167156,0.15048221152636757,0.25400243787401955,0.0,0.8430371103161232,2.035395742394043,-44.538884154247626,-0.18798409470112434,0
1727218959.8143175,1,0.3284354704859587,0.18220272220337375,0.2553190963446662,0.0,0.8217493863387849,1.228737494156476,-44.35411477852433,-0.18755846523320016,0
1727218959.8666816,1,0.324714348910147,0.17011315267334182,0.2474137507917444,0.0,0.833502059050511,2.8531827671484216,-43.10051971313926,-0.20299418449393972,0
1727218959.9571178,1,0.3715277389995899,0.15048221152636757,0.2610049752629787,0.0,0.8773011621007175,3.6905343080830506,-45.284456856678176,-0.19588192157954057,0
1727218959.9876559,1,0.33447274835032853,0.1444479692260693,0.23946035878819893,0.0,0.817500884342179,2.2504331898860093,-42.7042123690886,-0.19345038328814504,0
1727218960.0474424,1,0.35202916039042503,0.15279604299500238,0.25241260169271373,0.0,0.8640427566656864,1.9512182585597813,-43.62588186313153,-0.1812198406011041,0
1727218960.1046865,1,0.30864356730345177,0.14993200050119643,0.2292877839023241,0.0,0.8361763466054881,-0.5369303382444496,-43.313146985709885,-0.18856488587916093,0
1727218960.1858428,1,0.2863404812585526,0.1444479692260693,0.21539422524231094,12.0,0.8350635932512357,1.5582227846687333,-42.29854631163554,-0.1846864080499776,0
1727218960.229433,1,0.32605707420630536,0.170476929540837,0.2482670018735712,12.0,0.8869225695630835,2.2693681063798152,-45.473468832935936,-0.1901622919970277,0
1727218960.2855282,1,0.3101268346947042,0.1816199161771757,0.24587337543593996,12.0,0.8016537400365478,1.7729085367530961,-43.43421076768649,-0.1809524789573414,0
1727218960.3757212,1,0.3384286960981292,0.14097096860865022,0.2396998323533897,12.0,0.8884129529989025,1.0599491265009955,-41.410668676319645,-0.1882881359214374,0
1727218960.4081554,1,0.324714348910147,0.14917809269496363,0.2369462208025553,12.0,0.857066305425419,1.9029736880266284,-43.535452859488075,-0.1938818374860219,0
1727218960.468472,1,0.35202916039042503,0.1891201294354047,0.2705746449129149,12.0,0.9267943101651885,3.337463063339779,-45.52590588632935,-0.20393509465045928,0
1727218960.5464044,1,0.3324112476572669,0.15646395314374845,0.24443760040050766,12.0,0.8972349146329943,2.4592580314579866,-43.38425638202512,-0.20322093017767004,0
1727218960.5931213,1,0.35202916039042503,0.1880932880143657,0.27006122420239537,12.0,0.9965867649457528,1.6244646144866999,-46.09746672794312,-0.20972956693043476,0
1727218960.6563501,1,0.34567498693946347,0.14917809269496363,0.24742653981721355,12.0,0.9815029626026994,2.1965034780052344,-44.58794520664088,-0.19995767838147774,0
1727218960.721275,1,0.30864356730345177,0.15646395314374845,0.2325537602236001,12.0,1.0996437042808636,3.6655634079040005,-42.74435620221755,-0.2210553107348405,0
1727218960.7714937,1,0.3442514737390747,0.1961421129881095,0.2701967933635921,12.0,1.0271275477733675,1.3876675216368428,-47.361418471142585,-0.20958718156289488,0
1727218960.8507056,1,0.3716470731235832,0.1350858067395748,0.253366439931579,12.0,1.0826667505095096,0.545056798934086,-44.64016804974767,-0.20492239984440466,0
1727218960.88825,1,0.35116849077071005,0.17088505087639572,0.26102677082355286,12.0,1.054274651032276,2.8795953859694374,-43.24999492552023,-0.206241455465843,0
1727218960.94595,1,0.3097959430630629,0.17694916184911139,0.24337255245608713,12.0,1.0550578538978537,3.8074258288627254,-42.008059605321165,-0.20067239335924006,3
1727218961.0045762,1,0.3525163982158483,0.1842641090188026,0.26839025361732544,12.0,0.9977447245742421,2.906867812249772,-41.91392316331328,-0.18582179880803523,3
1727218961.0882647,1,0.3587794425286498,0.14907119849998599,0.2539253205143179,12.0,1.0671009953252595,4.742921053711841,-41.126772975830484,-0.19151863830083873,3
1727218961.1323347,1,0.3401166302404319,0.1622414011806959,0.2511790157105639,12.0,1.0520383242983682,3.586914336475855,-42.047224541354524,-0.19873954488780518,3
1727218961.186759,1,0.3716470731235832,0.16440060644506033,0.26802383978432176,12.0,1.0845511375731836,5.761318491810863,-42.75294055258282,-0.19962006674465804,3
1727218961.247335,1,0.38316367838318516,0.19581231152854525,0.2894879949558652,12.0,1.10854144033739,6.916957193379796,-44.983644535666144,-0.19948561980787285,3
1727218961.3165617,1,0.3587794425286498,0.17789787807433338,0.26833866030149156,12.0,1.0538397763080838,4.608867287905782,-42.100162620318656,-0.1932869650611091,3
1727218961.378755,1,0.39199692092485333,0.16916516233038026,0.28058104162761677,12.0,1.0250008062478668,4.0697223902976685,-42.439387784762566,-0.20271825983573555,3
1727218961.4463499,1,0.38263408078607625,0.16440060644506033,0.2735173436155683,12.0,1.0128087731263693,4.60771314638594,-44.756253883935244,-0.20498716013138343,3
1727218961.489752,1,0.3583318073667782,0.14497119979584652,0.2516515035813124,12.0,0.9812026377821271,3.0447812950671516,-43.22712660672006,-0.19299789688690816,3
1727218961.560916,1,0.31018294626587445,0.16916516233038026,0.23967405429812735,12.0,1.0221785636497176,1.9916019332741826,-42.00427745426926,-0.1753646646736605,3
1727218961.6103764,1,0.35605036147722435,0.1684967868905191,0.26227357418387176,12.0,1.0097583581587815,1.5983122898450761,-43.50967891848719,-0.1925043561132972,3
1727218961.6688113,1,0.3715277389995899,0.16440060644506033,0.2679641727223251,12.0,1.0375518050315486,2.072971963561615,-43.540513567314825,-0.20392629305312832,3
1727218961.7376547,1,0.33447274835032853,0.17088505087639572,0.2526788996133621,12.0,1.0068101513727785,1.176131355154829,-42.76853574723358,-0.2021309322079082,3
1727218961.803916,1,0.3461534300569393,0.17657157403135362,0.26136250204414646,12.0,1.0101579610675533,3.070595379381813,-43.493443357514266,-0.19680907426137711,3
1727218961.8491688,1,0.3583318073667782,0.15646395314374845,0.25739788025526333,12.0,1.0047021975932018,1.570521549064778,-41.66175097242753,-0.19646340741533336,3
1727218961.9399078,1,0.35116849077071005,0.18220272220337375,0.26668560648704187,12.0,1.0090222056872178,0.8419996557271501,-44.25690555460204,-0.1797577005252587,3
1727218961.973689,1,0.33969227994388246,0.16916516233038026,0.25442872113713133,12.0,0.9658087872449608,2.012151559102274,-42.795926125174866,-0.18963098630825553,3
1727218962.0373704,1,0.32014539633148525,0.15670550929667104,0.23842545281407815,12.0,0.9441291228865791,3.187337415376324,-41.75906965800958,-0.16564599361794435,3
1727218962.1059227,1,0.3020690632574555,0.08711196400259044,0.19459051363002294,12.0,0.857066305425419,1.1439425931976204,-39.589577828741525,-0.14751543654700852,3
1727218962.1599607,1,0.22587793394275052,0.09730085108210398,0.16158939251242727,12.0,0.9132706738650553,0.16975124328709562,-41.43589361345391,-0.13480745766421692,3
1727218962.2286408,1,0.21381462578883614,0.07705999143709423,0.1454373086129652,12.0,0.8713703189863206,1.5691382068078965,-38.47660148115888,-0.12738925835615064,3
1727218962.2831204,1,0.21381462578883614,0.04865042554105199,0.13123252566494406,12.0,0.8428840569110905,0.7328099902076486,-39.23612507722781,-0.11573466335148799,3
1727218962.3351417,1,0.15791661046371636,0.10095089302501375,0.12943375174436506,12.0,0.8590814262639263,2.6724146619831686,-39.86914291151554,-0.11545025638513745,3
1727218962.407792,1,0.13985672025501314,0.06289850465997608,0.1013776124574946,12.0,0.8557661234770235,3.2021675761896686,-38.030549339406996,-0.11804127587556204,3
1727218962.4569957,1,0.14531571019364137,0.11641019661664634,0.13086295340514387,12.0,0.8648212141694318,1.6571520031018045,-38.73352334013896,-0.10773957153993055,3
1727218962.5373428,1,0.07402332101976053,0.06514206747963455,0.06958269424969754,12.0,0.8197627709328497,5.238128540251096,-38.98936216531213,-0.1224645299433924,3
1727218962.578078,1,0.06005580699176432,0.06289850465997608,0.0614771558258702,12.0,0.8645994969665015,4.181576982999873,-39.17646243888974,-0.12953912490157402,3
1727218962.632768,1,0.11056644552171162,0.050379272185987846,0.08047285885384974,12.0,0.8353983461803662,4.448745059618007,-38.64073202584889,-0.11996750437638533,3
1727218962.7124898,1,0.09488455047660004,0.050379272185987846,0.07263191133129394,12.0,0.8170476933513838,6.059899681242861,-39.332381815755184,-0.1255968579188713,3
1727218962.757626,1,0.07352146220938079,0.06278675123206445,0.06815410672072261,12.0,0.7936955062570036,4.390955220172456,-38.54069291202747,-0.11347358268121494,3
1727218962.8445985,1,0.07352146220938079,0.10075854437197569,0.08714000329067824,12.0,0.7667864713078872,3.6401237627193233,-39.00954150625596,-0.11300515471786882,3
1727218962.877144,1,0.07352146220938079,0.07692307692307693,0.07522226956622885,12.0,0.7961534242492329,4.127674061123698,-40.491587504577204,-0.11566689416035421,3
1727218962.9326127,1,0.13981998073490237,0.10075854437197569,0.12028926255343902,12.0,0.7588776472006712,3.292588377928245,-40.80243597178257,-0.11319809975771554,3
1727218963.0051804,1,0.2608038327035026,0.06514206747963455,0.1629729500915686,12.0,0.7932671567553146,1.6261712673445785,-39.56959518211315,-0.1169405232984747,3
1727218963.0607038,1,0.2830379784367622,0.14493979213093727,0.21398888528384974,12.0,0.7462113510406742,4.663647398204937,-41.324579734424525,-0.14612723628070454,3
1727218963.1117232,1,0.35202916039042503,0.1626978433639921,0.2573635018772086,12.0,0.7527953159789824,4.774682923016314,-42.10205571417663,-0.17916154172945198,3
1727218963.1880407,1,0.36314938960368937,0.1626978433639921,0.2629236164838407,12.0,0.8187458218565867,2.3517129422251366,-44.189708531566,-0.18938073776369255,3
1727218963.2426424,1,0.35752266422167156,0.15584576047296306,0.2566842123473173,12.0,0.7694962840243834,2.7743600840867213,-43.41564366591433,-0.17402599901484714,3
1727218963.293856,1,0.3773255230676626,0.17011315267334182,0.2737193378705022,12.0,0.7738553717902535,3.415685951503742,-45.833822040415384,-0.17499580473501392,3
1727218963.3806307,1,0.32650836449039417,0.1626978433639921,0.24460310392719314,12.0,0.7572264487849485,1.7371167895472273,-41.73117995318218,-0.16082723243645392,3
1727218963.421586,1,0.3516545373573352,0.15617376188860607,0.25391414962297065,12.0,0.7829228145989927,3.6995034086213825,-43.941320526811836,-0.16561091595445693,3
1727218963.5021932,1,0.3324112476572669,0.18095585575928486,0.25668355170827584,12.0,0.7607867767056301,2.7666726747041,-41.49612515595875,-0.16397281387240986,3
1727218963.5385387,1,0.2863404812585526,0.1842641090188026,0.23530229513867762,12.0,0.7694117820759107,1.0156443353504527,-42.059937998503784,-0.1628385283998836,3
1727218963.6278565,1,0.32605707420630536,0.18095585575928486,0.2535064649827951,12.0,0.8169287721772507,3.765530662703673,-43.02149400081322,-0.1846150383803392,3
1727218963.6613114,1,0.2938507082299913,0.20113679542601956,0.24749375182800543,12.0,0.7694117820759107,1.0208791659104925,-43.073502925516756,-0.16738909395624713,3
1727218963.7182333,1,0.3324112476572669,0.1870634382601146,0.2597373429586907,12.0,0.7163182496214889,3.0206610737637005,-42.573206860939564,-0.158732446431457,3
1727218963.8031352,1,0.3715277389995899,0.1976630632206847,0.2845954011101373,12.0,0.7286199692487247,4.0024584402163494,-43.38020070587327,-0.17257817836842115,3
1727218963.8397658,1,0.37559598520885196,0.1444479692260693,0.2600219772174606,12.0,0.6641469865954722,3.592310389859218,-44.809207472376336,-0.1660939352904333,3
1727218963.8999987,1,0.3367099404232956,0.18095585575928486,0.25883289809129023,12.0,0.6784137358871425,1.8851496807480452,-43.412181900518696,-0.1595332805433211,3
1727218963.9739516,1,0.3197029007553438,0.18003829027346893,0.24987059551440638,12.0,0.7044321176985332,3.994645661622595,-44.23969665136162,-0.1682500823995503,3
1727218964.0376468,1,0.3508232077228117,0.16210296808748975,0.2564630879051507,12.0,0.6267490348274372,2.796932911346656,-43.21900628565213,-0.15289595474645754,3
1727218964.0760052,1,0.3197029007553438,0.18095585575928486,0.25032937825731433,12.0,0.6211701382720629,2.912110396630797,-43.41393860347275,-0.1605326773568511,3
1727218964.1403592,1,0.33741095691478934,0.1840525434580776,0.26073175018643346,12.0,0.6834205566875449,3.280532379301774,-43.747459241019975,-0.1679792304582517,3
1727218964.2176378,1,0.2863404812585526,0.18095585575928486,0.23364816850891873,12.0,0.6229694410135567,3.4100055682046833,-41.80007709458501,-0.15199989437991152,3
1727218964.260273,1,0.3324112476572669,0.18095585575928486,0.25668355170827584,12.0,0.7051629829662207,3.1177457319838116,-43.96936296162924,-0.1706717291103024,3
1727218964.3164434,1,0.3648216135955787,0.16210296808748975,0.2634622908415342,12.0,0.6747892180477454,2.3935291328786916,-44.4533461309771,-0.16956498655640928,3
1727218964.3862593,1,0.34464771807319383,0.20888907365407253,0.27676839586363317,12.0,0.7942289240494319,3.0166646937875807,-45.01093281160459,-0.17314135492173913,3
1727218964.4399333,1,0.36314938960368937,0.20358873537926858,0.283369062491479,12.0,0.6864177540926362,1.4873873638223878,-43.980603142789235,-0.15633010547125673,3
1727218964.5075867,1,0.34567498693946347,0.1880932880143657,0.2668841374769146,12.0,0.6864177540926362,2.0271645403146863,-44.627264137721085,-0.15288761332409406,3
1727218964.5716534,1,0.35116849077071005,0.19657958470560566,0.2738740377381579,12.0,0.6793659265070385,1.6431503659595357,-42.39620892278793,-0.14849042930301848,3
1727218964.6207254,1,0.11713032141645456,0.09730085108210398,0.10721558624927927,12.0,0.6454575275376327,2.738819174438575,-39.4055887389394,-0.11543675417287638,3
1727218964.6966555,1,0.09488455047660004,0.08422130075097546,0.08955292561378775,12.0,0.5584703977991479,6.767904288758647,-42.806326519485026,-0.11609651588134767,3
1727218964.7596118,1,0.05968758888546071,0.06289850465997608,0.06129304677271839,12.0,0.5686265074144323,6.669504266985793,-41.14783024910985,-0.11015919475664625,3
1727218964.8035035,1,0.07933064309896234,0.048765984909417075,0.06404831400418971,12.0,0.5668108539020091,5.790270766149725,-39.62191940165618,-0.10690864006993508,3
1727218964.9003716,1,0.08441099770716816,0.07692307692307693,0.08066703731512254,12.0,0.6137327041148827,6.38111045420076,-41.870017855875226,-0.11067979613792157,3
1727218964.930898,1,0.05690355937288491,0.0731055268242869,0.06500454309858592,12.0,0.5579066542803996,5.138193714972256,-40.543729556947,-0.11224310382348997,3
1727218964.9826515,1,0.05918327915634983,0.06289850465997608,0.061040891908162954,12.0,0.5686265074144323,5.171731688635592,-40.654418726280674,-0.10430463708412521,3
1727218965.0730798,1,0.05968758888546071,0.06289850465997608,0.06129304677271839,12.0,0.5173910023937449,6.040857901490144,-40.84409717928369,-0.11682049743301565,3
1727218965.1055646,1,0.05646607356903052,0.04873701788285794,0.052601545725944235,12.0,0.5668571682595831,3.373474260517474,-39.35030859943309,-0.10084123188530608,3
1727218965.1644926,1,0.07354355067681902,0.04873701788285794,0.061140284279838475,12.0,0.5584703977991479,7.162568258479622,-41.08103558183279,-0.10057388613663863,3
1727218965.2509794,1,0.07417022646512231,0.06278675123206445,0.06847848884859338,0.0,0.5686265074144323,6.8641288431296275,-41.47576218254687,-0.10706493094369811,3
1727218965.2841156,1,0.049446817643414874,0.06514206747963455,0.05729444256152472,0.0,0.5699322282749276,6.0356864200588,-41.46803485647882,-0.10602710460690433,3
1727218965.3435721,1,0.05968758888546071,0.07705999143709423,0.06837379016127747,0.0,0.5699322282749276,6.47638574799354,-40.95501003345602,-0.11162785576057824,3
1727218965.4309528,1,0.06992836012750657,0.06289850465997608,0.06641343239374133,0.0,0.5431483207437688,6.039958431967803,-40.862686682667395,-0.10730246207140409,3
1727218965.4671638,1,0.05968758888546071,0.06278675123206445,0.061237170058762586,0.0,0.5316447772579291,7.268566311142161,-41.54374068531885,-0.09890355660533895,3
1727218965.52243,1,0.05968758888546071,0.05169341375966832,0.05569050132256452,0.0,0.5467620684198093,6.934082297364595,-41.25572519267938,-0.10699078746830765,3
1727218965.5870037,1,0.06933752452815364,0.0516015687115336,0.06046954661984362,0.0,0.5191281639224282,6.59152437861604,-41.03101650467177,-0.10272949648449725,3
1727218965.6803753,1,0.08874825559569402,0.058830784781207845,0.07378952018845093,0.0,0.5185098871253192,6.874503961090358,-40.06259497390111,-0.10213833689004737,3
1727218965.7118754,1,0.07352146220938079,0.05343528749093224,0.0634783748501565,0.0,0.4826956632109313,7.397970636537274,-40.723211715166755,-0.0952568445872451,3
1727218965.7659476,1,0.06933752452815364,0.06278675123206445,0.06606213788010905,0.0,0.5218616290457373,7.544647810450686,-40.172822339652555,-0.09991846595351854,3
1727218965.8470461,1,0.05968758888546071,0.06289850465997608,0.06129304677271839,0.0,0.5454342050338125,6.5492170851035,-40.86740615244359,-0.10425979503613295,3
1727218965.8948298,1,0.06992836012750657,0.07437051466359121,0.07214943739554888,0.0,0.5461875429645324,5.576365481180011,-40.67086741278547,-0.0986434094823509,3
1727218965.9421628,1,0.07352146220938079,0.07965662348464578,0.07658904284701329,0.0,0.5585369806254764,4.579348137047606,-40.46854070614101,-0.10692984544016366,3
1727218966.0201228,1,0.0902474028246091,0.06880209161537815,0.07952474721999361,0.0,0.5867722040705134,6.200679765120626,-40.26654315335407,-0.1081849572607135,3
1727218966.0885465,1,0.07352146220938079,0.07692307692307693,0.07522226956622885,0.0,0.5677116369695432,3.994073611201225,-40.005867761987034,-0.10940279355947313,3
1727218966.133108,1,0.05968758888546071,0.04988925789283045,0.05478842338914558,0.0,0.577750215376277,4.373859588275999,-40.596912597928494,-0.10204024882634004,3
1727218966.1879573,1,0.09488455047660004,0.05872625857821506,0.07680540452740756,0.0,0.5584703977991479,3.0704526997721224,-40.670107829363786,-0.10488673980695419,3
1727218966.264298,1,0.10489254019125985,0.05169341375966832,0.07829297697546408,0.0,0.5584703977991479,4.6622902672721604,-39.80854219879544,-0.10669104202319764,3
1727218966.3134642,1,0.11056644552171162,0.06092925376866592,0.08574784964518876,0.0,0.5686265074144323,2.071385454603575,-40.70141546634548,-0.10779085387210653,3
1727218966.3804784,1,0.11704114719613058,0.06501794783531681,0.0910295475157237,0.0,0.696010048193018,3.873825177372031,-41.47540458242958,-0.10946322183436126,3
1727218966.435826,1,0.07402332101976053,0.07705999143709423,0.07554165622842737,0.0,0.6758950067136056,2.8688216927592354,-40.571570428777136,-0.11559418184865236,3
1727218966.5069792,1,0.07352146220938079,0.06514206747963455,0.06933176484450768,0.0,0.7757663286161556,5.6223391584526725,-41.87997418340945,-0.13666847558684161,3
1727218966.549876,1,0.09488455047660004,0.05169341375966832,0.07328898211813417,0.0,0.9368359800495243,8.206877630547961,-42.04869764799446,-0.15576649229948736,3
1727218966.6275399,1,0.08948488847076615,0.053904527645841624,0.07169470805830389,0.0,0.9250297833471894,6.590914168519827,-41.75678970498466,-0.14946885868450752,3
1727218966.6888397,1,0.07283570407292297,0.06278675123206445,0.06781122765249371,0.0,1.0029535758339576,7.150130997243762,-42.465744227260316,-0.15696603943554566,3
1727218966.7304628,1,0.07352146220938079,0.06070327904138553,0.06711237062538317,0.0,1.0573133152416798,7.4675472183400995,-42.03934549060439,-0.15895130990972034,3
1727218966.807999,1,0.07352146220938079,0.06080425490109966,0.06716285855524022,0.0,1.099192378215278,6.3991595772191046,-43.28281622201442,-0.16639170387918029,3
1727218966.8620849,1,0.06992836012750657,0.05872625857821506,0.06432730935286082,0.0,0.9704920296992365,5.892229432355741,-41.62048328976661,-0.1514806693068937,3
1727218966.9117403,1,0.06933752452815364,0.06278675123206445,0.06606213788010905,0.0,1.0163761229101032,6.605162327605085,-42.641981165995126,-0.14939426017152924,3
1727218966.981683,1,0.07283570407292297,0.0566211578313427,0.06472843095213283,0.0,1.0734495678254536,9.406344355876017,-41.36717633655249,-0.14936643424053545,3
1727218967.0270555,1,0.1212678125181665,0.04865042554105199,0.08495911902960925,0.0,1.0568405295697785,9.056804664102625,-43.589696093105815,-0.15226908003875583,3
1727218967.1055338,1,0.07283570407292297,0.04865042554105199,0.06074306480698748,0.0,1.039821181350748,9.049916577017386,-42.53913207224568,-0.14771830464608787,3
1727218967.1544213,1,0.09399953199957133,0.06070327904138553,0.07735140552047842,0.0,0.9488700730017797,8.861860051778015,-42.057799158990846,-0.14371368879666155,3
1727218967.2214313,1,0.06216916216769172,0.04703604341917987,0.054602602793435796,0.0,0.9962944799308617,8.96720976167321,-41.33484693737987,-0.1499191360159263,3
1727218967.281398,1,0.08792047229892196,0.06278675123206445,0.07535361176549321,0.0,0.9195120353237706,9.551038438342433,-43.046224731298096,-0.14716953384850498,3
1727218967.3296862,1,0.07283570407292297,0.04703604341917987,0.05993587374605142,0.0,0.928016025980472,8.364523340900336,-40.45264122060384,-0.1386125555298027,3
1727218967.4086673,1,0.09399953199957133,0.08726701360140504,0.09063327280048819,0.0,0.9207214459791395,10.668629596955492,-41.06045415850316,-0.1422648311909867,3
1727218967.4620454,1,0.06933752452815364,0.06070327904138553,0.06502040178476959,0.0,0.510497601883513,13.812852291649545,-41.381053168513134,-0.1159572874573895,3
1727218967.5492618,1,0.104598848163826,0.05872625857821506,0.08166255337102053,0.0,0.2401574015426526,14.461945173064015,-38.13627110863793,-0.09364251002943622,3
1727218967.5773306,1,0.12071067811865477,0.12456361292923115,0.12263714552394296,0.0,0.047565149415449405,14.800503004106393,-34.95123451175898,-0.07774165599600674,0
1727218967.626049,1,0.2603658779889308,0.23123202343546628,0.24579895071219854,0.0,0.011891287353862351,15.757239952300976,-34.08581233650314,-0.087113774728323,0
1727218967.697079,1,0.32616312957149984,0.25712566824338173,0.29164439890744076,0.0,0.011624763874381928,15.909235513307165,-33.1981336459769,-0.07916973001451175,0
1727218967.76907,1,0.32616312957149984,0.25550804718247905,0.2908355883769894,0.0,0.0,16.41221100263609,-32.306885840691194,-0.08168858418743799,0
1727218967.8170242,1,0.06615412016556226,0.050379272185987846,0.058266696175775054,0.0,0.0,17.81001302559146,-33.60336816146394,-0.0649159806239661,0
1727218967.8985171,1,0.13408030463079817,0.13918009341050067,0.13663019902064943,0.0,0.0,15.081693093397451,-35.65193565407079,-0.07908376937025464,0
1727218967.9300709,1,0.34667189948954846,0.2924764630245218,0.31957418125703513,0.0,0.011351915229662496,14.07415673579441,-35.10672635313873,-0.07189364620859758,0
1727218968.0011497,1,0.392676726249301,0.31068538904275256,0.35168105764602675,0.0,0.0,13.913668711812994,-31.69281043140572,-0.06550991779659218,0
1727218968.0700266,1,0.39223227027636803,0.3183703870297199,0.355301328653044,0.0,0.0,13.692450136461293,-32.12509397079958,-0.06608922770575022,0
1727218968.1181476,1,0.37064702271667893,0.32639691367569257,0.34852196819618575,0.0,0.0,11.889264046414318,-31.81386841959489,-0.0600695236821009,0
1727218968.1991851,1,0.37444116435964986,0.31526069955657404,0.34485093195811195,0.0,0.0,13.530622037832119,-33.18083225282394,-0.060494995503940566,0
1727218968.239108,1,0.392676726249301,0.3142936330963102,0.35348517967280557,0.0,0.0,12.92610988861896,-33.30764032310839,-0.05526388110290353,0
1727218968.3117476,1,0.4077117249883468,0.33175439049054967,0.3697330577394482,0.0,0.011108368642573443,12.29370368838994,-32.79715469999688,-0.055175775674294526,0
1727218968.3931315,1,0.392676726249301,0.3142936330963102,0.35348517967280557,0.0,0.0,14.054070678347424,-33.92430800967581,-0.06062291183117823,0
1727218968.424215,1,0.2493408968572527,0.2562190327837664,0.2527799648205096,0.0,0.0,14.529843409129448,-35.0438540139938,-0.05830502681526361,0
1727218968.4683893,1,0.0467780269724988,0.06501794783531681,0.055897987403907806,0.0,0.0,15.686663519499252,-36.21758273174737,-0.05663992797217388,0
1727218968.5413754,1,0.15791661046371636,0.24025467506867723,0.19908564276619678,0.0,0.011351915229662496,12.331621995165245,-36.77268834838419,-0.06315002092783119,0
1727218968.6302376,1,0.34627951464451867,0.28504385627478446,0.31566168545965156,0.0,0.011360702676647077,14.93080613340522,-34.315040305200824,-0.06255708513633502,0
1727218968.6754432,1,0.3640054944640259,0.31068538904275256,0.3373454417533892,0.0,0.0,14.069407353331208,-35.447359619534865,-0.06688985625238257,0
1727218968.7131765,1,0.4077117249883468,0.3358525987266785,0.37178216185751267,0.0,0.011360702676647077,12.144166971974546,-34.75272348610208,-0.06624413820967386,0
1727218968.777308,1,0.392676726249301,0.3469780982292378,0.3698274122392694,0.0,0.0,13.013167789447435,-35.558818056721236,-0.06490288201440488,0
1727218968.8464901,1,0.39223227027636803,0.30091213723418164,0.34657220375527487,0.0,0.011360702676647077,12.010970282838795,-33.974484286262104,-0.06959006706697149,0
1727218968.8909767,1,0.39223227027636803,0.31622776601683794,0.354230018146603,0.0,0.011360702676647077,12.960844015289991,-34.872139544373645,-0.06577400357596437,0
1727218968.9919624,1,0.46040207950547696,0.3358525987266785,0.3981273391160777,0.0,0.011351915229662496,12.203896465897532,-34.83621666403542,-0.06652164201753409,0
1727218969.0222745,1,0.41231056256176607,0.3183703870297199,0.365340474795743,0.0,0.0,12.19727716093729,-35.039867792894164,-0.06553875265770795,0
1727218969.1158936,1,0.4320002465051624,0.3335923230710924,0.3827962847881274,0.0,0.0,14.3945401389597,-34.86365925273909,-0.07627075325965037,0
1727218969.1463718,1,0.38293197657751993,0.3183703870297199,0.3506511818036199,0.0,0.011360702676647077,13.257516831357531,-35.94751106743398,-0.06939975535188783,0
1727218969.196054,1,0.31894340790957704,0.2936101097573517,0.3062767588334644,0.0,0.0,13.205335690612914,-33.65938770862141,-0.06685453916301763,0
1727218969.2572982,1,0.04902903378454601,0.07545183673627771,0.06224043526041186,0.0,0.0,14.800895623398446,-36.259464505296236,-0.07248970862642748,0
1727218969.3508573,1,0.0467780269724988,0.050379272185987846,0.04857864957924332,0.0,0.011615349838117045,13.841373036022029,-36.357049025420416,-0.06719000500239417,0
1727218969.38241,1,0.06615412016556226,0.06278675123206445,0.06447043569881336,0.0,0.0,14.028680853112634,-36.91478372265274,-0.06507876499717938,0
1727218969.433734,1,0.053983456376681685,0.0566211578313427,0.0553023071040122,0.0,0.07243411117293908,10.874346463044372,-36.556777952908135,-0.06564749010798783,0
1727218969.533814,1,0.0467780269724988,0.0566211578313427,0.05169959240192075,0.0,0.09714244134047147,15.265459572551912,-35.28978407150316,-0.0743280331983399,0
1727218969.5650218,1,0.1,0.06053609811517513,0.08026804905758757,0.0,0.0,17.27436541396694,-37.30211213534121,-0.08273198265586998,0
1727218969.6150882,1,0.05690355937288491,0.05640439569855437,0.05665397753571964,0.0,0.0,16.852874934306406,-35.7807982354388,-0.07802246049827503,0
1727218969.691489,1,0.11404669393677075,0.04816209743009517,0.08110439568343296,0.0,0.011624763874381928,17.781979004896748,-35.136810250489575,-0.07996402950177507,0
1727218969.7659883,1,0.1273859510596964,0.04975185951049946,0.08856890528509793,0.0,0.0,18.246861429181877,-35.18724743469623,-0.08261600144854185,0
1727218969.8001287,1,0.11324555320336757,0.046726931351599776,0.07998624227748367,0.0,0.011901388973144479,20.38761963752394,-36.690914047993466,-0.07727056582331547,0
1727218969.8919299,1,0.1,0.06053609811517513,0.08026804905758757,0.0,0.011624763874381928,19.028609109521145,-34.73584037705482,-0.0705955066791905,0
1727218969.9224877,1,0.08603796100280632,0.06260181194600183,0.07431988647440407,0.0,0.0,18.92773049360297,-37.005576900791745,-0.08323232202443362,0
1727218969.9813557,1,0.06666666666666667,0.06278675123206445,0.06472670894936555,0.0,0.023249527748763855,17.87066845013579,-35.55320270246659,-0.071871961707902,0
1727218970.034603,1,0.04503773491110449,0.07669649888473705,0.06086711689792077,0.0,0.0,17.12113808475816,-36.11332903140508,-0.0679415279609468,0
1727218970.1162794,1,0.07634413615167958,0.06260181194600183,0.0694729740488407,0.0,0.0,13.970254373215704,-36.22343386859703,-0.05907603319879352,0
1727218970.1714907,1,0.06615412016556226,0.04690650298201946,0.05653031157379086,0.0,0.0,16.34921658142854,-36.509957371597835,-0.061630555309850885,0
1727218970.2220426,1,0.08220020617184665,0.05,0.06610010308592332,0.0,0.011100153405180096,16.271260385379765,-36.5048061830245,-0.07016665667648415,0
1727218970.2995539,1,0.20589806935130187,0.24860550508181417,0.22725178721655803,24.0,0.011351915229662496,13.41151694951642,-38.13430918647223,-0.06598479754813875,0
1727218970.3439803,1,0.33489057830505586,0.29993851835461344,0.3174145483298346,24.0,0.0,12.02054997184931,-37.522035001525275,-0.06859536914344597,0
1727218970.3979075,1,0.4077117249883468,0.3615507630310936,0.3846312440097202,24.0,0.011360702676647077,12.847449620674494,-36.43570309673565,-0.06748251960086708,0
1727218970.4895332,1,0.388158028512896,0.33175439049054967,0.3599562095017228,24.0,0.0,13.065045758745919,-35.88052039471103,-0.0748807597384637,0
1727218970.5206156,1,0.43664389271320514,0.3335923230710924,0.38511810789214873,24.0,0.022721405353294154,12.173337736050602,-35.81652725597889,-0.06778283139158438,0
1727218970.581757,1,0.4077117249883468,0.352458043695476,0.3800848843419114,24.0,0.011360702676647077,10.741266042239499,-36.12302788694751,-0.0662526941203598,0
1727218970.639509,1,0.41179613870260373,0.351581276967315,0.38168870783495934,24.0,0.023249527748763855,12.779354708808643,-35.21714351319393,-0.07370903161413472,0
1727218970.7394042,1,0.4072030389200319,0.351581276967315,0.3793921579436734,24.0,0.0,11.816981128668424,-37.028223476136105,-0.0760977718502063,0
1727218970.771361,1,0.4360991091040403,0.35333481042363707,0.3947169597638387,24.0,0.0,12.441244180633843,-35.34058808093498,-0.07069980740510025,0
1727218970.8159103,1,0.39223227027636803,0.3393601867838982,0.3657962285301331,24.0,0.0,13.318751404440743,-35.263617147927995,-0.08111062450918699,0
1727218970.8840435,1,0.39653955645041206,0.32507096939797203,0.360805262924192,24.0,0.011360702676647077,13.122820093669475,-35.43302034140541,-0.0788954039370383,0
1727218970.9581764,1,0.4153806399649413,0.31622776601683794,0.3658042029908896,24.0,0.0,14.141503886663031,-35.262537382999845,-0.07766141342585765,0
1727218971.0080798,1,0.39653955645041206,0.3077145133220189,0.35212703488621544,24.0,0.0,14.008099167492423,-34.65302727354053,-0.08149638638485066,0
1727218971.0643775,1,0.38863606195691264,0.32507096939797203,0.35685351567744233,24.0,0.011363636363636364,14.589883935899799,-36.54801828098744,-0.0855644366335109,0
1727218971.1201324,1,0.37444116435964986,0.3058016434742461,0.340121403916948,24.0,0.0,13.66736883201881,-34.849194129727145,-0.07602946312110301,0
1727218971.1887474,1,0.37933197393326396,0.29178249789114213,0.33555723591220304,24.0,0.022727272727272728,13.439378381596427,-34.2964587969753,-0.08005553540344414,0
1727218971.2452316,1,0.39653955645041206,0.27975383046362085,0.3381466934570164,24.0,0.0,12.92554064263349,-35.76431450168865,-0.078761780823295,0
1727218971.3252232,1,0.4186379485411743,0.3057786292817528,0.36220828891146356,24.0,0.0,14.70542672051847,-36.191296198498534,-0.07445629126342455,0
1727218971.3679903,1,0.4186379485411743,0.3058016434742461,0.3622197960077102,24.0,0.0,13.65569469894232,-35.03344945877812,-0.07999178751071766,0
1727218971.4513597,1,0.34776090694680883,0.27396667082065707,0.31086378888373295,24.0,0.011360702676647077,13.26353188415997,-36.694472637311065,-0.08333214276923188,0
1727218971.4826784,1,0.11404669393677075,0.04300139858997133,0.07852404626337103,24.0,0.0,14.017208145488526,-37.12610139077221,-0.07779753369155708,0
1727218971.5399234,1,0.23505024736113425,0.21505813167606566,0.22505418951859996,24.0,0.0,10.9950682921475,-38.56453121431469,-0.06112262788283328,0
1727218971.623133,1,0.3587794425286498,0.27556160553482706,0.3171705240317384,24.0,0.011360702676647077,9.512233278119686,-36.15865198705769,-0.0696253533970287,0
1727218971.6711552,1,0.388158028512896,0.3173967681501517,0.3527773983315239,24.0,0.011624763874381928,9.359109359948762,-37.6590363734297,-0.06983466786309298,0
1727218971.7233083,1,0.387673738831468,0.3358525987266785,0.3617631687790732,24.0,0.0,10.253988782791474,-37.19119653319873,-0.08155200820517897,0
1727218971.805581,1,0.36608826607349904,0.33400221311894923,0.35004523959622413,24.0,0.011624763874381928,9.024941479807564,-35.490514912651605,-0.07160068118781383,0
1727218971.846326,1,0.3862316740489209,0.3335923230710924,0.35991199856000666,24.0,0.011627906976744186,9.011177112765854,-38.24127070406983,-0.07704528315675982,0
1727218971.9131315,1,0.387673738831468,0.3327214569508135,0.36019759789114075,24.0,0.011624763874381928,10.132961191958243,-35.758763515958265,-0.07549766213408947,0
1727218971.9741414,1,0.41179613870260373,0.3509568801253468,0.3813765094139753,24.0,0.011904761904761904,6.272163887252558,-39.45100389781162,-0.07456025929791918,0
1727218972.0303497,1,0.41179613870260373,0.3335923230710924,0.37269423088684805,24.0,0.03487429162314578,7.380285445622406,-37.046563286159675,-0.0688654564005649,0
1727218972.1129115,1,0.39223227027636803,0.31622776601683794,0.354230018146603,24.0,0.0,7.756342183762742,-38.29011676946856,-0.07630975930952937,0
1727218972.1510592,1,0.4056883292480724,0.31526069955657404,0.36047451440232325,24.0,0.011901388973144479,6.70623101156184,-37.07111994281924,-0.07740371205769468,0
1727218972.2315137,1,0.3862316740489209,0.32172731800417,0.35397949602654544,24.0,0.0,6.756630453386969,-36.677124541234335,-0.0753435966151708,0
1727218972.2703996,1,0.41179613870260373,0.3173967681501517,0.3645964534263777,24.0,0.0,7.76313087025388,-36.63781948888427,-0.0744689780634184,0
1727218972.3335605,1,0.3680091047957925,0.31622776601683794,0.34211843540631526,24.0,0.0,6.747203699461739,-37.70916675186597,-0.06843611816834413,0
1727218972.4047499,1,0.3909079031741939,0.3183703870297199,0.35463914510195693,24.0,0.011904761904761904,6.447610224026201,-36.50424264023171,-0.07340593881282628,0
1727218972.4470406,1,0.3680091047957925,0.3183703870297199,0.3431897459127562,24.0,0.0,6.006516921569874,-37.38920081865065,-0.06723779206355665,0
1727218972.506685,1,0.3862316740489209,0.3335923230710924,0.35991199856000666,24.0,0.011627906976744186,6.105647263727269,-37.57072479217665,-0.08031531417057995,0
1727218972.5681767,1,0.39223227027636803,0.3335923230710924,0.3629122966737302,24.0,0.011624763874381928,5.785989306117805,-36.73670571921453,-0.07491985900172306,0
1727218972.646245,1,0.39363953921335054,0.3327214569508135,0.363180498082082,24.0,0.0,5.939076579176094,-38.748818228591745,-0.07228220136077264,0
1727218972.6983054,1,0.387673738831468,0.31622776601683794,0.35195075242415297,24.0,0.011627906976744186,5.829342258713268,-37.68218015274779,-0.073071213959344,0
1727218972.7831707,1,0.3862316740489209,0.3183703870297199,0.3523010305393204,24.0,0.0,5.4054100106339895,-38.20177207090634,-0.07185750173868802,0
1727218972.8106687,1,0.3862316740489209,0.3509568801253468,0.3685942770871339,24.0,0.0,4.816614359784046,-37.32288923186915,-0.07255158465531789,0
1727218972.903473,1,0.387673738831468,0.35008601400506795,0.36887987641826797,24.0,0.011363636363636364,5.067984224054406,-37.059361827232316,-0.06653939125128386,0
1727218972.9387178,1,0.3951092625805898,0.31526069955657404,0.35518498106858193,24.0,0.0,4.658846411220193,-38.626051085206846,-0.06867520004732637,0
1727218972.9869132,1,0.38263408078607625,0.31526069955657404,0.34894739017132514,24.0,0.0,4.265555390354844,-38.53135195584413,-0.06513245257511975,0
1727218973.0741959,1,0.14124491030928973,0.2409595281052542,0.19110221920727197,24.0,0.0,5.55850286028189,-40.05190015286153,-0.07613376450283665,0
1727218973.111141,1,0.16005119473042245,0.1274754878398196,0.14376334128512103,24.0,0.023255813953488372,5.733690056126387,-39.983432681926914,-0.0658594062210672,0
1727218973.1652884,1,0.2692582403567252,0.223492675370175,0.2463754578634501,24.0,0.0,4.920318297003528,-37.52915095424784,-0.06442955856081939,0
1727218973.22757,1,0.3676047259138888,0.28668761781189944,0.32714617186289413,24.0,0.0,4.588034679365631,-38.15803520574475,-0.08129385723220121,0
1727218973.2964675,1,0.3719324495262802,0.30091213723418164,0.3364222933802309,24.0,0.023255813953488372,4.922862336251698,-37.96903158308246,-0.06736692827016151,0
1727218973.362623,1,0.38984307538816787,0.3057786292817528,0.34781085233496034,24.0,0.023255813953488372,3.2567509883175783,-37.17816520218126,-0.07381917131345309,0
1727218973.4085152,1,0.3680091047957925,0.3190941120626151,0.34355160842920385,24.0,0.011363636363636364,3.5860912047462845,-39.338065939912184,-0.07029645990679968,0
1727218973.4879518,1,0.39363953921335054,0.30209897708788674,0.34786925815061864,24.0,0.011904761904761904,3.463212761714832,-38.203766136523484,-0.07182988825971398,0
1727218973.5408087,1,0.3763381646983532,0.31622776601683794,0.34628296535759556,24.0,0.011627906976744186,3.435679108925691,-37.849996425389264,-0.06178364831296685,0
1727218973.590521,1,0.3680091047957925,0.31622776601683794,0.34211843540631526,24.0,0.011904761904761904,2.7251093692317148,-38.40632759563294,-0.07551205056535681,0
1727218973.6650474,1,0.38984307538816787,0.3173967681501517,0.3536199217691598,24.0,0.028072250725268547,3.2496393582449286,-38.724397805224626,-0.06717453720425007,0
1727218973.7146912,1,0.362461365714568,0.3265211535480812,0.3444912596313246,24.0,0.0,2.5113800262487542,-37.5076920029313,-0.07346447138055649,0
1727218973.7695775,1,0.35752266422167156,0.2979199431410233,0.32772130368134744,24.0,0.011904761904761904,3.326108373286116,-38.831312534554804,-0.06816848735413504,0
1727218973.8290877,1,0.3635513389603322,0.31068538904275256,0.3371183640015424,24.0,0.023809523809523808,2.6824308090395386,-38.334072901392126,-0.06658693586730403,0
1727218973.9100823,1,0.40634239573820813,0.3327214569508135,0.3695319263445108,24.0,0.0,2.8149627007252356,-39.25174434223273,-0.07145077344302225,0
1727218973.9686022,1,0.38105836751350153,0.3327214569508135,0.3568899122321575,24.0,0.011624763874381928,3.415344364583712,-38.47071315233024,-0.06770055287318326,0
1727218974.0107262,1,0.3784748911661687,0.3327214569508135,0.35559817405849115,24.0,0.011904761904761904,3.2684113171597367,-39.08608213265085,-0.08097249035792624,0
1727218974.1121795,1,0.40634239573820813,0.32172731800417,0.3640348568711891,24.0,0.011627906976744186,3.774147278345798,-37.6130044417033,-0.0740657490743889,0
1727218974.1437201,1,0.38263408078607625,0.31526069955657404,0.34894739017132514,24.0,0.0,3.8880909558206915,-38.86798544868412,-0.07510498807599908,0
1727218974.1879933,1,0.38105836751350153,0.3173967681501517,0.3492275678318266,24.0,0.0,2.6373648459953527,-38.624658945216105,-0.07009189412348202,0
1727218974.2628455,1,0.38984307538816787,0.31622776601683794,0.35303542070250293,24.0,0.0,3.8444926287786947,-39.42480653934754,-0.07932589170919557,0
1727218974.327207,1,0.38105836751350153,0.3327214569508135,0.3568899122321575,24.0,0.011904761904761904,3.9874161329495776,-38.530713729282894,-0.07705509175122746,0
1727218974.3690035,1,0.38105836751350153,0.33497583199851744,0.3580170997560095,24.0,0.0,4.299550116406142,-38.64914608550487,-0.07795765601843024,0
1727218974.448129,1,0.3621990044324821,0.31526069955657404,0.3387298519945281,24.0,0.0,3.1044723710875246,-38.93490963096144,-0.07187261891010671,0
1727218974.5276816,1,0.3621990044324821,0.31526069955657404,0.3387298519945281,24.0,0.0,4.139173251360062,-38.852142669141756,-0.07815613889916753,0
1727218974.5640724,1,0.3621990044324821,0.31526069955657404,0.3387298519945281,24.0,0.011904761904761904,3.5918981508300414,-38.467706257121826,-0.0676223654033279,0
1727218974.6173344,1,0.3621990044324821,0.3173967681501517,0.3397978862913169,24.0,0.011904761904761904,3.766633114507461,-38.96362215656653,-0.06869583087203521,0
1727218974.670254,1,0.37054893902963165,0.3335923230710924,0.352070631050362,24.0,0.011904761904761904,1.8191444016290756,-37.71565464779387,-0.06630899297512047,0
1727218974.7464654,1,0.3862316740489209,0.31622776601683794,0.35122972003287944,24.0,0.011627906976744186,2.355212695070949,-38.46560967765846,-0.06382334854291993,0
1727218974.8142185,1,0.3862316740489209,0.31622776601683794,0.35122972003287944,24.0,0.011901388973144479,1.5738068970315737,-39.2111187160383,-0.06464400597228363,0
1727218974.8770843,1,0.3621990044324821,0.31622776601683794,0.33921338522466005,24.0,0.011627906976744186,1.9177668817586135,-38.82056556297322,-0.0641268015977633,0
1727218974.950163,1,0.37054893902963165,0.31622776601683794,0.3433883525232348,24.0,0.011904761904761904,2.322931985864537,-37.79130453699366,-0.06657061840875886,0
1727218974.977679,1,0.3621990044324821,0.3358525987266785,0.3490258015795803,24.0,0.0,3.2391734088715296,-39.58224809861806,-0.0753573876572573,0
1727218975.0743146,1,0.3680091047957925,0.32256940803282547,0.34528925641430896,24.0,0.011901388973144479,3.2306402678006023,-38.969168859838824,-0.07614679213029706,0
1727218975.1042094,1,0.425080073994219,0.3048435176678406,0.36496179583102983,24.0,0.011624763874381928,2.025072793648916,-38.04395757251196,-0.07511316352154827,0
1727218975.1607647,1,0.3621990044324821,0.3237641731686557,0.3429815888005689,24.0,0.0,3.9263916179076186,-38.82344235257014,-0.07478608019354055,0
1727218975.2128513,1,0.3451103064173911,0.32172731800417,0.3334188122107805,24.0,0.0,3.1775935443892656,-37.96854133864627,-0.06898401457167322,0
1727218975.2907178,1,0.3621990044324821,0.32256940803282547,0.34238420623265375,24.0,0.0,3.4626409010140407,-39.24203249366636,-0.07102176720856547,0
1727218975.3499885,1,0.3909079031741939,0.31622776601683794,0.3535678345955159,24.0,0.011904761904761904,3.6287359623803708,-39.455706396627754,-0.07513894179240288,0
1727218975.3939927,1,0.3621990044324821,0.32172731800417,0.34196316121832604,24.0,0.0,3.2810607603818327,-38.702958694828816,-0.0769152011931446,0
1727218975.4680104,1,0.3621990044324821,0.32256940803282547,0.34238420623265375,24.0,0.0,2.759207800913732,-38.13552606758485,-0.06845889098850805,0
1727218975.5253422,1,0.3862316740489209,0.3335923230710924,0.35991199856000666,24.0,0.011901388973144479,4.007799731947028,-38.72973869226033,-0.07582105289402147,0
1727218975.576039,1,0.3621990044324821,0.32172731800417,0.34196316121832604,24.0,0.0,3.162359519163349,-37.8993637949661,-0.07321328804020487,0
1727218975.6668758,1,0.37054893902963165,0.3335923230710924,0.352070631050362,24.0,0.0,3.0744456100041875,-38.158173846761734,-0.07131313638106172,0
1727218975.7037978,1,0.39363953921335054,0.3048435176678406,0.3492415284405956,24.0,0.011901388973144479,3.566769733483172,-38.34153218684373,-0.07537493624325348,0
1727218975.757598,1,0.3862316740489209,0.31526069955657404,0.3507461868027475,24.0,0.011901388973144479,3.245700436359461,-38.46221397482074,-0.07062761561560733,0
1727218975.8251135,1,0.3692558924604434,0.3048435176678406,0.337049705064142,24.0,0.0,5.529723253919709,-37.852909760418044,-0.07390678143026454,0
1727218975.8980563,1,0.2621046080181822,0.27396667082065707,0.26803563941941966,24.0,0.012195121951219513,6.226074912860878,-38.55894973203582,-0.07705447875065267,0
1727218975.9548116,1,0.25643641938735734,0.23877299420036402,0.24760470679386068,24.0,0.0,4.778808385849799,-38.231671331541094,-0.0673578126444008,0
1727218975.9999595,1,0.2692582403567252,0.23877299420036402,0.2540156172785446,24.0,0.011904761904761904,3.8339897667049034,-38.98321223432666,-0.06412901130475032,0
1727218976.055625,1,0.24643251905335212,0.24028466566610637,0.24335859235972923,24.0,0.04063388364318748,4.128472161155051,-38.31588484785661,-0.06887917297967568,0
1727218976.1421103,1,0.2122769075819069,0.223492675370175,0.21788479147604095,24.0,0.0,3.1854080783910144,-38.72900906216755,-0.07180686891563741,0
1727218976.1790745,1,0.22332781224177667,0.24028466566610637,0.23180623895394153,24.0,0.0,3.534195240548476,-38.31544986290398,-0.0672651840296207,0
1727218976.2398834,1,0.223606797749979,0.24028466566610637,0.23194573170804267,24.0,0.0,2.6250729266156814,-38.16597385169216,-0.06402949899428731,0
1727218976.2959926,1,0.2834297266912897,0.2138585417891184,0.24864413424020404,24.0,0.0,3.2887224410522227,-39.3145266944965,-0.06907775730581284,0
1727218976.3967185,1,0.3384286960981292,0.27556160553482706,0.3069951508164781,24.0,0.012195121951219513,1.0900681004172734,-39.50996925813994,-0.0720223044563668,0
1727218976.427543,1,0.36483506935189075,0.28345388743864336,0.32414447839526705,24.0,0.011904761904761904,2.861461945849322,-39.08116286877973,-0.07675598111847359,0
1727218976.4774394,1,0.3384286960981292,0.28345388743864336,0.31094129176838625,24.0,0.0,1.0096072169721366,-38.960496998188425,-0.0762063186372585,0
1727218976.554671,1,0.36634369771459985,0.28154625318573645,0.32394497545016815,24.0,0.0,2.100663335390253,-39.712920980535635,-0.06939567153194852,0
1727218976.5995986,1,0.35752266422167156,0.28154625318573645,0.319534458703704,24.0,0.0,1.8610672153388677,-39.97001153589145,-0.07347347225222711,0
1727218976.6637387,1,0.35605036147722435,0.29981770430178595,0.3279340328895052,24.0,0.023249527748763855,3.1043643425237755,-38.84117253145717,-0.0702978037632677,0
1727218976.7205899,1,0.3862316740489209,0.2988870096012872,0.34255934182510406,24.0,0.0,2.088555937838272,-38.776938201660606,-0.07161189512852624,0
1727218976.8126853,1,0.396054849397416,0.2988870096012872,0.3474709294993516,24.0,0.02874063764729875,2.271159484742494,-39.60846597408534,-0.07048703103361072,0
1727218976.8429112,1,0.3862316740489209,0.31279100855356257,0.34951134130124173,24.0,0.011627906976744186,0.9332697163587466,-39.037158863996176,-0.06724551913243268,0
1727218976.899334,1,0.3719324495262802,0.31526069955657404,0.3435965745414271,24.0,0.011901388973144479,1.3331876995052616,-39.337053316259244,-0.07425936869891386,0
1727218976.9818432,1,0.37054893902963165,0.31622776601683794,0.3433883525232348,24.0,0.011627906976744186,1.77976038978631,-38.41786095970724,-0.0657208400853097,0
1727218977.0263948,1,0.3945816086460705,0.31622776601683794,0.35540468733145425,24.0,0.023255813953488372,1.167337353353547,-39.22451027479444,-0.06594756330747417,0
1727218977.0829692,1,0.3945816086460705,0.31622776601683794,0.35540468733145425,24.0,0.0,1.660767291066512,-38.36663148739859,-0.06434005569779674,0
1727218977.1558042,1,0.3680091047957925,0.31526069955657404,0.3416349021761833,24.0,0.04063388364318748,2.0757033383618064,-38.77430300227632,-0.07459572739017756,0
1727218977.2129724,1,0.3451103064173911,0.3335923230710924,0.33935131474424174,24.0,0.0,2.286897600277011,-39.37244416734844,-0.07644272532927897,0
1727218977.2634554,1,0.3680091047957925,0.31526069955657404,0.3416349021761833,24.0,0.011627906976744186,1.8826530595751192,-39.11665738975296,-0.0716521189391652,0
1727218977.3214412,1,0.3862316740489209,0.31622776601683794,0.35122972003287944,24.0,0.0,2.181126108066545,-37.95423879748191,-0.07437059875541241,0
1727218977.3878844,1,0.3862316740489209,0.3236584594241837,0.3549450667365523,24.0,0.011904761904761904,0.80108177671145,-39.26712986557695,-0.07260299929869546,0
1727218977.459664,1,0.3451103064173911,0.3183703870297199,0.3317403467235555,24.0,0.0,1.3602090120258632,-39.00545004789922,-0.07627323042729778,0
1727218977.5039392,1,0.3692558924604434,0.3048435176678406,0.337049705064142,24.0,0.011901388973144479,2.8628226381744586,-37.97425294828056,-0.07035489393524309,0
1727218977.5627534,1,0.3451103064173911,0.3137504992032684,0.32943040281032976,24.0,0.0,1.003083000591419,-39.292889266520035,-0.06575030084331256,0
1727218977.6310663,1,0.3451103064173911,0.31622776601683794,0.3306690362171145,24.0,0.011904761904761904,1.2520597130149445,-39.075336177652524,-0.07047295715075337,0
1727218977.692012,1,0.3680091047957925,0.31622776601683794,0.34211843540631526,24.0,0.0,1.6863551885454109,-39.13226809056519,-0.07367954774392796,0
1727218977.7411978,1,0.3945816086460705,0.31526069955657404,0.3549211541013223,24.0,0.011363636363636364,3.3403458161782003,-38.46985892649866,-0.06743700727409974,0
1727218977.802842,1,0.3680091047957925,0.3048435176678406,0.33642631123181654,24.0,0.0,0.6969570303047574,-38.87681961317381,-0.06984684160464161,0
1727218977.8628395,1,0.37054893902963165,0.3048435176678406,0.33769622834873614,24.0,0.0,1.9005812548545507,-39.1875018898469,-0.07444296779644559,0
1727218977.9278975,1,0.3719324495262802,0.3048435176678406,0.3383879835970604,24.0,0.0,2.1626887030667814,-38.329495588478146,-0.06932280300920544,0
1727218977.9833708,1,0.3951092625805898,0.30260894244348135,0.34885910251203556,24.0,0.011904761904761904,1.5679524817853276,-38.32699985193719,-0.06636880266224249,0
1727218978.0758858,1,0.3719324495262802,0.30353719946766683,0.3377348244969735,24.0,0.011627906976744186,1.0100621001057402,-38.848810510609255,-0.07320683610910264,0
1727218978.1088533,1,0.3909079031741939,0.3360366788861878,0.36347229103019085,24.0,0.011901388973144479,2.2215084685960402,-39.60490074897739,-0.07498791870968519,0
1727218978.1681652,1,0.41179613870260373,0.33687259619538024,0.37433436744899196,24.0,0.023802777946288958,0.8764825282701662,-38.305400841120075,-0.07624659665741028,0
1727218978.2561939,1,0.32355396672130604,0.33935582052291635,0.3314548936221112,24.0,0.011904761904761904,1.7484674617069302,-38.2533625676511,-0.07685868202808584,0
1727218978.289236,1,0.1407195089460584,0.17425410532750835,0.15748680713678337,24.0,0.0,5.174819625976639,-41.02144880064599,-0.07361733653145676,0
1727218978.3501797,1,0.24892220648747632,0.17417803764954404,0.21155012206851018,24.0,0.011624763874381928,2.397315617245547,-39.9645889072142,-0.06659828478482942,0
1727218978.4363284,1,0.2834297266912897,0.2522802691076882,0.26785499789948897,24.0,0.0,1.5485227005825046,-39.48169853341879,-0.06423939974205575,0
1727218978.4692914,1,0.3480733905098305,0.28154625318573645,0.3148098218477835,24.0,0.0,2.4364415150139505,-38.61645180188047,-0.06562158230557685,0
1727218978.567696,1,0.3621990044324821,0.3057786292817528,0.33398881685711745,24.0,0.0,2.880912673065488,-38.44053337913738,-0.06534025600440371,0
1727218978.5994658,1,0.375067463834633,0.3017533556470644,0.3384104097408487,24.0,0.0,1.1728949446808956,-38.50696553452259,-0.06512229886049814,0
1727218978.643048,1,0.39363953921335054,0.3017533556470644,0.34769644743020744,24.0,0.0,1.1695334705893112,-38.266182938086835,-0.06488395713223714,0
1727218978.7138352,1,0.39363953921335054,0.3190941120626151,0.35636682563798283,24.0,0.011627906976744186,1.9142915163327778,-38.466806684545226,-0.0661399526448933,0
1727218978.7761893,1,0.3406610540266079,0.31223749174274557,0.32644927288467673,24.0,0.0,1.9897274158669054,-39.30560202579543,-0.07420209974511718,0
1727218978.8278337,1,0.3451103064173911,0.3057786292817528,0.32544446784957193,24.0,0.0,1.5671893795091374,-39.52139003395257,-0.06329421545021478,0
1727218978.8895395,1,0.3803135600922283,0.3085502624497215,0.3444319112709749,24.0,0.0,1.8032196385794574,-38.934934076310874,-0.062463386980675356,0
1727218978.9550872,1,0.3692558924604434,0.3057786292817528,0.3375172608710981,24.0,0.011901388973144479,2.960750427911175,-39.94186438325014,-0.07054597676975993,0
1727218979.0206683,1,0.3692558924604434,0.32256940803282547,0.3459126502466344,24.0,0.0,1.532085843997427,-37.93732125602423,-0.07815372141238554,0
1727218979.0705705,1,0.3692558924604434,0.31223749174274557,0.3407466921015945,24.0,0.0,1.9998761742357882,-37.96528832886192,-0.06876867688316356,0
1727218979.146499,1,0.3719324495262802,0.31492034934438606,0.34342639943533315,24.0,0.011627906976744186,1.288151223845034,-38.82895394356015,-0.06936094935444471,0
1727218979.2086034,1,0.37054893902963165,0.29598452257987684,0.3332667308047542,24.0,0.0,1.4280152363683618,-39.599973621621515,-0.07104836512995653,0
1727218979.2491,1,0.3680091047957925,0.32172731800417,0.34486821139998125,24.0,0.023802777946288958,3.239000603900056,-39.584195413830614,-0.06636809095916793,0
1727218979.3103848,1,0.375067463834633,0.3057786292817528,0.3404230465581929,24.0,0.016835875742536848,2.4761042903898445,-39.626900032197916,-0.06789214906409938,0
1727218979.3981159,1,0.39223227027636803,0.3041458676074377,0.3481890689419029,24.0,0.023809523809523808,3.6349695732903524,-40.97045320498985,-0.07351653259576257,0
1727218979.4284408,1,0.3635513389603322,0.290840592071338,0.3271959655158351,24.0,0.0,4.648541703788903,-39.367491635876675,-0.07320554565464571,0
1727218979.5011885,1,0.2594026516351075,0.2461068938771205,0.252754772756114,24.0,0.0,3.932206540570532,-39.73130693154664,-0.06787057799685828,0
1727218979.58757,1,0.2834297266912897,0.25,0.26671486334564487,24.0,0.0,4.154303637990583,-40.313503245650054,-0.06250496397998356,0
1727218979.6184266,1,0.25904411289894824,0.223492675370175,0.24126839413456164,24.0,0.011624763874381928,5.668548062736852,-40.904304250146666,-0.07448610181572776,0
1727218979.7087433,1,0.18950356780267952,0.18956764213880425,0.1895356049707419,24.0,0.023802777946288958,5.221341333676315,-40.16698652088699,-0.06857264164738554,0
1727218979.7378678,1,0.10473004040427068,0.04140342101788418,0.07306673071107743,24.0,0.0,6.2826732109652985,-40.041877465673146,-0.07596731097619068,0
1727218979.8124642,1,0.2122769075819069,0.1992744433761387,0.2057756754790228,24.0,0.023802777946288958,3.631128642584043,-41.52505609676905,-0.07071250018892664,0
1727218979.865303,1,0.2947530030123995,0.23951712355681748,0.26713506328460845,24.0,0.011891287353862351,3.3714668588547343,-40.792543528840106,-0.07052655691295186,0
1727218979.9111843,1,0.3485082106550167,0.26602969626022877,0.30726895345762273,24.0,0.012191496227354269,3.4594211004609976,-41.178493450135186,-0.07191926491645793,0
1727218979.9967308,1,0.36634369771459985,0.28154625318573645,0.32394497545016815,24.0,0.011901388973144479,4.479187499207313,-41.8504141190991,-0.07602200754662805,0
1727218980.0340486,1,0.36685074805791235,0.28345388743864336,0.32515231774827785,24.0,0.0,2.6535739828753795,-41.0359898185484,-0.07559020067110139,0
1727218980.10163,1,0.33969227994388246,0.2892406104248749,0.3144664451843787,24.0,0.0,1.7291771120176371,-40.91637830659379,-0.06992524376617197,0
1727218980.167756,1,0.38263408078607625,0.28045918574678386,0.3315466332664301,24.0,0.011901388973144479,1.9478244047142188,-40.94335135370631,-0.07499043825336367,0
1727218980.2178109,1,0.32527000354086844,0.2575131013123024,0.29139155242658543,24.0,0.0,2.5572967085088227,-40.91875287678678,-0.07124156610386678,0
1727218980.311204,1,0.3508232077228117,0.26493526332783307,0.30787923552532237,24.0,0.0,5.354813601125345,-41.768334871625534,-0.07854859344905939,0
1727218980.3420458,1,0.3508232077228117,0.2744279588019971,0.3126255832624044,24.0,0.023802777946288958,3.1422872363545133,-41.427814521944,-0.08050798473478912,0
1727218980.3992085,1,0.32527000354086844,0.2549249642552304,0.29009748389804946,24.0,0.0,2.4334012332628987,-42.13709234333038,-0.06917069013044064,0
1727218980.4855652,1,0.3324112476572669,0.2562190327837664,0.29431514022051664,24.0,0.0,3.8839245077295153,-42.47882941675102,-0.07141969595711706,0
1727218980.5148675,1,0.29871519752227077,0.2562190327837664,0.2774671151530186,24.0,0.012180638428352398,3.6873815624026687,-41.9852352477949,-0.07337118312529962,0
1727218980.5887275,1,0.29871519752227077,0.23252906583803282,0.2656221316801518,24.0,0.012180638428352398,4.151911828570917,-42.43152859392973,-0.07943478437799614,0
1727218980.6354825,1,0.24806946917841693,0.21850711221876892,0.23328829069859292,24.0,0.0,3.6089262524851096,-43.193584912545504,-0.0652317305184078,0
1727218980.7278001,1,0.22587793394275052,0.2562190327837664,0.24104848336325846,24.0,0.0,3.071363658569889,-42.869077021956876,-0.07076725345739697,0
1727218980.7615833,1,0.29871519752227077,0.2394434358548067,0.26907931668853874,24.0,0.0,2.7157477080065533,-43.14263879107231,-0.06593395324370163,0
1727218980.812154,1,0.23838910956858161,0.22001412901005074,0.22920161928931618,24.0,0.0,1.5256906296919261,-43.31980150941196,-0.06953846252961644,0
1727218980.895409,1,0.09898215570145177,0.08231079972079915,0.09064647771112547,24.0,0.011891287353862351,4.862908771338193,-43.947419707114875,-0.06561654348943188,0
1727218980.9331384,1,0.1759213362710554,0.050220196095182544,0.11307076618311898,24.0,0.0,5.686892523255516,-41.96269147908691,-0.0687198923393709,0
1727218981.0066059,1,0.21670562052436673,0.18569533817705183,0.20120047935070928,24.0,0.0,2.9482671419153075,-43.96009040196066,-0.06529831420422488,0
1727218981.0634634,1,0.32605707420630536,0.24499797877501264,0.285527526490659,24.0,0.023782574707724703,4.741963899726107,-44.77487189140251,-0.07368018882308226,0
1727218981.1318963,1,0.32605707420630536,0.2525916704157925,0.2893243723110489,24.0,0.0,4.953707504111383,-44.51641289341672,-0.07476081206422734,0
1727218981.2149868,1,0.30772461304701454,0.26920405149378346,0.288464332270399,24.0,0.011599710474839776,5.488649638143324,-44.54473511416226,-0.07450956130691568,0
1727218981.2445524,1,0.2927430031867816,0.28347009265217327,0.28810654791947743,24.0,0.0,3.6236705083396736,-45.47136860342175,-0.08042815295241072,0
1727218981.2917325,1,0.32605707420630536,0.2835843192980894,0.30482069675219736,24.0,0.0,4.25543826993623,-45.84923094920883,-0.07872038960676662,0
1727218981.366224,1,0.38263408078607625,0.2825495605086768,0.3325918206473765,24.0,0.01185113657849943,6.214673980231307,-46.816292195382786,-0.07686482742872318,0
1727218981.452496,1,0.2579773515533863,0.26888802726827804,0.2634326894108322,24.0,0.0,4.248267567686455,-45.32882473200121,-0.07252749184655219,0
1727218981.4817364,1,0.2721391915353037,0.2954670353366816,0.2838031134359926,24.0,0.012162606385262998,4.874517784282917,-46.42468853735743,-0.08251302460455347,0
1727218981.5324533,1,0.2721391915353037,0.3118315179038567,0.2919853547195802,24.0,0.011874508331318274,4.663812485900948,-45.761382990605824,-0.08056839293018594,0
1727218981.604654,1,0.3508232077228117,0.2868138957528299,0.3188185517378208,24.0,0.023749016662636548,4.731720913920073,-46.33976593855999,-0.09116276283196544,0
1727218981.6829925,1,0.32527000354086844,0.30473976423738175,0.31500488388912506,24.0,0.0,5.146434010219507,-45.431454294919654,-0.0904548322130727,0
1727218981.7177913,1,0.2834297266912897,0.29558609625104315,0.2895079114711664,24.0,0.0,5.680911430946196,-45.825820001247386,-0.08909474533184905,0
1727218981.7759488,1,0.3580175055162441,0.3236584594241837,0.3408379824702139,24.0,0.012484404235973058,3.794944241854506,-45.72804591942695,-0.084311526994957,0
1727218981.8566082,1,0.3580175055162441,0.31526069955657404,0.33663910253640905,24.0,0.023249527748763855,2.5130905229901384,-44.87204797937092,-0.07940980582054197,0
1727218981.9168603,1,0.35752266422167156,0.31279100855356257,0.33515683638761706,24.0,0.023782574707724703,4.598774135310079,-45.06591921316981,-0.0795369956755356,0
1727218981.956006,1,0.33287133264930313,0.31622776601683794,0.32454954933307056,24.0,0.0,3.0013523351399876,-42.8635094762193,-0.07959636051114441,0
1727218982.0221648,1,0.3640054944640259,0.3137504992032684,0.33887799683364717,24.0,0.011901388973144479,3.72191583572784,-43.19021044786821,-0.07932946433066855,0
1727218982.110796,1,0.3497078455444972,0.3057786292817528,0.327743237413125,24.0,0.0,2.6289467988354085,-42.37541003563272,-0.07149240930819109,0
1727218982.1423125,1,0.36634369771459985,0.3137504992032684,0.3400470984589341,24.0,0.0,1.67918973995989,-42.313702134133,-0.07197113127700769,0
1727218982.1975656,1,0.41684369441033314,0.30091213723418164,0.35887791582225737,24.0,0.011901388973144479,2.38005907727396,-40.70577996064196,-0.08173367352848805,0
1727218982.2800627,1,0.4080226609174049,0.31622776601683794,0.36212521346712145,24.0,0.0,1.4611018421070996,-39.74602741863692,-0.07164684497191684,0
1727218982.330593,1,0.41179613870260373,0.28596408957263325,0.3488801141376185,24.0,0.0,-0.331167208835389,-40.071348364236655,-0.06254575814493885,0
1727218982.3795552,1,0.40502462125187483,0.3057786292817528,0.35540162526681385,24.0,0.023809523809523808,-0.3927640136778288,-40.27439076106252,-0.07001907555977248,0
1727218982.461374,1,0.22332781224177667,0.2712173048997297,0.2472725585707532,24.0,0.0,0.587800555119919,-41.25531871438667,-0.06706123245588352,0
1727218982.5045118,1,0.1330919764650002,0.12456361292923115,0.1288277946971157,24.0,0.0,-0.4730001856163417,-40.789856190263336,-0.06397710078092954,0
1727218982.576016,1,0.30237954362430014,0.2282335132106823,0.26530652841749125,24.0,0.02323069967623409,-3.7299997547757853,-38.828792881332504,-0.06286589930500656,0
1727218982.6185029,1,0.3729779352430262,0.28992134818515547,0.33144964171409086,24.0,0.011627906976744186,-4.309668899960543,-37.651683998420516,-0.06231348008696367,0
1727218982.683049,1,0.35634111753911063,0.2967552696911847,0.32654819361514764,24.0,0.011624763874381928,-5.902180238090297,-35.28677601330949,-0.05735099006764831,0
1727218982.7650197,1,0.40318176610139217,0.3384571727018808,0.37081946940163646,24.0,0.011901388973144479,-6.947450126841397,-35.86599005294279,-0.05404006003931379,0
1727218982.8063915,1,0.3957491627214195,0.3212561541824582,0.35850265845193885,24.0,0.0,-6.805424510679359,-37.3784126966444,-0.06252989690990948,0
1727218982.8670936,1,0.39652292350182194,0.3212561541824582,0.35888953884214003,24.0,0.0,-7.5939921499668745,-36.22649023587386,-0.05436337170162023,0
1727218982.9485033,1,0.41828731563684723,0.33645866911686956,0.3773729923768584,24.0,0.023809523809523808,-9.563615951032782,-37.17547502478809,-0.050865744505748704,0
1727218982.9841285,1,0.41828731563684723,0.3253410412007942,0.3718141784188207,24.0,0.011901388973144479,-9.560129992161203,-36.142681685332946,-0.042742729536420845,0
1727218983.0422354,1,0.4242640687119285,0.34436330951419125,0.38431368911305985,24.0,0.0,-9.199942676247678,-37.12310716051581,-0.0496914217446082,0
1727218983.1076746,1,0.4242640687119285,0.34436330951419125,0.38431368911305985,24.0,0.011901388973144479,-9.689170482733859,-36.93914446211942,-0.0425266907181872,0
1727218983.2008595,1,0.4420172514969963,0.3535439254133464,0.39778058845517134,24.0,0.0,-9.990362938795146,-37.19154084179196,-0.04956197712238562,0
1727218983.2399275,1,0.4217234833486273,0.3507743310649521,0.3862489072067897,24.0,0.011627906976744186,-9.884946038384388,-36.35764641946782,-0.04512730588542219,0
1727218983.2909417,1,0.4375237141715295,0.34186174814904474,0.38969273116028713,24.0,0.023809523809523808,-10.552157151909293,-37.32408624951787,-0.04348987192827123,0
1727218983.3792489,1,0.4472135954999579,0.33645866911686956,0.39183613230841374,24.0,0.0,-10.074855035796372,-36.563965495491736,-0.046858818816849446,0
1727218983.4077163,1,0.46338713117731156,0.33617936835909196,0.3997832497682018,24.0,0.012191496227354269,-9.597164605714806,-36.46046192116699,-0.04786609289217335,0
1727218983.4782462,1,0.40001498751489734,0.34436330951419125,0.3721891485145443,24.0,0.0,-9.40987774849178,-35.84943876657431,-0.04482800462563875,0
1727218983.5297735,1,0.4212464340953068,0.3535439254133464,0.3873951797543266,24.0,0.016835875742536848,-9.178517742136332,-36.26477564798379,-0.04887966791788161,0
1727218983.5925274,1,0.41828731563684723,0.34436330951419125,0.38132531257551927,24.0,0.0,-9.038013603353862,-37.46010248631859,-0.04060158254260688,0
1727218983.6572819,1,0.4242640687119285,0.3278426025659407,0.3760533356389346,24.0,0.0,-10.832698171294773,-37.026724411060975,-0.055192038711310086,0
1727218983.708391,1,0.4242640687119285,0.34845370530362113,0.3863588870077748,24.0,0.011904761904761904,-9.595738429241528,-37.04665626593072,-0.04927044198516715,0
1727218983.7879057,1,0.4345461559646959,0.3278426025659407,0.3811943792653183,24.0,0.017246506858208478,-7.84322241155558,-37.5255504283519,-0.054917492435608416,0
1727218983.8285959,1,0.448851583698745,0.336344312114887,0.392597947906816,24.0,0.011904761904761904,-7.044300227131447,-36.57394075427682,-0.05349804256730548,0
1727218983.9001584,1,0.48840332627821426,0.3585475911670829,0.4234754587226486,24.0,0.0,-3.830217076599665,-37.02277424896009,-0.05809238510373194,0
1727218983.954303,1,0.4678055436987159,0.34458097923322206,0.406193261465969,24.0,0.011904761904761904,-4.839634044733724,-36.44118353291141,-0.060615119783250605,0
1727218984.025833,1,0.4472135954999579,0.33935582052291635,0.3932847080114371,24.0,0.0,-4.8717972526624695,-36.39278436004484,-0.06266421255395391,0
1727218984.1007724,1,0.4168104115282511,0.3702413424854027,0.3935258770068269,24.0,0.0,-4.224356240527073,-36.967463468106565,-0.06166656632892445,0
1727218984.1292694,1,0.4585778056921343,0.35765194596541244,0.40811487582877337,24.0,0.0,-6.991827563132439,-36.5773566645821,-0.05723887003618124,0
1727218984.1873522,1,0.4624854169678447,0.3393601867838982,0.4009228018758714,24.0,0.0,-6.423680044750705,-37.42535514345127,-0.05893193728829175,0
1727218984.2819192,1,0.4457837477699706,0.35616776344881457,0.4009757556093926,24.0,0.0,-8.47765819768443,-37.342968131026446,-0.05579975076462399,0
1727218984.3124046,1,0.43842130219474024,0.35540189709157205,0.39691159964315614,24.0,0.0,-5.184087663597339,-37.24025663505263,-0.06743140363394927,0
1727218984.366039,1,0.4249908973098884,0.3509568801253468,0.3879738887176176,24.0,0.0,-7.344721396254449,-37.49095571647024,-0.053037826266100985,0
1727218984.452084,1,0.4457837477699706,0.35765194596541244,0.4017178468676915,24.0,0.0,-5.5789941061588335,-37.41795682013503,-0.06474038499919582,0
1727218984.487071,1,0.15318996190976616,0.21505813167606566,0.1841240467929159,24.0,0.0,-4.550506099103218,-38.75922126207787,-0.057990659162730114,0
1727218984.5466964,1,0.23106601717798209,0.2138585417891184,0.22246227948355024,24.0,0.017677669529663688,-6.3886662772969505,-37.73576188582966,-0.06007974513688758,0
1727218984.606693,1,0.38884888346707924,0.28345388743864336,0.3361513854528613,24.0,0.011904761904761904,-5.3547185543752605,-37.38086947692417,-0.05460957289041369,0
1727218984.7071128,1,0.39216232398409245,0.293629772444708,0.34289604821440023,24.0,0.0,-4.6869197757630685,-37.516470344251886,-0.06535760335912104,0
1727218984.7376318,1,0.41167181000159825,0.3253410412007942,0.36850642560119623,24.0,0.012191496227354269,-6.10406558217837,-37.2276910339387,-0.059593478791300995,0
1727218984.7840936,1,0.4249908973098884,0.3335923230710924,0.3792916101904904,24.0,0.0,-6.3170170035713,-36.58960460826997,-0.05453253787924972,0
1727218984.8701127,1,0.4249908973098884,0.3358525987266785,0.38042174801828343,24.0,0.011901388973144479,-6.553990940278278,-38.069178186740366,-0.056011819899679904,0
1727218984.9179845,1,0.4249908973098884,0.3385180967552427,0.3817544970325656,24.0,0.0,-6.37663421907245,-36.93696383746983,-0.06295599737962297,0
1727218984.9718165,1,0.41167181000159825,0.34066125431464783,0.376166532158123,24.0,0.0,-5.7443544315795645,-35.64430497115676,-0.061180559277034446,0
1727218985.0510747,1,0.4249908973098884,0.3393601867838982,0.3821755420468933,24.0,0.011627906976744186,-5.439960448787967,-35.71955927507445,-0.06016773497736843,0
1727218985.097501,1,0.40198947381050015,0.30091213723418164,0.35145080552234087,24.0,0.0,-7.197229785473429,-36.14141247361731,-0.05625164625354853,0
1727218985.1901252,1,0.09587889365744151,0.07705999143709423,0.08646944254726788,24.0,0.012496095580101535,-4.974696751223481,-35.00797854953065,-0.05308055707401211,0
1727218985.219035,1,0.12256312411845478,0.06278675123206445,0.09267493767525961,24.0,0.0,-6.5363652177197,-36.45152470695976,-0.03518818735316324,0
1727218985.2640443,1,0.11887879963465593,0.07286258426922754,0.09587069195194173,24.0,0.0,-7.664832985550369,-36.80457236406716,-0.041405652333500395,0
1727218985.3354073,1,0.14269544824634822,0.06880209161537815,0.10574876993086318,24.0,0.0,-8.360740535287063,-38.00729370044778,-0.036759872521460214,0
1727218985.4205742,1,0.25,0.1444479692260693,0.19722398461303464,36.0,0.011904761904761904,-9.041330075316594,-37.41918140766933,-0.04343879493423348,0
1727218985.4543967,1,0.3808895931310597,0.28475822067233597,0.33282390690169783,36.0,0.023802777946288958,-8.635078784389489,-37.300542114677555,-0.05219124933632334,0
1727218985.5137753,1,0.3808895931310597,0.31465892795660505,0.34777426054383237,36.0,0.0,-4.665721710704383,-35.66891034769393,-0.06114426202393546,0
1727218985.6112041,1,0.1149834381634745,0.08683470613466486,0.10090907214906969,36.0,0.012195121951219513,-0.857553659900602,-35.339953445658324,-0.0555401169720833,0
1727218985.6420803,1,0.13408030463079817,0.08683470613466486,0.11045750538273152,36.0,0.0,-1.214452207036155,-38.15669283756223,-0.06529252701397983,0
1727218985.7275796,1,0.2575879225949308,0.24028466566610637,0.2489362941305186,36.0,0.0,-2.03222673397174,-36.42307630917155,-0.05603458430618761,0
1727218985.7578654,1,0.40198947381050015,0.32256940803282547,0.3622794409216628,36.0,0.012195121951219513,-1.2892297442002714,-36.91115781934278,-0.06928940772977825,0
1727218985.8476546,1,0.12004004631571707,0.05123902392638663,0.08563953512105185,36.0,0.0,-0.30969325378856943,-35.46571927753383,-0.059985327081524674,0
1727218985.8821704,1,0.10635890745287926,0.056777526971476894,0.08156821721217808,36.0,0.011904761904761904,-6.9671402310685435,-35.29017085630079,-0.050915864952981435,0
1727218985.9730425,1,0.23106601717798209,0.20778320988565235,0.21942461353181722,36.0,0.012195121951219513,-5.110430543574344,-37.78535635451573,-0.05669494167509807,0
1727218986.0044777,1,0.2972064965778974,0.257390753524675,0.2772986250512862,36.0,0.0,-4.575561848425775,-37.40902982280184,-0.05683473626606344,0
1727218986.0481656,1,0.10040444031431572,0.07692307692307693,0.08866375861869633,36.0,0.0,-5.077598909582539,-35.85510330219996,-0.0450046756860495,0
1727218986.1229043,1,0.17169291787923757,0.0889519183431255,0.13032241811118153,36.0,0.023802777946288958,-7.163117077163989,-37.80707418096768,-0.048040440328436476,0
1727218986.18698,1,0.3576526392274466,0.2613195330346501,0.30948608613104833,36.0,0.011904761904761904,-6.544508855024462,-37.5535342357647,-0.052112452274626936,0
1727218986.2706542,1,0.383863585054092,0.3070316347601759,0.34544760990713397,36.0,0.0,-6.613619605844482,-37.03372371665415,-0.06010961326954887,0
1727218986.3083465,1,0.3530662876656075,0.3190941120626151,0.3360801998641113,36.0,0.029441628809427987,-5.61056298760408,-37.06162029061487,-0.060919046489252386,0
1727218986.3511248,1,0.1168426648104928,0.07044476259368257,0.09364371370208768,36.0,0.012195121951219513,-2.862362270122529,-36.137987901958134,-0.055427742616610716,0
1727218986.4400105,1,0.17149858514250882,0.07692307692307693,0.12421083103279287,36.0,0.012195121951219513,-5.689195899313124,-38.332363516118015,-0.054055790953865604,0
1727218986.4782815,1,0.3447498499149687,0.26602969626022877,0.30538977308759874,36.0,0.011624763874381928,-7.96579314702594,-35.910687214813755,-0.04981009989864384,0
1727218986.5688562,1,0.3808895931310597,0.3041458676074377,0.3425177303692487,36.0,0.012191496227354269,-5.825622444529791,-36.37299981043333,-0.05873363028531714,0
1727218986.5972514,1,0.18005263846568273,0.10095089302501375,0.14050176574534823,36.0,0.0125,-4.285996263971473,-37.141935013373825,-0.06241875541081355,0
1727218986.651127,1,0.12044673312607088,0.07692307692307693,0.0986849050245739,36.0,0.0,-4.735910481186391,-37.15695721607992,-0.04780882378761095,0
1727218986.7440002,1,0.3119231595511563,0.24772634230471863,0.27982475092793746,36.0,0.0,-6.976389810535054,-38.25270182918458,-0.05903364149342401,0
1727218986.7716086,1,0.3957491627214195,0.28475822067233597,0.34025369169687775,36.0,0.0,-6.583868294911762,-36.45256018231886,-0.05515180035240648,0
1727218986.872061,1,0.4273718173246958,0.33645866911686956,0.3819152432207827,36.0,0.016831105696898524,-6.864895213213435,-35.7355346460148,-0.05548906593153973,0
1727218986.902339,1,0.29981267559834457,0.2536953767623375,0.27675402618034106,36.0,0.024390243902439025,-7.661492946457554,-37.5947080187307,-0.06413416699164251,0
1727218986.9521666,1,0.10074460314188904,0.07980868844676221,0.09027664579432562,36.0,0.0,-3.1929882540886916,-36.77437955037468,-0.05258526002457228,0
1727218987.0426457,1,0.16388869433927222,0.07692307692307693,0.12040588563117458,36.0,0.011624763874381928,-6.470840418580853,-36.343833755447655,-0.045618671889671635,0
1727218987.0772054,1,0.2949826454870138,0.2753489343793469,0.2851657899331803,36.0,0.0,-6.561327526141273,-36.6070408896113,-0.052832594923156756,0
1727218987.1361666,1,0.38868228502950836,0.3085502624497215,0.3486162737396149,36.0,0.023255813953488372,-8.097490537716869,-34.96336864088829,-0.05343620224774874,0
1727218987.2328079,1,0.3822629119951586,0.3310423554409472,0.3566526337180529,36.0,0.011891287353862351,-4.738567481911142,-35.14276199777348,-0.05465021048699129,0
1727218987.260346,1,0.3922322702763681,0.3309118971194738,0.36157208369792093,36.0,0.011627906976744186,-5.423121036825903,-34.086102096909705,-0.05717033579426518,0
1727218987.311976,1,0.18665021167070125,0.27446917413347,0.2305596929020856,36.0,0.012496095580101535,-3.746406199742038,-36.85916518740645,-0.06274330886089369,0
1727218987.3759964,1,0.1345345587992625,0.0516015687115336,0.09306806375539804,36.0,0.0,-3.4903343634993655,-35.079200911142394,-0.04663247567654306,0
1727218987.4343078,1,0.2866403292551131,0.2317137785453969,0.25917705390025503,36.0,0.011891287353862351,-7.137464597947711,-37.34466743620021,-0.05313125527257467,0
1727218987.5285683,1,0.31622776601683794,0.2936101097573517,0.3049189378870948,36.0,0.0,-6.18866250828114,-36.00941362378036,-0.058457940788058035,0
1727218987.5583515,1,0.3729779352430262,0.3384571727018808,0.3557175539724535,36.0,0.0,-7.253435261529234,-35.99722070147867,-0.0563288458759973,0
1727218987.613597,1,0.33543841480107195,0.32256940803282547,0.32900391141694874,36.0,0.011904761904761904,-6.944425002597199,-36.034083405842296,-0.05823206950600079,0
1727218987.6767647,1,0.3912260306293224,0.3559393843988394,0.37358270751408085,36.0,0.012195121951219513,-5.525195447221424,-35.68188903363755,-0.060118256538451056,0
1727218987.7572615,1,0.317999364001908,0.2536953767623375,0.2858473703821227,36.0,0.0,-6.516697969040878,-37.484513167609585,-0.052987930104282946,0
1727218987.7956464,1,0.10040444031431572,0.06289850465997608,0.08165147248714591,36.0,0.0,-1.0848373165953304,-36.35301138075791,-0.05431556290536889,0
1727218987.8577201,1,0.2200628735028401,0.15881020420107103,0.18943653885195555,36.0,0.0,-5.313791582625276,-36.30072133497493,-0.0555494712403366,0
1727218987.9424052,1,0.29348297819473895,0.2810504294036887,0.2872667037992138,36.0,0.011615349838117045,-6.947963760497872,-36.15978594961016,-0.04920328856431042,0
1727218987.9836502,1,0.3610222689138239,0.29695970548312184,0.32899098719847286,36.0,0.0,-5.960135289980285,-36.10506638502744,-0.058325276538659286,0
1727218988.0438583,1,0.3225597403632765,0.27293819065935887,0.2977489655113177,36.0,0.0,-6.115605327951611,-34.91965014244763,-0.05712156868264739,0
1727218988.1195803,1,0.15301657197088567,0.09730085108210398,0.12515871152649483,36.0,0.011901388973144479,-0.767638269009886,-37.60541430777933,-0.05744809338755088,0
1727218988.166204,1,0.10599978800063599,0.06651901052377393,0.08625939926220497,36.0,0.01643989873053573,1.737619757527514,-35.779882693681174,-0.05093627025535751,0
1727218988.239937,1,0.24698595787770977,0.23490678746134033,0.24094637266952507,36.0,0.011360702676647077,1.8594212030989894,-35.96927425256191,-0.058535458396503516,0
1727218988.2878902,1,0.34797231202498535,0.29130042905558734,0.3196363705402864,36.0,0.0,2.207052428796019,-35.055109700484685,-0.06285838530279182,0
1727218988.3423269,1,0.3610222689138239,0.3183703870297199,0.3396963279717719,36.0,0.011624763874381928,2.9100874570636606,-35.3420432248907,-0.06802351500616086,0
1727218988.4206314,1,0.2784872937381329,0.28668761781189944,0.2825874557750162,36.0,0.0,1.705823131175566,-36.44820939412213,-0.06687643795548419,0
1727218988.4643865,1,0.08651997015801753,0.05381500996273909,0.07016749006037831,36.0,0.0,4.47460952968726,-34.66846289398214,-0.05674906971164549,0
1727218988.5408363,1,0.17149858514250882,0.18107149208503706,0.17628503861377293,36.0,0.011624763874381928,4.687792698454359,-37.63430224666153,-0.06499233656499455,0
1727218988.587741,1,0.3621990044324821,0.27540147844384355,0.3188002414381628,36.0,0.011901388973144479,5.440022531162264,-34.056856646980926,-0.0721324003073225,0
1727218988.643436,1,0.21271781490575853,0.2079121770104234,0.21031499595809094,36.0,0.0,5.606979401423907,-36.79411108650645,-0.06879065297284596,0
1727218988.7038538,1,0.128386558425963,0.05872625857821506,0.09355640850208903,36.0,0.023255813953488372,8.00967644823925,-35.63895639781339,-0.06569496120957899,0
1727218988.7639053,1,0.3492715286614986,0.25,0.2996357643307493,36.0,0.0,4.534542335833092,-36.87822043005419,-0.0719409351589797,0
1727218988.8477473,1,0.3480733905098305,0.28504385627478446,0.31655862339230745,36.0,0.0,5.410219888345357,-35.61453437440286,-0.06856437523551984,0
1727218988.8797333,1,0.06704015231539909,0.07437051466359121,0.07070533348949515,36.0,0.0,5.538083561920906,-34.05183179410305,-0.06321132510966708,0
1727218988.946358,1,0.12843225981358714,0.09615405037473952,0.11229315509416332,36.0,0.0,3.1663741463477812,-36.45000513151631,-0.06572227750184445,0
1727218989.0161467,1,0.32246149100786786,0.2770921680671338,0.29977682953750084,36.0,0.011351915229662496,3.7796690617830704,-36.01134342205869,-0.06997183786620301,0
1727218989.0684338,1,0.3909079031741939,0.34402607436037524,0.36746698876728456,36.0,0.0,3.8386195868996746,-34.97000025103488,-0.07029645990679968,0
1727218989.1536105,1,0.3812021946573519,0.3304378749314146,0.35582003479438323,36.0,0.0,2.51907256841616,-34.2894470765094,-0.07004133370853237,0
1727218989.1865554,1,0.1012220412723645,0.07669649888473705,0.08895927007855078,36.0,0.0,3.3071747397688873,-35.99180921586906,-0.0635199330432092,0
1727218989.2449534,1,0.1540803728258865,0.0731055268242869,0.11359294982508669,36.0,0.023802777946288958,2.921761968412577,-35.78965000351799,-0.06712670511238315,0
1727218989.3332956,1,0.3610222689138239,0.28394328437470173,0.32248277664426284,36.0,0.0,2.0092662119577147,-35.077592800162016,-0.0735833226176619,0
1727218989.3655603,1,0.40502462125187483,0.3183703870297199,0.3616975041407974,36.0,0.011624763874381928,0.23029850554472908,-34.098517977140034,-0.06448525164520003,0
1727218989.4544666,1,0.39531880581699447,0.35616776344881457,0.3757432846329045,36.0,0.011624763874381928,0.84615469179734,-34.19198689682567,-0.05623820941450375,0
1727218989.4847329,1,0.2784872937381329,0.293629772444708,0.2860585330914205,36.0,0.0,1.498149700636799,-35.796015979237566,-0.07140382138569241,0
1727218989.5503109,1,0.10599978800063599,0.07449422505904478,0.09024700652984038,36.0,0.011627906976744186,3.493835281468188,-33.87736146314823,-0.05761558089567213,0
1727218989.6232429,1,0.12044673312607088,0.06080425490109966,0.09062549401358527,36.0,0.011901388973144479,2.1175568397710403,-35.287516314358776,-0.06025481241896802,0
1727218989.667367,1,0.23469763719366868,0.22835984079021762,0.23152873899194315,36.0,0.011891287353862351,1.904645301203818,-36.3887680744684,-0.06762166689372498,0
1727218989.7439406,1,0.3099525705783656,0.25,0.27997628528918284,36.0,0.011901388973144479,1.919272416237989,-34.32263921962997,-0.06331063128002108,0
1727218989.7914946,1,0.17149858514250882,0.08711196400259044,0.12930527457254964,36.0,0.0,2.347117477374625,-35.49311720921593,-0.056610732346063,0
1727218989.8532581,1,0.10540925533894598,0.049972245348957715,0.07769075034395184,36.0,0.0,3.2416081040294302,-34.55150428224461,-0.049094689933780314,0
1727218989.9199252,1,0.13408030463079817,0.07692307692307693,0.10550169077693755,36.0,0.0,1.2911801512209176,-34.04607932771829,-0.051632570965745674,0
1727218989.9829006,1,0.2982134102356262,0.240498775637327,0.2693560929364766,36.0,0.0,0.018118517107181722,-35.563099874566895,-0.0534264779753824,0
1727218990.0652366,1,0.3680091047957925,0.3297776760938608,0.3488933904448267,36.0,0.0,-0.33095319355593744,-34.63941076387955,-0.060212466149950065,0
1727218990.0961142,1,0.3680091047957925,0.33617936835909196,0.3520942365774422,36.0,0.023802777946288958,0.45024350435578336,-35.14612438514622,-0.06500977675938215,0
1727218990.154603,1,0.2876114455184051,0.28992134818515547,0.2887663968517803,36.0,0.023249527748763855,1.382626570314912,-33.723903953864344,-0.060011306855478175,0
1727218990.2426496,1,0.11124853987249621,0.07449422505904478,0.0928713824657705,36.0,0.011901388973144479,4.348449537252488,-33.63235154896094,-0.05526729983975202,0
1727218990.271191,1,0.15301657197088567,0.07692307692307693,0.1149698244469813,36.0,0.0,1.3579690765596222,-34.455432476680684,-0.05822882483727892,0
1727218990.3231,1,0.2784872937381329,0.257390753524675,0.267939023631404,36.0,0.011615349838117045,-0.2233113479894366,-35.18520900641794,-0.057422599096091945,0
1727218990.4003592,1,0.3451103064173911,0.3041458676074377,0.3246280870124144,36.0,0.023249527748763855,0.9186433836078234,-33.507085798142214,-0.062455068259424026,0
1727218990.4660754,1,0.3011693009684171,0.2953782695928239,0.29827378528062054,192.0,0.0,1.138349462339746,-36.425322613137745,-0.07023326964786841,4
1727218990.5145767,1,0.06666666666666667,0.055662061365382993,0.06116436401602483,192.0,0.0,6.4020481818707085,-35.21052578510623,-0.05546352279017081,4
1727218990.6031866,1,0.12004004631571707,0.06070327904138553,0.0903716626785513,192.0,0.011624763874381928,7.89005511060576,-36.165548939470014,-0.06754548604206143,4
1727218990.6332316,1,0.2876114455184051,0.24154307519818496,0.26457726035829504,192.0,0.023809523809523808,5.315178762055563,-36.167608221923466,-0.0719041575519231,4
1727218990.6885684,1,0.3692558924604434,0.3358525987266785,0.35255424559356097,192.0,0.0,5.0618412852216155,-34.87549856503665,-0.07852934812320836,4
1727218990.786221,1,0.20306923302672383,0.1909811992288572,0.1970252161277905,192.0,0.01643989873053573,4.501989420581202,-36.9010054875126,-0.06850027671983788,4
1727218990.8153949,1,0.07905562235571317,0.08422130075097546,0.08163846155334431,192.0,0.0,2.8160665978406376,-33.75243303417885,-0.06018107933268501,4
1727218990.8638108,1,0.1923258864396088,0.17502150679876124,0.18367369661918503,192.0,0.011904761904761904,2.1963685333550123,-37.309596889392736,-0.071654755777223,4
1727218990.9698005,1,0.2830379784367622,0.21505813167606566,0.24904805505641392,192.0,0.011624763874381928,2.2815671854815327,-35.58158745466949,-0.07360642812041403,4
1727218990.998809,1,0.12843225981358714,0.07437051466359121,0.10140138723858917,192.0,0.022721405353294154,2.482104112518942,-34.95505895599446,-0.06338146899787177,4
1727218991.044673,1,0.1144446986293968,0.05,0.0822223493146984,192.0,0.024382992454708537,5.286136411481957,-35.157165147717734,-0.058568533609405386,4
1727218991.117573,1,0.13468700594029479,0.10304325486309411,0.11886513040169444,192.0,0.0,2.1745077157906225,-35.463788824232736,-0.05817932121774263,4
1727218991.1855936,1,0.29129017534460905,0.25,0.27064508767230455,192.0,0.0,3.9761358883243214,-35.42218757394177,-0.06828756387558638,4
1727218991.2358153,1,0.3957491627214195,0.290840592071338,0.34329487739637876,192.0,0.028732494670043,5.2665004447356925,-34.525613387868056,-0.07126940752983835,4
1727218991.2844243,1,0.32355396672130604,0.3077145133220189,0.31563424002166246,192.0,0.0,4.267365800252236,-35.6086435399519,-0.07151619034792533,4
1727218991.3546915,1,0.3680091047957925,0.32507096939797203,0.3465400370968823,192.0,0.011624763874381928,4.786696127933248,-35.466492135292505,-0.07172064522174468,4
1727218991.4081106,1,0.30887801237502777,0.30260003407321345,0.3057390232241206,192.0,0.01643989873053573,5.107969751932574,-35.53576533670956,-0.07336023811211471,4
1727218991.478321,1,0.12004004631571707,0.06278675123206445,0.09141339877389076,192.0,0.0,6.018788774713931,-33.523325623315436,-0.06186234340983342,4
1727218991.5269032,1,0.08092462247169727,0.072992271558326,0.07695844701501163,192.0,0.011901388973144479,7.029316232369962,-34.891787867624735,-0.0637196525688048,4
1727218991.6077423,1,0.2368033988749895,0.22459154462439535,0.2306974717496924,192.0,0.023802777946288958,3.563691069451333,-36.66229559085437,-0.06592105690708587,4
1727218991.6635659,1,0.1923258864396088,0.2160052308927121,0.20416555866616043,192.0,0.011901388973144479,4.280996567904797,-35.35429202615291,-0.06964231161473325,4
1727218991.7134063,1,0.09984507974857616,0.05169341375966832,0.07576924675412225,192.0,0.0,6.162975249328142,-34.73598778166097,-0.05262656323184736,4
1727218991.7951972,1,0.10599978800063599,0.04711428474315455,0.07655703637189527,192.0,0.0,4.205983382941547,-34.796171172007014,-0.06051763453263401,4
1727218991.8365226,1,0.20194218076158924,0.18615215074074423,0.19404716575116673,192.0,0.011624763874381928,3.1821541691843027,-36.22464156202166,-0.06513172736228422,4
1727218991.895992,1,0.11404669393677075,0.056871972604215754,0.08545933327049325,192.0,0.023802777946288958,6.548486082201032,-34.353188324666114,-0.05639840268936405,4
1727218991.9736,1,0.10599978800063599,0.049972245348957715,0.07798601667479685,192.0,0.011901388973144479,5.5595059261912265,-34.05023848881649,-0.05744069298473927,4
1727218992.015448,1,0.11124853987249621,0.06289850465997608,0.08707352226623614,192.0,0.011901388973144479,4.43831891577414,-33.82813267242162,-0.06097252335089404,4
1727218992.0922682,1,0.05690355937288491,0.049972245348957715,0.053437902360921316,192.0,0.011624763874381928,4.7778786877864885,-35.38626502399857,-0.054656260309863376,4
1727218992.1326823,1,0.13408030463079817,0.07056194276216086,0.10232112369647953,192.0,0.017246506858208478,2.687318106292867,-35.22338374833325,-0.06020854369258891,4
1727218992.1912775,1,0.3254124696450489,0.24868381653571225,0.28704814309038057,192.0,0.011624763874381928,3.5641344019379466,-35.61268042728755,-0.06632110166994104,4
1727218992.2918105,1,0.3621990044324821,0.32305816606588744,0.34262858524918477,192.0,0.023802777946288958,2.417003908975331,-35.31605415411997,-0.07370646826752938,4
1727218992.3209603,1,0.38002866023179876,0.3190941120626151,0.34956138614720694,192.0,0.0,1.3387121659464285,-34.43321819023899,-0.06421586613174401,4
1727218992.3676548,1,0.32355396672130604,0.33645866911686956,0.3300063179190878,192.0,0.0,2.347614500552317,-34.406268863588416,-0.06522086803774305,4
1727218992.4297454,1,0.10599978800063599,0.06070327904138553,0.08335153352101077,192.0,0.011901388973144479,3.677259133599869,-34.5024306759972,-0.06222928340588728,4
1727218992.491519,1,0.14124491030928973,0.058830784781207845,0.10003784754524879,192.0,0.016835875742536848,3.692893343719457,-36.04056488702914,-0.06703728025376539,4
1727218992.586929,1,0.223606797749979,0.2079121770104234,0.21575948738020118,192.0,0.012191496227354269,3.4445456102552807,-35.90523953383199,-0.06696748828758094,4
1727218992.6156697,1,0.1345345587992625,0.13272217656353258,0.13362836768139752,192.0,0.0,2.2575885518324315,-36.75611429974755,-0.05411692326360525,4
1727218992.6685936,1,0.10040444031431572,0.07449422505904478,0.08744933268668026,192.0,0.0,4.8901545911101305,-34.26570696628646,-0.053022684180386706,4
1727218992.7372255,1,0.10040444031431572,0.07449422505904478,0.08744933268668026,192.0,0.011624763874381928,3.965485881721274,-33.93260855376313,-0.05372359526213545,4
1727218992.799829,1,0.10599978800063599,0.06080425490109966,0.08340202145086782,192.0,0.0,3.520977232662706,-34.180335220611404,-0.04687998245809825,4
1727218992.8521142,1,0.10040444031431572,0.06080425490109966,0.0806043476077077,192.0,0.011904761904761904,4.083256105647534,-34.90954176084607,-0.05857579152221281,4
1727218992.9313004,1,0.21271781490575853,0.20546336066228704,0.20909058778402279,192.0,0.0,3.1015504718267057,-36.31114797583089,-0.06374781529739312,4
1727218992.9879565,1,0.3451103064173911,0.28992134818515547,0.31751582730127326,192.0,0.011624763874381928,3.1575642497562035,-34.89285260668388,-0.06928599914316716,4
1727218993.046423,1,0.35816198334248095,0.33575600588927096,0.346958994615876,192.0,0.023802777946288958,1.8360799806238153,-36.23006618323655,-0.07005144871092586,4
1727218993.097892,1,0.3371524699818665,0.3190941120626151,0.3281232910222408,192.0,0.012191496227354269,1.2463899310098212,-35.73045040882906,-0.07202951826170909,4
1727218993.172714,1,0.3729779352430262,0.33904571440486914,0.35601182482394766,192.0,0.011624763874381928,0.43209841028724927,-35.38190226545825,-0.06305270922011723,4
1727218993.241154,1,0.17655613788661215,0.22360679774997896,0.20008146781829556,192.0,0.024382992454708537,2.8562950774870393,-36.16862825305806,-0.06809708022268707,4
1727218993.2720144,1,0.07462778926574919,0.06080425490109966,0.06771602208342442,192.0,0.012195121951219513,4.264812016891428,-34.59265311642096,-0.05817769743507111,4
1727218993.3392382,1,0.18005263846568273,0.17493066210650157,0.17749165028609215,192.0,0.011904761904761904,0.9267827565503882,-36.82504999251127,-0.06150857449338313,4
1727218993.4333496,1,0.30237954362430014,0.22360679774997896,0.26299317068713957,192.0,0.011624763874381928,1.092587101427531,-35.84119158991849,-0.06823981976417187,4
1727218993.4639053,1,0.21513878188659974,0.19823065593880665,0.20668471891270318,192.0,0.011624763874381928,-0.354369836567367,-35.67554489569766,-0.0645943000487219,4
1727218993.5203958,1,0.08092462247169727,0.07705999143709423,0.07899230695439574,192.0,0.011901388973144479,3.9840350574214467,-35.31965621388469,-0.06065718495053954,4
1727218993.6084185,1,0.0908041471727627,0.07705999143709423,0.08393206930492847,192.0,0.023255813953488372,3.4424359238279623,-35.69705267933045,-0.06182491842814281,4
1727218993.64139,1,0.12004004631571707,0.049972245348957715,0.0850061458323374,192.0,0.023802777946288958,3.4099290362925916,-34.51278817775901,-0.059490349732207695,4
1727218993.696755,1,0.10599978800063599,0.07056194276216086,0.08828086538139843,192.0,0.011627906976744186,2.0480711738456208,-33.94045651090353,-0.04528508136270251,4
1727218993.7746084,1,0.10599978800063599,0.072992271558326,0.08949602977948098,192.0,0.0,1.6776271270416045,-35.37895591106527,-0.05535525959538839,4
1727218993.8357327,1,0.10599978800063599,0.08422130075097546,0.09511054437580573,192.0,0.011624763874381928,0.04477845401213051,-34.31645208265333,-0.05321386969186031,4
1727218993.876197,1,0.15301657197088567,0.11423863606163052,0.1336276040162581,192.0,0.0,0.7405363103938476,-36.17509261350226,-0.06377078094319386,4
1727218993.9746225,1,0.2788028601778872,0.257390753524675,0.2680968068512811,192.0,0.0,2.448084988212221,-36.44143726084968,-0.06655074827660627,4
1727218994.0054536,1,0.34677863069527887,0.3070316347601759,0.32690513272772737,192.0,0.0,2.3895795070700108,-36.760716533565045,-0.0685822845352569,4
1727218994.055367,1,0.375067463834633,0.2988870096012872,0.3369772367179601,192.0,0.0,1.131950744809741,-35.05370681978867,-0.06372780621751763,4
1727218994.1342316,1,0.3680091047957925,0.3190941120626151,0.34355160842920385,192.0,0.0,0.928674222035657,-34.92473552632579,-0.06331659961745556,4
1727218994.198459,1,0.3862316740489209,0.35102210625165736,0.36862689015028915,192.0,0.0,3.137320144547476,-35.65968342111798,-0.0711526658722044,4
1727218994.2500541,1,0.10599978800063599,0.06892455167955776,0.08746216984009687,192.0,0.011901388973144479,1.9106095899657716,-34.55364424110688,-0.05628102815487491,4
1727218994.2940829,1,0.09984507974857616,0.072992271558326,0.08641867565345107,192.0,0.012191496227354269,3.2578313276516413,-34.597831788132375,-0.05692110372246898,4
1727218994.3644128,1,0.09428090415820634,0.06080425490109966,0.077542579529653,192.0,0.0,4.323894441866675,-34.84407440451469,-0.05109552171607826,4
1727218994.457006,1,0.10599978800063599,0.072992271558326,0.08949602977948098,192.0,0.0,4.066358930610331,-35.1453312777929,-0.056588199713937845,4
1727218994.4877908,1,0.09428090415820634,0.07209372509105905,0.08318731462463269,192.0,0.0,2.449476210243548,-35.25854463787982,-0.051470392716054386,4
1727218994.5361834,1,0.09984507974857616,0.07056194276216086,0.08520351125536851,192.0,0.0,4.735521739638045,-34.75450278927014,-0.049174480453623874,4
1727218994.6215293,1,0.10040444031431572,0.07056194276216086,0.0854831915382383,192.0,0.011901388973144479,3.3051363600256107,-35.11209253801776,-0.04886517059146423,4
1727218994.6668463,1,0.10635890745287926,0.07056194276216086,0.08846042510752006,192.0,0.0,0.5308211431818534,-33.96710587325866,-0.05377456559282537,4
1727218994.7193449,1,0.21295885499998,0.20700056269828834,0.20997970884913417,192.0,0.011901388973144479,-0.9458355849906421,-36.00422748968161,-0.060114327933917036,4
1727218994.8126135,1,0.3530662876656075,0.2770921680671338,0.31507922786637066,192.0,0.0,1.1111095255148375,-35.07524446213052,-0.06460014978950672,4
1727218994.847299,1,0.3167304522509815,0.3219604581083923,0.31934545517968693,192.0,0.011624763874381928,1.3094581896506243,-35.8032895558733,-0.0652505545345321,4
1727218994.9015555,1,0.3451103064173911,0.3041458676074377,0.3246280870124144,192.0,0.0,0.6751366034777274,-35.65178822745657,-0.07082663288357756,4
1727218994.9896734,1,0.2016902253537297,0.23281009858985943,0.2172501619717946,192.0,0.012191496227354269,1.8293035194567395,-37.97194744722484,-0.07536804264319352,4
1727218995.0218122,1,0.10599978800063599,0.072992271558326,0.08949602977948098,192.0,0.0,5.954590296665123,-35.105471489235256,-0.054906309975231646,4
1727218995.0819352,1,0.14124491030928973,0.07286258426922754,0.10705374728925864,192.0,0.011901388973144479,0.43660328110715246,-35.00565795942925,-0.05632716874840472,4
1727218995.141442,1,0.15301657197088567,0.05381500996273909,0.10341579096681237,192.0,0.0,0.8384199964298462,-33.572543686743714,-0.054720174670332175,4
1727218995.21775,1,0.07462778926574919,0.072992271558326,0.0738100304120376,192.0,0.011901388973144479,3.612854851081014,-34.475783712022576,-0.054924372818062284,4
1727218995.2625883,1,0.10599978800063599,0.07060113295832983,0.08830046047948291,192.0,0.0,2.976996475427287,-35.32811057706466,-0.05172031934396245,4
1727218995.3399327,1,0.12645440821508902,0.05169341375966832,0.08907391098737867,192.0,0.011904761904761904,3.247100131647504,-35.2867651037755,-0.06141250751512836,4
1727218995.3902733,1,0.2365079484806189,0.19123280939645143,0.21387037893853517,192.0,0.011624763874381928,1.362589133712015,-36.33686564244653,-0.056729089989264125,4
1727218995.482266,1,0.30864356730345177,0.26289323464498665,0.2857684009742192,120.0,0.023802777946288958,3.1525305812903186,-36.17092679276506,-0.07078860909830782,4
1727218995.516274,1,0.3530662876656075,0.2936101097573517,0.3233381987114796,120.0,0.012191496227354269,1.456222660847627,-35.696712778636275,-0.07119646642615975,4
1727218995.5605333,1,0.375067463834633,0.3212561541824582,0.3481618090085456,120.0,0.016831105696898524,1.278271499866368,-35.6007447556911,-0.05797762535705607,4
1727218995.6280603,1,0.3659588988446267,0.3303657369783671,0.3481623179114969,120.0,0.0,0.4520365020787293,-37.14127599542765,-0.07432294911459801,4
1727218995.683059,1,0.375067463834633,0.3212561541824582,0.3481618090085456,120.0,0.0,2.1633034313081305,-35.84978996673297,-0.06374929720162527,4
1727218995.7648222,1,0.3530662876656075,0.3327668409915659,0.3429165643285867,120.0,0.023802777946288958,2.156460049292127,-36.54042509940378,-0.06933642911312264,4
1727218995.8142092,1,0.3909079031741939,0.3212561541824582,0.35608202867832606,120.0,0.011360702676647077,1.4923324067225274,-37.203875807577134,-0.06923212120178279,4
1727218995.8710318,1,0.375067463834633,0.33873836587941675,0.35690291485702486,120.0,0.011627906976744186,1.4186693100493248,-35.86505222245936,-0.06848234597366383,4
1727218995.9213834,1,0.3680091047957925,0.3212561541824582,0.3446326294891253,120.0,0.011624763874381928,1.1358508584769624,-36.243446354802465,-0.06744401116956174,4
1727218995.9880698,1,0.32246149100786786,0.3180326535490814,0.3202470722784746,120.0,0.011624763874381928,2.0074193663114093,-35.60415801866127,-0.0690688674735723,4
1727218996.0488985,1,0.1345345587992625,0.19729717305791356,0.16591586592858804,120.0,0.016835875742536848,3.1181839221754073,-35.899827472035895,-0.06280425794874671,4
1727218996.1054587,1,0.08050019969149783,0.07449422505904478,0.0774972123752713,120.0,0.0,2.124462728722566,-33.90709446671003,-0.0584062052254807,4
1727218996.1724043,1,0.20194218076158924,0.2317137785453969,0.21682797965349307,120.0,0.0,1.6509716087217878,-36.71393342444716,-0.0705332540192839,4
1727218996.2397401,1,0.31465838776377636,0.257390753524675,0.2860245706442257,120.0,0.011904761904761904,2.589562503446674,-35.88210252580032,-0.0743947295911472,4
1727218996.2826984,1,0.14622678182295862,0.22360679774997896,0.1849167897864688,120.0,0.011624763874381928,3.7294969823276753,-35.61539896188552,-0.06572371488694204,4
1727218996.36055,1,0.08262024061940625,0.06651901052377393,0.07456962557159008,120.0,0.0,8.904948455618158,-34.113079522930455,-0.06882085863794256,4
1727218996.421971,1,0.18005263846568273,0.21810903268328038,0.19908083557448156,120.0,0.011627906976744186,6.760027330083485,-36.80596215319364,-0.07291331710462282,4
1727218996.4626827,1,0.34627951464451867,0.30091213723418164,0.32359582593935016,120.0,0.0,5.667477410804307,-34.9906023993399,-0.07516533963473236,4
1727218996.5419283,1,0.32355396672130604,0.3077145133220189,0.31563424002166246,120.0,0.0,6.406716969194752,-33.67136291793149,-0.07696983784771488,4
1727218996.5977287,1,0.2849808142578334,0.28345388743864336,0.2842173508482384,120.0,0.028072250725268547,7.682214978750582,-34.58138622928153,-0.08067912139211947,4
1727218996.6445835,1,0.11462946060263023,0.06651901052377393,0.09057423556320207,120.0,0.0,8.136588828559159,-33.82987707496809,-0.0731571371805034,4
1727218996.72773,1,0.0636929755298482,0.056871972604215754,0.06028247406703198,120.0,0.022703830459324992,6.542974787892565,-33.33265220367147,-0.05863946131763449,4
1727218996.7723293,1,0.09587889365744151,0.06651901052377393,0.08119895209060772,120.0,0.0,7.3135200841184265,-34.40825027451944,-0.0608166119038231,4
1727218996.8391793,1,0.09587889365744151,0.06278675123206445,0.07933282244475298,120.0,0.011360702676647077,7.5121881984735115,-33.45326364481056,-0.06286514794520034,4
1727218996.9032557,1,0.265855500500253,0.2536953767623375,0.25977543863129526,120.0,0.011360702676647077,5.526148359412351,-34.48403588897759,-0.06736342240623312,4
1727218996.9584801,1,0.15301657197088567,0.22390958299057578,0.1884630774807307,120.0,0.0,7.547514813793688,-34.85503765402888,-0.070040659323101,4
1727218997.0225165,1,0.1012220412723645,0.07209372509105905,0.08665788318171178,120.0,0.0,8.623923953472922,-33.845488986214065,-0.06209250556433065,4
1727218997.0721302,1,0.10153461651336192,0.06070327904138553,0.08111894777737372,120.0,0.0,5.78199060701661,-35.48999628708576,-0.07394320177631569,4
1727218997.126073,1,0.10101525445522108,0.1985383614888746,0.14977680797204784,120.0,0.011904761904761904,6.953573016968023,-36.626947914447584,-0.08070136591350678,4
1727218997.2189999,1,0.17382293047013736,0.20863703354080235,0.19122998200546987,120.0,0.023255813953488372,7.135207059762187,-35.31378838492311,-0.07422755806839047,4
1727218997.2520878,1,0.18665021167070125,0.22029838775855373,0.2034742997146275,120.0,0.011363636363636364,8.104619413860473,-36.00990424025632,-0.07526895581532268,4
1727218997.3110366,1,0.1012220412723645,0.05381500996273909,0.07751852561755179,120.0,0.011363636363636364,7.623509017659456,-34.7221107505857,-0.06614209509559418,4
1727218997.399321,1,0.09539145331802705,0.056777526971476894,0.07608449014475197,120.0,0.0,8.089515922236021,-33.70770450187606,-0.06730449658704447,4
1727218997.4352376,1,0.10635890745287926,0.1688242915934025,0.13759159952314087,120.0,0.011901388973144479,8.262682803127815,-34.76417571054221,-0.07698579179914497,4
1727218997.488649,1,0.3099525705783656,0.28504385627478446,0.297498213426575,120.0,0.0,8.099689954845434,-34.949207996844095,-0.07713474034427646,4
1727218997.5698383,1,0.3326781185015782,0.30260003407321345,0.31763907628739585,120.0,0.0,9.60048238386649,-34.285291997635376,-0.08359190993567442,4
1727218997.6221874,1,0.33969227994388246,0.2923637711404781,0.3160280255421803,120.0,0.011363636363636364,11.222639170088266,-34.879770487504715,-0.07982864495090268,4
1727218997.673428,1,0.3692558924604434,0.30260003407321345,0.3359279632668284,120.0,0.0,11.015451451945955,-35.2331457619003,-0.08620022781603189,4
1727218997.7501848,1,0.3178035116284253,0.3173967681501517,0.3176001398892885,120.0,0.011363636363636364,8.965428648681028,-35.728890217332385,-0.07943478437799614,4
1727218997.799456,1,0.32355396672130604,0.29141781100108166,0.3074858888611939,120.0,0.011627906976744186,9.946102951914927,-34.6232335553445,-0.08259541635075585,4
1727218997.8477256,1,0.2816936409357731,0.22466314254191863,0.2531783917388459,120.0,0.022727272727272728,10.702177735119784,-36.40175565448318,-0.0814418865436623,4
1727218997.9338574,1,0.04714045207910317,0.033259505261886965,0.040199978670495067,120.0,0.0,12.05245565748147,-36.15160702393808,-0.07309125020415576,4
1727218997.976943,1,0.10599978800063599,0.14084260520136174,0.12342119660099887,120.0,0.0,11.093957459302272,-36.24763192311822,-0.07779874797835475,4
1727218998.0458076,1,0.3401166302404319,0.28345388743864336,0.31178525883953767,120.0,0.023249527748763855,9.298710833085183,-37.842479070096516,-0.08130024837291581,4
1727218998.1090832,1,0.41179613870260373,0.3385180967552427,0.37515711772892324,120.0,0.0,9.119501883734525,-37.69687085238152,-0.077507992381216,4
1727218998.1542518,1,0.34627951464451867,0.3675467713993074,0.356913143021913,120.0,0.023249527748763855,10.116802912298171,-38.91758011235631,-0.07688633246281722,4
1727218998.227766,1,0.13479025829230235,0.21505813167606566,0.174924194984184,120.0,0.023249527748763855,10.839924390976885,-39.75979171085336,-0.07763343061824739,4
1727218998.2803621,1,0.04902903378454601,0.04956139503413173,0.04929521440933887,120.0,0.0,12.368298749524769,-39.21932435395185,-0.06549982259626418,4
1727218998.330814,1,0.11937129433613965,0.2138585417891184,0.166614918062629,120.0,0.0,10.139282522089562,-39.31893044068501,-0.06753569511809389,4
1727218998.4257917,1,0.2689222973184121,0.29884408542221774,0.2838831913703149,120.0,0.0,7.750389701422078,-38.820240417619246,-0.07328551086163955,4
1727218998.4546168,1,0.31018294626587445,0.27396667082065707,0.29207480854326573,120.0,0.0280419351108903,8.298055569492075,-37.47137052580213,-0.0820002328314354,4
1727218998.5111792,1,0.33407181048946843,0.28126502157385197,0.3076684160316602,120.0,0.0,10.228305178445913,-39.300051424677854,-0.08331173461956533,4
1727218998.5864294,1,0.2621046080181822,0.29993851835461344,0.2810215631863978,120.0,0.011624763874381928,9.91515326626718,-38.2649677432324,-0.08257482612130612,4
1727218998.631252,1,0.237410183334857,0.2461068938771205,0.24175853860598875,120.0,0.011624763874381928,13.681106584688045,-39.12447824769718,-0.0812491051706509,4
1727218998.690982,1,0.06948615819181192,0.039883930687177126,0.054685044439494526,120.0,0.0,15.344086333846988,-38.03844846802,-0.07184764100021704,4
1727218998.7707217,1,0.08603796100280632,0.07488380981143211,0.08046088540711921,120.0,0.0,15.32801356900782,-39.62015357374259,-0.08257024981748298,4
1727218998.8274097,1,0.2549509756796392,0.26368595772548625,0.25931846670256276,120.0,0.0,11.454011797766974,-39.47513641971652,-0.07453111216686084,4
1727218998.87814,1,0.41179613870260373,0.3048435176678406,0.3583198281852222,120.0,0.0280419351108903,10.482727256875295,-38.551950806885216,-0.07764012307670899,4
1727218998.9733489,1,0.3830806390488961,0.3246115944680111,0.35384611675845357,120.0,0.0,11.793156789807522,-36.83288310653883,-0.08577120021981298,4
1727218999.0039275,1,0.31622776601683794,0.2729088686164455,0.2945683173166417,120.0,0.0,12.13474082740315,-38.26275021712677,-0.09014830939673732,4
1727218999.0521133,1,0.06992836012750657,0.06278675123206445,0.06635755567978552,120.0,0.0,14.824032356300478,-39.2766777560078,-0.07851491103305709,4
1727218999.1227386,1,0.09472135954999579,0.033167906340332974,0.06394463294516438,120.0,0.0,13.331970361545686,-35.359546534885304,-0.06413490348450823,4
1727218999.1858683,1,0.14902435141397327,0.20778320988565235,0.17840378064981283,120.0,0.0,12.491367412779045,-37.78249334951504,-0.07811926409697371,4
1727218999.2690518,1,0.2621046080181822,0.27396667082065707,0.26803563941941966,120.0,0.0,12.290538861216952,-37.73680014245143,-0.07656127188588883,4
1727218999.2991233,1,0.2392788867148091,0.28235945450624766,0.2608191706105284,120.0,0.0,12.196042721535775,-37.24469073861682,-0.08475073108172228,4
1727218999.3513124,1,0.16095639727077776,0.25,0.20547819863538888,120.0,0.0,13.863631189501648,-38.963880643066375,-0.08481925569873972,4
1727218999.4387832,1,0.05646607356903052,0.04014777434053341,0.04830692395478196,120.0,0.0,13.527653625365023,-36.8555603737359,-0.0765538681042402,4
1727218999.4843361,1,0.07627485370902458,0.04140342101788418,0.05883913736345438,120.0,0.022721405353294154,13.661911991440174,-38.382362271281394,-0.07117788766480024,4
1727218999.5365489,1,0.0908041471727627,0.13254537235873898,0.11167475976575084,120.0,0.0,10.742795490883697,-38.14524424042395,-0.07527146595191431,4
1727218999.6054366,1,0.23537557657892524,0.22466314254191863,0.23001935956042194,120.0,0.022721405353294154,12.196575046491404,-38.76964194179228,-0.08442405998609917,4
1727218999.6746318,1,0.24643251905335212,0.22980970388562794,0.23812111146949003,120.0,0.0,11.159946666542936,-37.732438765665094,-0.09013835349749404,4
1727218999.7188141,1,0.21488103951543103,0.2403292600939946,0.2276051498047128,120.0,0.011360702676647077,11.829759207568035,-38.69835223703858,-0.09213170750137792,4
1727218999.7813323,1,0.223606797749979,0.23123202343546628,0.22741941059272264,120.0,0.0,11.79303723227,-38.80862918823214,-0.09177675779688337,4
1727218999.8483193,1,0.08603796100280632,0.04003720466117621,0.06303758283199126,120.0,0.0,15.326878578002542,-37.999955537487104,-0.08806827084311546,4
1727218999.897305,1,0.104598848163826,0.04003720466117621,0.07231802641250111,120.0,0.011108368642573443,14.360536225219303,-38.26281394714261,-0.0785654292419636,4
1727218999.9666731,1,0.22332781224177667,0.23877299420036402,0.23105040322107034,120.0,0.022721405353294154,11.113598783335132,-39.21374058142828,-0.0860049313740168,4
1727219000.0170424,1,0.31622776601683794,0.25847227682101426,0.28735002141892607,120.0,0.0,10.860455204908861,-38.385556063593576,-0.08512998561611738,4
1727219000.0847735,1,0.2692582403567252,0.27396667082065707,0.2716124555886911,120.0,0.0,12.35625174226749,-37.96568773098923,-0.08696073491767807,4
1727219000.164501,1,0.2788028601778872,0.25712566824338173,0.26796426421063446,120.0,0.023255813953488372,11.12216551412995,-37.77078695357422,-0.08865788130725435,4
1727219000.1999652,1,0.25643641938735734,0.26478039065788195,0.2606084050226196,120.0,0.0,14.467222525107125,-37.147793362228015,-0.09377155119741612,4
1727219000.2585864,1,0.18318673700616156,0.17737523601074442,0.18028098650845298,120.0,0.0,15.888851579726648,-38.06824335733787,-0.09102483455215739,4
1727219000.3442996,1,0.08537648416469412,0.0519519404075853,0.06866421228613971,120.0,0.0,14.021598002681046,-35.852728456910164,-0.07991439542858118,4
1727219000.3825994,1,0.05690355937288491,0.06053609811517513,0.05871982874403002,120.0,0.011363636363636364,11.844424693368481,-36.53655865490828,-0.07559582436084064,4
1727219000.4398112,1,0.08603796100280632,0.04703604341917987,0.0665370022109931,120.0,0.011360702676647077,9.918754464945629,-37.47128414634453,-0.07557020194049907,4
1727219000.5012786,1,0.04902903378454601,0.06070327904138553,0.05486615641296577,132.0,0.0,10.428077019715465,-38.15344509905502,-0.06058939891526369,4
1727219000.580166,1,0.05690355937288491,0.04703604341917987,0.05196980139603239,132.0,0.010866997704607785,11.302240480498295,-37.71375269229556,-0.06058082286585969,4
1727219000.6272643,1,0.04902903378454601,0.06278675123206445,0.05590789250830523,132.0,0.0,10.86698524296855,-40.060177495867066,-0.06890111382650974,4
1727219000.6797545,1,0.06704015231539909,0.06278675123206445,0.06491345177373177,132.0,0.0,9.644019748765832,-37.721051552460295,-0.06325241047708353,4
1727219000.7678812,1,0.2389803477505024,0.24154307519818496,0.24026171147434366,132.0,0.022727272727272728,8.603183153679005,-36.736424072157035,-0.07366608379294017,4
1727219000.806445,1,0.3621990044324821,0.28504385627478446,0.3236214303536333,132.0,0.0,10.569966081471565,-36.25185508713061,-0.07435916562632455,4
1727219000.8671992,1,0.3680091047957925,0.3335923230710924,0.3508007139334425,132.0,0.0,7.506575558315997,-37.88840795571791,-0.07583787135627604,4
1727219000.9503174,1,0.39223227027636803,0.3048435176678406,0.34853789397210433,132.0,0.011624763874381928,9.260516636547994,-36.398099343066136,-0.07744946632778003,4
1727219000.9848711,1,0.39223227027636803,0.32256940803282547,0.35740083915459675,132.0,0.011360702676647077,8.744175209865304,-36.497976704305266,-0.07271351511629182,4
1727219001.0449705,1,0.39223227027636803,0.3048435176678406,0.34853789397210433,132.0,0.0,7.172603560734734,-36.75638371624579,-0.07282710621907558,4
1727219001.1162121,1,0.39223227027636803,0.3509568801253468,0.3715945752008574,132.0,0.0,6.951066850184296,-37.2955696826948,-0.0748630953131191,4
1727219001.1710467,1,0.3692558924604434,0.3358525987266785,0.35255424559356097,132.0,0.011108368642573443,8.471469864446261,-36.61448912269523,-0.07179897487014662,4
1727219001.2200277,1,0.21271781490575853,0.25712566824338173,0.23492174157457013,132.0,0.0,10.66708995720845,-38.342813756991355,-0.07674182591382353,4
1727219001.293039,1,0.0701670404587482,0.05381500996273909,0.06199102521074365,132.0,0.011111111111111112,12.96098787757095,-36.783694217765856,-0.05869581988091891,4
1727219001.339839,1,0.05968758888546071,0.04703604341917987,0.05336181615232029,132.0,0.0,10.109916583944578,-37.57326931724774,-0.060749003763429996,4
1727219001.4220536,1,0.14531571019364137,0.1985383614888746,0.17192703584125799,132.0,0.0,9.053273297516375,-39.0452861053517,-0.06207044094295419,4
1727219001.4678915,1,0.31622776601683794,0.25847227682101426,0.28735002141892607,132.0,0.015368255536133624,9.022730457043588,-37.78206669453545,-0.07485678557958635,4
1727219001.5201735,1,0.3719324495262802,0.27396667082065707,0.32294956017346865,132.0,0.0,8.608487682957774,-37.10457938381383,-0.0760996339566226,4
1727219001.605846,1,0.3401555339971933,0.27556160553482706,0.30785856976601017,132.0,0.0,8.697533960939685,-37.82630074601608,-0.07515716986479586,4
1727219001.6480193,1,0.11124853987249621,0.06070327904138553,0.08597590945694086,132.0,0.01606645980340262,11.086663022599625,-37.530858599759476,-0.07696492827425445,4
1727219001.7016609,1,0.08000663158256324,0.04703604341917987,0.06352133750087155,132.0,0.0,10.694961460321501,-37.28800791311582,-0.06648897104757455,4
1727219001.7860281,1,0.12598402440927728,0.2028315183547162,0.16440777138199675,132.0,0.0,7.15054651015635,-38.41857962447503,-0.0670894005690467,4
1727219001.82245,1,0.28558937084823854,0.2403292600939946,0.26295931547111656,132.0,0.0,11.00903522079204,-39.18961728107658,-0.07797885967249944,4
1727219001.884996,1,0.14314958357846705,0.14084260520136174,0.1419960943899144,132.0,0.011360702676647077,12.444594527960849,-38.31362471527268,-0.08591591355093009,4
1727219001.975494,1,0.05646607356903052,0.06421612990679355,0.06034110173791204,132.0,0.011108368642573443,14.522187463212289,-35.501234094731345,-0.08033471961576658,4
1727219002.0087214,1,0.08603796100280632,0.1084652289093281,0.09725159495606721,132.0,0.0,13.453354651810113,-37.99531394909978,-0.08601975872171704,4
1727219002.0656714,1,0.2621046080181822,0.26602969626022877,0.2640671521392055,132.0,0.0,9.611139642115074,-37.18429092337792,-0.07971910525380327,4
1727219002.144141,1,0.32355396672130604,0.28141231555848256,0.3024831411398943,132.0,0.011627906976744186,9.860368515163563,-37.58045293048354,-0.08177931559771144,4
1727219002.2062092,1,0.34130795582133744,0.33873836587941675,0.3400231608503771,132.0,0.023249527748763855,8.980526606277317,-38.19456566243848,-0.08201405639606416,4
1727219002.255143,1,0.34627951464451867,0.3077145133220189,0.32699701398326875,132.0,0.011363636363636364,8.238587985096276,-37.4130976490641,-0.07735915191283887,4
1727219002.3039918,1,0.35250696283130506,0.33873836587941675,0.34562266435536093,132.0,0.028072250725268547,9.382552694845586,-38.012949752625,-0.07931517287923943,4
1727219002.4036744,1,0.35250696283130506,0.3212561541824582,0.3368815585068816,132.0,0.011627906976744186,8.589398977904644,-37.22298886800971,-0.07987360150951005,4
1727219002.4346373,1,0.3692558924604434,0.31622776601683794,0.34274182923864066,132.0,0.0,9.985605891722244,-37.29672999511624,-0.07464320289897206,4
1727219002.4857686,1,0.39223227027636803,0.31622776601683794,0.354230018146603,132.0,0.011624763874381928,7.934315344401525,-37.88782029851664,-0.07841437935030754,4
1727219002.568103,1,0.3909079031741939,0.3358525987266785,0.3633802509504362,132.0,0.0,9.035044231886024,-37.53885601845739,-0.08159312078492774,4
1727219002.62042,1,0.34627951464451867,0.3183703870297199,0.3323249508371193,132.0,0.016070608663330627,8.11441666754691,-37.26166611313167,-0.0881170643605911,4
1727219002.6722155,1,0.3680091047957925,0.3173967681501517,0.3427029364729721,132.0,0.01644434374852436,8.814206327563435,-37.031740882326346,-0.07714208837620705,4
1727219002.7492726,1,0.3909079031741939,0.306773481517891,0.3488406923460424,132.0,0.0,6.739409429605308,-36.74781494438959,-0.07572443018859012,4
1727219002.794307,1,0.3680091047957925,0.3173967681501517,0.3427029364729721,132.0,0.011627906976744186,8.819893388509595,-37.401476879410744,-0.0856207257645636,4
1727219002.8462958,1,0.3680091047957925,0.29993851835461344,0.333973811575203,132.0,0.0,8.198304518440555,-37.90132747262183,-0.07947758649808302,4
1727219002.934406,1,0.3680091047957925,0.290840592071338,0.32942484843356523,132.0,0.03488372093023256,9.28157138082194,-38.16834250374721,-0.08165330466046616,4
1727219002.9742973,1,0.3680091047957925,0.3077145133220189,0.3378618090589057,132.0,0.011627906976744186,10.813412833866824,-37.83733040146747,-0.07950194963035516,4
1727219003.057908,1,0.39223227027636803,0.32256940803282547,0.35740083915459675,132.0,0.0,8.687956347272491,-36.329727952035654,-0.07646373134007882,4
1727219003.0902772,1,0.3909079031741939,0.3253410412007942,0.35812447218749405,132.0,0.022727272727272728,8.612081455539876,-36.925272917453945,-0.07549265681952606,4
1727219003.1504314,1,0.39223227027636803,0.3057786292817528,0.34900544977906045,132.0,0.011363636363636364,8.37886097681735,-36.49433724885414,-0.07760482906726344,4
1727219003.2433426,1,0.39223227027636803,0.29773922927395485,0.34498574977516144,132.0,0.022727272727272728,5.877689735555345,-37.06392729886214,-0.07222271063403171,4
1727219003.2735202,1,0.3843211002233829,0.31050369369538894,0.3474123969593859,132.0,0.022727272727272728,7.853602890955482,-35.77773848313757,-0.07178844812585909,4
1727219003.3352878,1,0.3812021946573519,0.3077145133220189,0.3444583539896854,132.0,0.011627906976744186,8.069813793190688,-36.124209222786206,-0.0774378778028379,4
1727219003.398587,1,0.39531880581699447,0.34436330951419125,0.36984105766559283,132.0,0.028072250725268547,7.036725290606052,-35.73167023698814,-0.07297871748656919,4
1727219003.4734414,1,0.4153806399649413,0.3253410412007942,0.3703608405828678,132.0,0.022222222222222223,7.033750146733114,-37.02617496722458,-0.07471530789685066,4
1727219003.5155838,1,0.39531880581699447,0.32256940803282547,0.35894410692490997,132.0,0.011627906976744186,10.047432489164112,-36.20700990910116,-0.08059008190713608,4
1727219003.56933,1,0.37586506832542,0.3253410412007942,0.3506030547631071,132.0,0.016070608663330627,8.615502676298304,-35.82509779943247,-0.07466534780574303,4
1727219003.6405473,1,0.3759650860440089,0.3212561541824582,0.3486106201132335,132.0,0.011627906976744186,9.472479207275006,-36.10419919787843,-0.08495280312361658,4
1727219003.6896741,1,0.39223227027636803,0.31223749174274557,0.3522348810095568,132.0,0.011360702676647077,12.041430728922588,-36.858186500975705,-0.07852573909950962,4
1727219003.7517655,1,0.39223227027636803,0.29773922927395485,0.34498574977516144,132.0,0.011108368642573443,11.226164386704816,-35.96561330867875,-0.0794104006394092,4
1727219003.8333416,1,0.37444116435964986,0.29773922927395485,0.33609019681680236,132.0,0.0,12.714323084154683,-35.588221790739134,-0.08347655765909912,4
1727219003.8732965,1,0.37444116435964986,0.3156277919065655,0.34503447813310767,132.0,0.0,12.350788998801667,-35.31405676712288,-0.08356082573582224,4
1727219003.9307456,1,0.39236310730733664,0.3165243434939593,0.35444372540064795,132.0,0.011360702676647077,13.439941767187412,-35.85609685290929,-0.08139257335341074,4
1727219004.0149987,1,0.35250696283130506,0.2875003009463428,0.32000363188882397,132.0,0.022721405353294154,13.107540901302738,-34.42115501966509,-0.08649671445730112,4
1727219004.0572536,1,0.10056022847309865,0.10075854437197569,0.10065938642253716,132.0,0.0,12.35482797961184,-36.226111590088735,-0.07794856697244927,4
1727219004.1139028,1,0.16064877438748623,0.1637436329376953,0.16219620366259077,132.0,0.0,10.313324785943758,-35.62164405141019,-0.08025471548154142,4
1727219004.184953,1,0.2923777591229224,0.24511344586694858,0.2687456024949355,132.0,0.011360702676647077,9.944006140160173,-36.02872524395168,-0.08361111984284188,4
1727219004.2322748,1,0.3635513389603322,0.2620426474897779,0.31279699322505505,132.0,0.03409090909090909,9.452641164196045,-34.18142730322224,-0.07801277353177558,4
1727219004.2968855,1,0.3401555339971933,0.27854334442328355,0.3093494392102384,132.0,0.011360702676647077,10.038629346537157,-34.312122656512024,-0.07913213372257091,4
1727219004.3693419,1,0.3680091047957925,0.27854334442328355,0.32327622460953803,132.0,0.011360702676647077,10.549288460432809,-34.42126970574988,-0.08685583947639881,4
1727219004.41172,1,0.3635513389603322,0.27540147844384355,0.3194764087020879,132.0,0.022727272727272728,12.280040410088963,-34.82072430032225,-0.08487993453175954,4
1727219004.4878712,1,0.36305433237559465,0.3183703870297199,0.3407123597026573,132.0,0.011111111111111112,10.373222650195078,-34.78390477732538,-0.09102172097755476,4
1727219004.5421464,1,0.387673738831468,0.28504385627478446,0.33635879755312625,132.0,0.0,11.355736700115038,-34.54797744909989,-0.08100223531967933,4
1727219004.6316676,1,0.38785738235002665,0.2955056371199181,0.34168150973497236,132.0,0.011363636363636364,11.348141129713984,-35.601139340152464,-0.08284209992777755,4
1727219004.6604147,1,0.34627951464451867,0.28989956026721014,0.31808953745586444,132.0,0.0,12.541519217740348,-35.534830588062704,-0.08819636319776919,4
1727219004.7162025,1,0.3635513389603322,0.290840592071338,0.3271959655158351,132.0,0.0,11.009290397278528,-36.27075314389152,-0.0906650306379514,4
1727219004.8100016,1,0.3692558924604434,0.28989956026721014,0.32957772636382676,132.0,0.0,10.838273547313298,-34.76075490772996,-0.08038350654166344,4
1727219004.8402085,1,0.3636489886209983,0.27396667082065707,0.31880782972082766,132.0,0.011360702676647077,11.614786005674404,-36.08328224306081,-0.08663530921485675,4
1727219004.8913884,1,0.39223227027636803,0.30091213723418164,0.34657220375527487,132.0,0.022727272727272728,10.248118237154653,-35.266123780268,-0.07934613443728174,4
1727219004.961869,1,0.3909079031741939,0.2939660893178147,0.3424369962460043,132.0,0.0,9.475945196054766,-36.91033759658604,-0.08669417213588317,4
1727219005.0138252,1,0.3680091047957925,0.290840592071338,0.32942484843356523,132.0,0.011360702676647077,10.974792210332636,-37.12076301613528,-0.08727520601806751,4
1727219005.0783458,1,0.41397811269694773,0.2939660893178147,0.3539721010073812,132.0,0.0,10.041631341025141,-37.12949833813972,-0.08679164406222911,4
1727219005.1539378,1,0.3909079031741939,0.290840592071338,0.34087424762276597,132.0,0.0,9.848128636920064,-37.96698444480779,-0.08407364997414217,4
1727219005.2029195,1,0.3451103064173911,0.3093260638371127,0.32721818512725187,132.0,0.0,9.92869892732919,-37.20439929823029,-0.08513997238427869,4
1727219005.2589521,1,0.3599094457109207,0.3077145133220189,0.3338119795164698,132.0,0.0,10.683130206774788,-38.55025769917787,-0.08011569517124968,4
1727219005.322604,1,0.39223227027636803,0.2890108647231734,0.3406215674997707,132.0,0.0,9.128451455258823,-36.91636183250916,-0.08309771486673474,4
1727219005.403703,1,0.3692558924604434,0.31622776601683794,0.34274182923864066,132.0,0.011627906976744186,11.50821239706838,-37.67231625774359,-0.08644099575934662,4
1727219005.4425585,1,0.39493965458793645,0.3048435176678406,0.3498915861278885,132.0,0.0,9.679872092721682,-37.21751853375917,-0.07940921099721922,4
1727219005.4964476,1,0.3692558924604434,0.29211669893792624,0.33068629569918484,132.0,0.011111111111111112,9.568853676553001,-37.38483335150579,-0.07713963911000196,4
1727219005.570278,1,0.3692558924604434,0.28989956026721014,0.32957772636382676,48.0,0.011363636363636364,11.570489272262476,-37.244660269511144,-0.07900249843572645,0
1727219005.6534517,1,0.39223227027636803,0.31622776601683794,0.354230018146603,48.0,0.0,9.271862324221328,-36.2577458334044,-0.07523819984568576,0
1727219005.683364,1,0.3909079031741939,0.32256940803282547,0.3567386556035097,48.0,0.0,8.304587135592774,-37.32270999546792,-0.08592415981620291,0
1727219005.7352412,1,0.3909079031741939,0.29598452257987684,0.34344621287703536,48.0,0.0,9.724429666374625,-37.632812387899115,-0.08259884755664876,0
1727219005.8204265,1,0.3909079031741939,0.3140885521026847,0.3524982276384393,48.0,0.0,11.628022195254688,-36.2777477245195,-0.09135323756226289,0
1727219005.8639872,1,0.3648810045341019,0.29773922927395485,0.33131011690402834,48.0,0.011111111111111112,10.0736175822823,-36.68349259900022,-0.08326352886240448,0
1727219005.914584,1,0.3812021946573519,0.3048435176678406,0.34302285616259626,48.0,0.0,9.184334724399958,-36.46413830784334,-0.08269143629811337,0
1727219006.0110915,1,0.33057276130296026,0.32256940803282547,0.32657108466789286,48.0,0.0,9.844238784870551,-37.86900484013367,-0.08075636550949913,0
1727219006.040239,1,0.41179613870260373,0.31223749174274557,0.36201681522267465,48.0,0.0,9.348634935561897,-36.81844810578292,-0.08396571039988383,0
1727219006.0952456,1,0.41179613870260373,0.31223749174274557,0.36201681522267465,48.0,0.023255813953488372,10.13068170338399,-37.33144345498048,-0.0811880398779592,0
1727219006.1820521,1,0.3909079031741939,0.31223749174274557,0.35157269745846975,48.0,0.0,8.951945958079063,-38.069471314635564,-0.0861848834563662,0
1727219006.2195199,1,0.3692558924604434,0.32849046090561423,0.3488731766830288,48.0,0.011363636363636364,10.549244804543122,-37.07398934114858,-0.08115137864596789,0
1727219006.2956836,1,0.3604996444795279,0.31223749174274557,0.33636856811113675,48.0,0.0,9.90781488576432,-37.15234660020804,-0.08013632782145726,0
1727219006.337976,1,0.3692558924604434,0.32256940803282547,0.3459126502466344,48.0,0.011360702676647077,9.392729560015304,-37.367432673390496,-0.08723568839562909,0
1727219006.402077,1,0.37444116435964986,0.29598452257987684,0.3352128434697633,48.0,0.022727272727272728,7.430594511020807,-36.781294892183425,-0.07297418667719006,0
1727219006.4727848,1,0.3812021946573519,0.32849046090561423,0.35484632778148306,48.0,0.0,9.499985384616155,-37.2295808055068,-0.08625884004467484,0
1727219006.530546,1,0.33057276130296026,0.28141231555848256,0.3059925384307214,48.0,0.011624763874381928,9.700917089640198,-36.51855650627333,-0.08579157388457977,0
1727219006.577357,1,0.37444116435964986,0.3246115944680111,0.34952637941383047,48.0,0.011627906976744186,9.130928770516416,-35.723295514484725,-0.08224180975413421,0
1727219006.6557422,1,0.392676726249301,0.306773481517891,0.349725103883596,48.0,0.011363636363636364,10.474896711337074,-36.69137408528519,-0.0774659312494919,0
1727219006.71389,1,0.39223227027636803,0.32256940803282547,0.35740083915459675,48.0,0.011627906976744186,11.34884464453608,-36.80418481026149,-0.08463584200736002,0
1727219006.767591,1,0.37444116435964986,0.3393601867838982,0.356900675571774,48.0,0.028072250725268547,9.62490630796338,-36.97752247528553,-0.08279875516601175,0
1727219006.8178432,1,0.35250696283130506,0.32172731800417,0.33711714041773755,48.0,0.011363636363636364,9.291259615888205,-36.64000083576865,-0.08036763934594927,0
1727219006.8966696,1,0.37444116435964986,0.3393601867838982,0.356900675571774,48.0,0.022721405353294154,8.87470122690961,-36.46492747239171,-0.07286276970638683,0
1727219006.9482017,1,0.39223227027636803,0.31223749174274557,0.3522348810095568,48.0,0.011360702676647077,9.541258904924067,-35.665208804863894,-0.07795886781116368,0
1727219006.9986525,1,0.4385290096535146,0.31223749174274557,0.37538325069813006,48.0,0.011624763874381928,8.396026198210203,-35.729542632681614,-0.07838425496315564,0
1727219007.064341,1,0.38785738235002665,0.32849046090561423,0.35817392162782047,48.0,0.023809523809523808,9.466877573766144,-36.74990955975983,-0.08540862067974035,0
1727219007.1527135,1,0.3692558924604434,0.31223749174274557,0.3407466921015945,48.0,0.011360702676647077,9.748771027616527,-38.07933597009481,-0.0778187809749319,0
1727219007.1866052,1,0.3492908913463671,0.32256940803282547,0.3359301496895963,48.0,0.011624763874381928,9.10209880041793,-36.831773297584796,-0.07924129265229436,0
1727219007.2442682,1,0.3692558924604434,0.32740077484138114,0.34832833365091226,48.0,0.023255813953488372,9.976180634674337,-36.78635889221876,-0.09010323707356,0
1727219007.3283558,1,0.37444116435964986,0.32256940803282547,0.34850528619623766,48.0,0.0,10.607388030240541,-36.752832149620254,-0.08459453308224285,0
1727219007.3704834,1,0.39223227027636803,0.3253410412007942,0.35878665573858115,48.0,0.0,9.71131298874008,-38.17284973933067,-0.07357626115566504,0
1727219007.4441886,1,0.39223227027636803,0.32256940803282547,0.35740083915459675,48.0,0.011627906976744186,9.935209412830158,-37.62358697835839,-0.07745373534727056,0
1727219007.4919534,1,0.3692558924604434,0.32172731800417,0.3454916052323067,48.0,0.0,11.131680426285106,-37.11828717478132,-0.07634503332522913,0
1727219007.570957,1,0.38654778699939973,0.32256940803282547,0.35455859751611263,48.0,0.0,9.520238668975743,-37.974101756878376,-0.08268972263394674,0
1727219007.6063213,1,0.41397811269694773,0.32256940803282547,0.36827376036488657,48.0,0.0,9.479227418335809,-36.30184711885714,-0.08237322824254663,0
1727219007.6722693,1,0.3692558924604434,0.3309118971194738,0.3500838947899586,48.0,0.011627906976744186,10.06357554090914,-37.180163000017316,-0.08731957434865707,0
1727219007.7413328,1,0.39223227027636803,0.32256940803282547,0.35740083915459675,48.0,0.0,8.999540574538075,-37.57320454337032,-0.08520929265349006,0
1727219007.781306,1,0.39223227027636803,0.32256940803282547,0.35740083915459675,48.0,0.0,9.494563655631701,-37.82097899461408,-0.08569075957110886,0
1727219007.8575969,1,0.3909079031741939,0.3253410412007942,0.35812447218749405,48.0,0.0,8.094766684395623,-38.19139120865174,-0.08532451675579719,0
1727219007.9409578,1,0.39223227027636803,0.3253410412007942,0.35878665573858115,48.0,0.0,9.105784230170777,-37.111845955986,-0.0822165349817301,0
1727219007.9704428,1,0.39223227027636803,0.31050369369538894,0.3513679819858785,48.0,0.011627906976744186,8.85611647019362,-37.46866232003575,-0.08723622985385485,0
1727219008.0482183,1,0.3692558924604434,0.3057786292817528,0.3375172608710981,48.0,0.011627906976744186,9.641667163563085,-37.190665363312064,-0.07803214626222754,0
1727219008.0906856,1,0.3692558924604434,0.3048435176678406,0.337049705064142,48.0,0.011904761904761904,9.140829767388638,-37.16273556928791,-0.08993847888957344,0
1727219008.1561637,1,0.39223227027636803,0.3057786292817528,0.34900544977906045,48.0,0.011627906976744186,9.369910464530806,-38.25366215587421,-0.07769121011293129,0
1727219008.2171376,1,0.39223227027636803,0.3057786292817528,0.34900544977906045,48.0,0.011363636363636364,8.639177641392878,-37.52843684263725,-0.07781210388246892,0
1727219008.271469,1,0.39223227027636803,0.32172731800417,0.35697979414026904,48.0,0.0,8.996121012957607,-37.40510510158985,-0.08335084585015629,0
1727219008.322207,1,0.3692558924604434,0.30583244971376317,0.3375441710871033,48.0,0.011904761904761904,8.39158736904825,-37.78207053885866,-0.08486991716456664,0
1727219008.3986251,1,0.39223227027636803,0.32256940803282547,0.35740083915459675,48.0,0.011904761904761904,8.841429267987383,-37.410396462022746,-0.08510612359297359,0
1727219008.4670422,1,0.39223227027636803,0.32256940803282547,0.35740083915459675,48.0,0.0,8.86847224291023,-38.38833114979015,-0.08162148217799932,0
1727219008.511022,1,0.39223227027636803,0.3048435176678406,0.34853789397210433,48.0,0.0,10.74822666524793,-37.140856758801995,-0.08053496875147338,0
1727219008.5854113,1,0.39223227027636803,0.29773922927395485,0.34498574977516144,48.0,0.011904761904761904,9.800009901236214,-36.33199507593805,-0.08756265887531753,0
1727219008.632624,1,0.34169470717014266,0.31050369369538894,0.3260992004327658,48.0,0.011904761904761904,10.345989666606226,-38.14370948090798,-0.07714514984961164,0
1727219008.6848521,1,0.08651997015801753,0.11229577231219767,0.09940787123510761,48.0,0.011904761904761904,11.630418203450574,-40.21686875623445,-0.08100631710904896,0
1727219008.7636704,1,0.22249707974499242,0.1903943276465977,0.20644570369579507,48.0,0.016070608663330627,10.101915702619895,-40.71478365861496,-0.07955243479446711,0
1727219008.8196445,1,0.2927430031867816,0.22466314254191863,0.2587030728643501,48.0,0.011363636363636364,9.093262375149266,-37.4334390771682,-0.07840293344667186,0
1727219008.871169,1,0.34627951464451867,0.25847227682101426,0.30237589573276646,48.0,0.028064662604917655,9.605667429624447,-36.99322248322029,-0.08022528213885081,0
1727219008.9506695,1,0.3692558924604434,0.28154625318573645,0.32540107282308994,48.0,0.011627906976744186,9.121683624365373,-38.78522677676366,-0.07919895923609307,0
1727219008.995195,1,0.3692558924604434,0.28345388743864336,0.32635488994954337,48.0,0.011627906976744186,10.31169533601208,-38.40684029251547,-0.08522592112829927,0
1727219009.0545495,1,0.3680091047957925,0.28141231555848256,0.32471071017713754,48.0,0.023255813953488372,10.616701607264332,-37.09451764887724,-0.08240877274251342,0
1727219009.1312215,1,0.3830806390488961,0.3077145133220189,0.3453975761854575,48.0,0.011627906976744186,9.0915037490293,-38.51233964125559,-0.077006036285256,0
1727219009.1728485,1,0.3909079031741939,0.3077145133220189,0.34931120824810635,48.0,0.023255813953488372,10.021295868903055,-38.03228849751568,-0.08653220275424821,0
1727219009.2291658,1,0.3909079031741939,0.30091213723418164,0.34591002020418776,48.0,0.03488372093023256,8.542145724679198,-38.180415957790565,-0.08669417213588317,0
1727219009.298124,1,0.3648810045341019,0.30091213723418164,0.33289657088414176,48.0,0.023249527748763855,10.391980516781354,-37.7167315294468,-0.08363032533748888,0
1727219009.3557549,1,0.3909079031741939,0.3057786292817528,0.34834326622797335,48.0,0.011624763874381928,9.013892471006503,-37.845297878886456,-0.07903537542220196,0
1727219009.412974,1,0.4056883292480724,0.3335923230710924,0.3696403261595824,48.0,0.0,9.662187001021458,-38.69573133866193,-0.08923830351330689,0
1727219009.4873946,1,0.4056883292480724,0.3190941120626151,0.3623912206553438,48.0,0.011627906976744186,9.191981559246639,-38.125018512683106,-0.08640109659159745,0
1727219009.5335653,1,0.3909079031741939,0.3077145133220189,0.34931120824810635,48.0,0.011627906976744186,8.06802176843635,-37.169197324685285,-0.08026766273313146,0
1727219009.6076524,1,0.2893275086123319,0.264061890765791,0.27669469968906146,48.0,0.011360702676647077,11.036349300778399,-37.732541853789996,-0.07799036781342963,0
1727219009.653598,1,0.2893275086123319,0.2313269298575694,0.26032721923495067,48.0,0.023255813953488372,11.074256774269456,-35.75606509552051,-0.07909033910419094,0
1727219009.7187216,1,0.3011693009684171,0.24776682858810511,0.27446806477826113,48.0,0.0,11.560086272835617,-36.841587676065025,-0.07573503353618286,0
1727219009.811822,1,0.3131864367181832,0.24776682858810511,0.28047663265314415,48.0,0.011360702676647077,10.957879406227406,-37.9611891520776,-0.07400194767991206,0
1727219009.8411582,1,0.2896553585856295,0.264061890765791,0.27685862467571026,48.0,0.0,9.667303772494574,-37.137372009018044,-0.0769679967943666,0
1727219009.8897731,1,0.27198987699832244,0.25486037476146933,0.26342512587989586,48.0,0.0,11.848190087870577,-37.48944935698856,-0.08133916538545767,0
1727219009.9769635,1,0.2730458889864934,0.25591817696568087,0.26448203297608713,48.0,0.011624763874381928,11.502934431676247,-37.3258623740183,-0.0848726998851627,0
1727219010.0152822,1,0.30772461304701454,0.24028466566610637,0.27400463935656044,48.0,0.0,9.376945069273424,-38.405991779308614,-0.08571170344576608,0
1727219010.0772882,1,0.356998888398814,0.24028466566610637,0.2986417770324602,48.0,0.0,9.372211694786344,-37.218473620640665,-0.08481368665926037,0
1727219010.1506753,1,0.3451103064173911,0.27433813635895277,0.3097242213881719,48.0,0.0,10.245539926543398,-37.25756723725308,-0.08171575638484417,0
1727219010.196244,1,0.32246149100786786,0.25606786603917014,0.289264678523519,48.0,0.0,10.67838253415266,-38.8644034626957,-0.08522425842681877,0
1727219010.2709668,1,0.34627951464451867,0.27396667082065707,0.31012309273258787,48.0,0.0,9.748814634210374,-37.12110336539962,-0.08177411715409956,0
1727219010.325569,1,0.3680091047957925,0.2897827898671264,0.32889594733145944,48.0,0.0,8.140708035487553,-38.19752264620438,-0.08535108484292787,0
1727219010.385859,1,0.3680091047957925,0.28345388743864336,0.32573149611721797,48.0,0.0,9.126050846075646,-37.2568177779175,-0.08236519994223589,0
1727219010.4291437,1,0.3763381646983532,0.28989956026721014,0.33311886248278166,48.0,0.011627906976744186,9.095996330219082,-38.098897716940556,-0.07947699218204579,0
1727219010.49052,1,0.3692558924604434,0.290840592071338,0.3300482422658907,48.0,0.0,9.58638020961224,-37.34528182196724,-0.07395469921193865,0
1727219010.566117,1,0.3692558924604434,0.290840592071338,0.3300482422658907,48.0,0.0,9.240248329914655,-37.71580111427184,-0.08732822895556416,0
1727219010.6511407,1,0.3692558924604434,0.28989956026721014,0.32957772636382676,12.0,0.0,10.045800229974231,-38.265771180894404,-0.08281757870443947,0
1727219010.681772,1,0.3692558924604434,0.30091213723418164,0.33508401484731254,12.0,0.0,10.073906182645338,-38.01613982120499,-0.08151203385808714,0
1727219010.731917,1,0.36428433363726215,0.290840592071338,0.3275624628543001,12.0,0.0,9.022928994898153,-37.98291547156107,-0.08127933004341903,0
1727219010.8073936,1,0.36428433363726215,0.306773481517891,0.3355289075775766,12.0,0.0,9.216189850324113,-37.91570435133898,-0.07942408024386155,0
1727219010.8605402,1,0.3692558924604434,0.28989956026721014,0.32957772636382676,12.0,0.0,8.855347337456834,-37.35877384766654,-0.07981740185477475,0
1727219010.9510627,1,0.36428433363726215,0.3057786292817528,0.33503148145950745,12.0,0.011627906976744186,8.988955220703023,-38.65224524464625,-0.08242023544029223,0
1727219010.9815881,1,0.3692558924604434,0.3077145133220189,0.33848520289123113,12.0,0.011904761904761904,10.70810228309118,-38.90823688829905,-0.08450011670558297,0
1727219011.0347471,1,0.34627951464451867,0.3077145133220189,0.32699701398326875,12.0,0.011627906976744186,8.904858016634032,-38.259052768620975,-0.08494557468309384,0
1727219011.1100738,1,0.3830806390488961,0.3077145133220189,0.3453975761854575,12.0,0.011627906976744186,10.802650467691304,-39.046778230149826,-0.08267372672216168,0
1727219011.1718426,1,0.4056883292480724,0.3077145133220189,0.3567014212850457,12.0,0.0,7.905214341486369,-36.08973096995455,-0.07903119183804147,0
1727219011.2203064,1,0.3830806390488961,0.3057786292817528,0.34442963416532446,12.0,0.011627906976744186,9.696997776890955,-38.928721825266884,-0.08297541398621555,0
1727219011.3021407,1,0.3435844578037334,0.3335923230710924,0.3385883904374129,12.0,0.011627906976744186,10.27413815700174,-37.42289506735388,-0.08192473809518981,0
1727219011.3436882,1,0.38654778699939973,0.290840592071338,0.3386941895353689,12.0,0.011360702676647077,9.406286482090144,-38.552573029940795,-0.08473902621888647,0
1727219011.4017148,1,0.3692558924604434,0.3048435176678406,0.337049705064142,12.0,0.0,9.529724417200363,-38.82674010053548,-0.08786745033181792,0
1727219011.4789205,1,0.3680091047957925,0.31223749174274557,0.340123298269269,12.0,0.011901388973144479,9.767693351069587,-38.470111429881655,-0.08454761741147741,0
1727219011.5197945,1,0.38785738235002665,0.3077145133220189,0.3477859478360228,12.0,0.011901388973144479,8.98619908084232,-37.98172659463556,-0.08061235099846836,0
1727219011.5789301,1,0.3680091047957925,0.290840592071338,0.32942484843356523,12.0,0.011901388973144479,9.953145687195782,-38.322871482994316,-0.08099465430795924,0
1727219011.633689,1,0.34252672992344113,0.2711919527729319,0.3068593413481865,12.0,0.011627906976744186,8.074022791053112,-37.54305591176474,-0.07468432392819489,0
1727219011.7154243,1,0.3680091047957925,0.32172731800417,0.34486821139998125,12.0,0.0,9.34726836826021,-38.495592427175,-0.08396571039988383,0
1727219011.778865,1,0.3909079031741939,0.306773481517891,0.3488406923460424,12.0,0.011627906976744186,9.136283103967711,-38.009098730502174,-0.07979372700052705,0
1727219011.8221517,1,0.3680091047957925,0.32172731800417,0.34486821139998125,12.0,0.011624763874381928,9.018692921889492,-38.58028222087975,-0.07985408400748917,0
1727219011.8776202,1,0.34627951464451867,0.306773481517891,0.3265264980812048,12.0,0.011627906976744186,10.111000338238085,-38.06023698068898,-0.08444531802437501,0
1727219011.9535058,1,0.3692558924604434,0.29993851835461344,0.3345972054075284,12.0,0.0,9.14951067957726,-38.480255317303154,-0.08408039159660333,0
1727219012.0085568,1,0.3636489886209983,0.3335923230710924,0.34862065584604535,12.0,0.023255813953488372,7.742637602010852,-37.73032032683465,-0.08090654589658161,0
1727219012.0575128,1,0.3636489886209983,0.3048435176678406,0.33424625314441947,12.0,0.011904761904761904,8.282542203078346,-38.87414294647067,-0.0835851289143608,0
1727219012.1181898,1,0.3451103064173911,0.32256940803282547,0.3338398572251083,12.0,0.0,9.45394853274213,-38.27730635885488,-0.07651683845013113,0
1727219012.1901927,1,0.3583318073667782,0.32256940803282547,0.34045060769980184,12.0,0.011627906976744186,10.78418753477533,-38.347507759381976,-0.08855712974481322,0
1727219012.2753236,1,0.33520076157699547,0.32256940803282547,0.32888508480491047,12.0,0.0,8.498964195821886,-39.21427048633819,-0.08217803346574445,0
1727219012.3103004,1,0.382454207237914,0.3057786292817528,0.3441164182598334,12.0,0.0,9.056160151271206,-38.92075759494975,-0.07722531720726826,0
1727219012.3708584,1,0.34776090694680883,0.3048435176678406,0.3263022123073247,12.0,0.0,7.1919200895603,-37.75872853778661,-0.07611949359067961,0
1727219012.4317281,1,0.382454207237914,0.3057786292817528,0.3441164182598334,12.0,0.0,9.68847004295343,-39.44908473125667,-0.08475407503134114,0
1727219012.4917157,1,0.3363363969981562,0.3048435176678406,0.32058995733299844,12.0,0.023255813953488372,8.096644527497208,-38.159796806650725,-0.08088669367847534,0
1727219012.5469384,1,0.3830806390488961,0.3048435176678406,0.34396207835836834,12.0,0.011627906976744186,8.677042604315266,-38.665694368466674,-0.08591756286730198,0
1727219012.6119916,1,0.3599094457109207,0.3057786292817528,0.33284403749633673,12.0,0.023809523809523808,9.443557167731036,-39.54277300308485,-0.08977762746279684,0
1727219012.6738763,1,0.33520076157699547,0.3173967681501517,0.32629876486357356,12.0,0.0,9.026348081482151,-38.47212449112162,-0.08306815162742938,0
1727219012.7165554,1,0.36305433237559465,0.3057786292817528,0.3344164808286737,12.0,0.023255813953488372,8.53490081496626,-39.48561357223928,-0.0756164409782683,0
1727219012.7906864,1,0.34627951464451867,0.3048435176678406,0.3255615161561797,12.0,0.0,9.229204894834321,-39.764531488563534,-0.08987595976449797,0
1727219012.8807724,1,0.34627951464451867,0.306773481517891,0.3265264980812048,12.0,0.0,8.662133023465405,-38.69332807452946,-0.08456437599613995,0
1727219012.908261,1,0.3401555339971933,0.3049595534455906,0.32255754372139195,12.0,0.011904761904761904,7.5337338113887,-39.80145718241465,-0.08620461141712892,0
1727219012.9658833,1,0.34627951464451867,0.31223749174274557,0.32925850319363215,12.0,0.0,8.14223389084476,-38.35890005257057,-0.08239558866866202,0
1727219013.0194032,1,0.3680091047957925,0.31223749174274557,0.340123298269269,12.0,0.0,8.09143059343755,-39.45937458092528,-0.0906895133716116,0
1727219013.1136177,1,0.3401555339971933,0.32172731800417,0.33094142600068166,12.0,0.0,8.409173317996633,-39.312011428378774,-0.08225903810095385,0
1727219013.1446931,1,0.34627951464451867,0.32256940803282547,0.3344244613386721,12.0,0.0,8.690101713084845,-40.37508504354878,-0.08576789592624649,0
1727219013.2041357,1,0.3636489886209983,0.28141231555848256,0.3225306520897404,12.0,0.0,8.432701201016723,-39.36970500556863,-0.0875637377447184,0
1727219013.2860649,1,0.3692558924604434,0.3077145133220189,0.33848520289123113,12.0,0.0,8.463672381258904,-40.7974398602356,-0.08201405639606416,0
1727219013.3271618,1,0.34130795582133744,0.3385180967552427,0.33991302628829007,12.0,0.0,9.730998788933165,-38.740368176270394,-0.09248784854675572,0
1727219013.4032438,1,0.3451103064173911,0.28141231555848256,0.31326131098793686,12.0,0.011624763874381928,9.156421343372438,-39.61001138466081,-0.08948409365718106,0
1727219013.4510167,1,0.2392788867148091,0.24028466566610637,0.23978177619045773,12.0,0.023809523809523808,9.058055094192651,-39.9478228637353,-0.07651313449906279,0
1727219013.5089483,1,0.16838491060493602,0.19766784772463256,0.1830263791647843,12.0,0.0,10.105589051624262,-41.552492476482065,-0.08073179585257138,0
1727219013.5723307,1,0.23505024736113425,0.20670068507424366,0.22087546621768894,12.0,0.011363636363636364,8.380488041838888,-39.021718467148816,-0.07552518543470305,0
1727219013.619442,1,0.2692582403567252,0.22760090210909795,0.24842957123291157,12.0,0.011624763874381928,9.936054685357112,-40.193029277830554,-0.08734229086274993,0
1727219013.695365,1,0.3158332209274327,0.24383643514550063,0.27983482803646664,12.0,0.011627906976744186,8.250433293799928,-39.65375506207965,-0.08102963767525904,0
1727219013.758308,1,0.34130795582133744,0.26602969626022877,0.3036688260407831,12.0,0.011904761904761904,8.742071615726841,-39.77990670784387,-0.08214928923327372,0
1727219013.812031,1,0.34627951464451867,0.25550804718247905,0.30089378091349883,12.0,0.011624763874381928,9.284208038584843,-40.690730937301254,-0.08326693253718584,0
1727219013.8918633,1,0.356998888398814,0.28345388743864336,0.3202263879187287,12.0,0.023809523809523808,8.973264270026085,-38.95231392885242,-0.0863814135045253,0
1727219013.927262,1,0.3583318073667782,0.2890108647231734,0.3236713360449758,12.0,0.024390243902439025,8.576947789733033,-41.31765030870938,-0.08685692712536264,0
1727219014.0039163,1,0.36305433237559465,0.2711919527729319,0.3171231425742633,12.0,0.011904761904761904,8.750135728372832,-39.028289889613724,-0.08360434037961474,0
1727219014.047571,1,0.3583318073667782,0.28807575310926126,0.32320378023801977,12.0,0.012195121951219513,9.826023799504807,-38.81691175689525,-0.09557713141174037,0
1727219014.1117806,1,0.3451103064173911,0.3077145133220189,0.326412409869705,12.0,0.023802777946288958,9.564294791463093,-39.916326230438955,-0.08406353652672001,0
1727219014.2026613,1,0.3692558924604434,0.290840592071338,0.3300482422658907,12.0,0.0,10.008949577099237,-39.45560715228492,-0.08307156330736405,0
1727219014.2313948,1,0.3692558924604434,0.3183703870297199,0.34381313974508165,12.0,0.011901388973144479,8.189250776964718,-38.491430845785025,-0.08132406547243604,0
1727219014.2828524,1,0.3909079031741939,0.306773481517891,0.3488406923460424,12.0,0.011627906976744186,9.761321675828276,-38.0621010840978,-0.08532174877095418,0
1727219014.3695676,1,0.36428433363726215,0.3077145133220189,0.3359994234796405,12.0,0.011624763874381928,10.192045475250318,-37.09521786224572,-0.09062282146844379,0
1727219014.4092984,1,0.3692558924604434,0.3077145133220189,0.33848520289123113,12.0,0.023249527748763855,9.367525722169443,-37.49958918518529,-0.08571115235673622,0
1727219014.4652002,1,0.3909079031741939,0.3077145133220189,0.34931120824810635,12.0,0.0,10.233009177379959,-35.206567759642645,-0.07932112796359259,0
1727219014.5426092,1,0.3636489886209983,0.30091213723418164,0.33228056292759,12.0,0.0,11.732243528361765,-37.1859398431365,-0.0909215107850893,0
1727219014.5967758,1,0.3692558924604434,0.293629772444708,0.33144283245257566,12.0,0.011624763874381928,12.472420516250448,-37.45740487811706,-0.08308009189426115,0
1727219014.6571157,1,0.3692558924604434,0.3077145133220189,0.33848520289123113,12.0,0.011904761904761904,13.124959328492604,-36.59680632231747,-0.08597307138774322,0
1727219014.7069328,1,0.3692558924604434,0.290840592071338,0.3300482422658907,12.0,0.023249527748763855,13.65046287050291,-36.4567581821797,-0.0836613837149236,0
1727219014.7684333,1,0.3692558924604434,0.290840592071338,0.3300482422658907,12.0,0.0,11.477674338471775,-37.620546871311085,-0.07979727867644631,0
1727219014.8352535,1,0.3862316740489209,0.31050369369538894,0.3483676838721549,12.0,0.011627906976744186,12.069659244689175,-37.04129694155257,-0.08737743572998494,0
1727219014.8966753,1,0.3692558924604434,0.32172731800417,0.3454916052323067,12.0,0.011627906976744186,11.788447369095875,-38.190358291745774,-0.0811624369520281,0
1727219014.9460151,1,0.3909079031741939,0.28989956026721014,0.34040373172070204,12.0,0.011627906976744186,12.053656895901073,-37.296130513843295,-0.0863699296322424,0
1727219015.024803,1,0.3680091047957925,0.306773481517891,0.3373912931568418,12.0,0.0,11.919628932308088,-36.87717218615715,-0.08484319840308975,0
1727219015.0754275,1,0.3692558924604434,0.3057786292817528,0.3375172608710981,12.0,0.011627906976744186,11.596494738909263,-36.27480372067152,-0.08628402558757069,0
1727219015.1302245,1,0.3702647152165745,0.2841110781410722,0.32718789667882336,12.0,0.011624763874381928,11.65107634572134,-38.137105341647114,-0.08245690536499863,0
1727219015.1850688,1,0.3692558924604434,0.29773922927395485,0.3334975608671991,12.0,0.0,12.731264136367106,-38.72994760846676,-0.09503791611315801,0
