Timestamp,Face Detected,EAR Left,EAR Right,EAR Avg,Blink Rate,MAR,Head Rot X,Head Rot Y,Head Rot Z,State
1727218420.6710439,1,0.3485082106550167,0.27854334442328355,0.3135257775391501,0.0,0.011627906976744186,8.43067424393164,-38.59740672478737,-0.07998824447147225,0
1727218420.7053075,1,0.31622776601683794,0.31050369369538894,0.31336572985611344,0.0,0.0,8.670030958943013,-38.76029888488226,-0.06802629249646482,0
1727218420.7476475,1,0.33287133264930313,0.30550198826745845,0.3191866604583808,0.0,0.0,8.537035954212119,-38.57093569764109,-0.07389080193094687,0
1727218420.8216822,1,0.33969227994388246,0.27854334442328355,0.30911781218358303,0.0,0.0,8.076393089397186,-37.082701958403995,-0.07103041262548425,0
1727218420.8794856,1,0.33969227994388246,0.3037979043869199,0.32174509216540115,0.0,0.0,8.790505989301039,-37.231927994196774,-0.07191992168640728,0
1727218420.9289765,1,0.33447274835032853,0.3149336393584103,0.3247031938543694,0.0,0.0,8.155373276535151,-36.31589914149429,-0.06847061948541512,0
1727218421.0102232,1,0.3492715286614986,0.30550198826745845,0.3273867584644785,0.0,0.021739130434782608,8.1941541711806,-36.203255614649564,-0.07104038679917245,0
1727218421.0584712,1,0.33447274835032853,0.293629772444708,0.3140512603975183,0.0,0.011111111111111112,6.956478903507676,-36.351161539783334,-0.06943241726424504,0
1727218421.1170323,1,0.33365500207951265,0.2939660893178147,0.3138105456986637,0.0,0.011111111111111112,5.084301161047504,-35.832318247828375,-0.06826680966914538,0
1727218421.1670158,1,0.33241387563780467,0.2939660893178147,0.3131899824778097,0.0,0.010866997704607785,6.2401858963459205,-35.8780919375595,-0.0621571326072627,0
1727218421.246435,1,0.3384286960981292,0.2939660893178147,0.316197392707972,0.0,0.0,6.86212004858363,-36.44642720867044,-0.0686242841612805,0
1727218421.2915103,1,0.3384286960981292,0.31050369369538894,0.3244661948967591,0.0,0.010869565217391304,7.140086767880463,-35.85276376489027,-0.0680165707841876,0
1727218421.356265,1,0.3384286960981292,0.272462488904917,0.3054455925015231,0.0,0.0,5.689274149967894,-35.59850072217844,-0.06934869031751402,0
1727218421.4402983,1,0.33969227994388246,0.32015621187164245,0.3299242459077625,0.0,0.0,6.953815687552688,-36.96572232125735,-0.06917137299762623,0
1727218421.473783,1,0.3635513389603322,0.2983094248805669,0.33093038192044955,0.0,0.011108368642573443,5.374392328506122,-35.98940168805739,-0.06664011721436179,0
1727218421.5589151,1,0.3635513389603322,0.32596012026013244,0.3447557296102323,0.0,0.02173399540921557,5.156457548525752,-35.511658514257746,-0.06093997780646761,0
1727218421.596083,1,0.33969227994388246,0.2983094248805669,0.31900085241222464,0.0,0.011108368642573443,6.405710335964313,-36.52827455552122,-0.07078460540641048,0
1727218421.6535542,1,0.32355396672130604,0.291547594742265,0.30755078073178554,0.0,0.011108368642573443,6.0970274788964085,-38.02452647221795,-0.06895456539234344,0
1727218421.7303715,1,0.33969227994388246,0.313292874068759,0.32649257700632073,0.0,0.011627906976744186,6.106695238132436,-37.411618329999364,-0.07870658769740467,0
1727218421.7789314,1,0.38105836751350153,0.291547594742265,0.33630298112788326,0.0,0.01570960559016737,5.0994922442110955,-36.90507667457387,-0.07052789638509316,0
1727218421.8537297,1,0.3621990044324821,0.3241419213351964,0.34317046288383923,0.0,0.011111111111111112,6.172850779994155,-37.768925855855976,-0.07012423365764338,0
1727218421.9008148,1,0.3451103064173911,0.27854334442328355,0.31182682542033735,0.0,0.011360702676647077,7.800992323413135,-36.276379137499205,-0.07343553253525265,0
1727218421.964175,1,0.34677863069527887,0.3070316347601759,0.32690513272772737,0.0,0.0,5.167113005576268,-36.00990735557252,-0.06426733471150793,0
1727218422.024373,1,0.3158332209274327,0.32596012026013244,0.3208966705937826,0.0,0.0,5.965571010212729,-37.279062373212355,-0.07301883524004621,0
1727218422.0691044,1,0.33447274835032853,0.2939660893178147,0.3142194188340716,0.0,0.011111111111111112,5.350315886476328,-36.61212492763568,-0.06731782956012589,0
1727218422.1295831,1,0.35752266422167156,0.31212985159776147,0.33482625790971654,0.0,0.011111111111111112,7.0334086590381215,-37.11674644278436,-0.07582042991636688,0
1727218422.230715,1,0.33969227994388246,0.3149336393584103,0.3273129596511464,0.0,0.011111111111111112,7.220991701157315,-36.570416385216184,-0.07570446691719776,0
1727218422.258677,1,0.31622776601683794,0.2770921680671338,0.2966599670419859,0.0,0.010866997704607785,6.902602125447722,-36.3806557856988,-0.06638445819946309,0
1727218422.3103797,1,0.3097959430630629,0.3041458676074377,0.3069709053352503,0.0,0.022222222222222223,6.98497393321065,-36.49794043514065,-0.06985089904701075,0
1727218422.3693507,1,0.33365500207951265,0.30875385750119866,0.3212044297903557,0.0,0.011108368642573443,5.579326830209005,-35.91449237962977,-0.0612183781797621,0
1727218422.4698792,1,0.3480733905098305,0.32305816606588744,0.33556577828785894,0.0,0.011108368642573443,6.13894810160621,-36.531562722706724,-0.06445741111806629,0
1727218422.5009766,1,0.3008284187980934,0.29516755890112695,0.29799798884961015,0.0,0.02173399540921557,6.023813429581551,-37.611157828147086,-0.061766061927149736,0
1727218422.5542083,1,0.33057276130296026,0.30313675443913407,0.31685475787104717,0.0,0.021739130434782608,6.251911464753497,-36.447248119250325,-0.06904903218494973,0
1727218422.6236403,1,0.34627951464451867,0.31050369369538894,0.32839160416995383,0.0,0.011111111111111112,5.18455756605192,-36.27408578239101,-0.07605182545918228,0
1727218422.6998785,1,0.32355396672130604,0.3299181735877531,0.32673607015452955,0.0,0.0,5.945557282308002,-36.11889411691192,-0.07067374665433841,0
1727218422.741253,1,0.3097959430630629,0.29516755890112695,0.30248175098209495,0.0,0.026817974232740814,7.125067875367841,-37.53340746351335,-0.07069847119003118,0
1727218422.8012018,1,0.32355396672130604,0.31050369369538894,0.3170288302083475,0.0,0.0,5.146220843792929,-35.99101673154771,-0.06458771845704586,0
1727218422.8778863,1,0.3239206002289828,0.3299181735877531,0.32691938690836797,0.0,0.0,6.377680806502308,-36.4911267253749,-0.07604871997211675,0
1727218422.9196312,1,0.3011693009684171,0.30313675443913407,0.3021530277037756,0.0,0.011363636363636364,6.395897467593258,-37.076799500927294,-0.06746431835454679,0
1727218422.9722042,1,0.3485082106550167,0.28713525510048,0.31782173287774834,0.0,0.0,5.370174671173941,-36.568837942054316,-0.06967011415600571,0
1727218423.0507994,1,0.32355396672130604,0.293629772444708,0.308591869583007,0.0,0.0,6.287705219508691,-35.67373910467658,-0.07128928760559435,0
1727218423.1089249,1,0.3239206002289828,0.28713525510048,0.30552792766473136,0.0,0.010869565217391304,5.301960625121187,-36.4232536505824,-0.06228315205845365,0
1727218423.1545987,1,0.3099525705783656,0.31050369369538894,0.3102281321368773,0.0,0.011108368642573443,3.586212052315952,-35.57292305530322,-0.06333897587407096,0
1727218423.2158077,1,0.32355396672130604,0.3299181735877531,0.32673607015452955,0.0,0.011108368642573443,5.1213823729192045,-36.887418728383786,-0.0638610816636493,0
1727218423.274536,1,0.3492715286614986,0.313292874068759,0.33128220136512876,0.0,0.011111111111111112,4.6733480305947355,-35.51880174961282,-0.06516507879945112,0
1727218423.3404677,1,0.28718326344709527,0.3041458676074377,0.2956645655272665,0.0,0.0,5.4863376134089314,-35.9068849354415,-0.06059797375095345,0
1727218423.4330134,1,0.33969227994388246,0.30313675443913407,0.32141451719150826,0.0,0.022216737285146886,5.274150279172618,-35.75624733034956,-0.062436914475029436,0
1727218423.4611099,1,0.3011693009684171,0.28713525510048,0.29415227803444854,0.0,0.0,6.165059191753562,-36.2560534944561,-0.06402876128900309,0
1727218423.51406,1,0.31030379173419353,0.3070316347601759,0.3086677132471847,0.0,0.0,6.894010673460861,-37.28520904797752,-0.06796516148990069,0
1727218423.5891178,1,0.3401166302404319,0.313292874068759,0.3267047521545955,0.0,0.010869565217391304,6.443211894360713,-36.43352491361328,-0.06647689292998826,0
1727218423.6555932,1,0.3011693009684171,0.313292874068759,0.3072310875185881,0.0,0.011360702676647077,5.458124704098038,-35.019368711558165,-0.0685815958025157,0
1727218423.7010045,1,0.31030379173419353,0.30313675443913407,0.30672027308666383,0.0,0.0,5.947625279709237,-36.729817379559066,-0.06425851445417491,0
1727218423.7753677,1,0.3011693009684171,0.3340344656667495,0.3176018833175833,0.0,0.011108368642573443,5.6036116362657795,-35.933543411756325,-0.061067735525210734,0
1727218423.8254955,1,0.33969227994388246,0.313292874068759,0.32649257700632073,0.0,0.0,6.060328370292467,-36.543252603732924,-0.0662034825337031,0
1727218423.8889766,1,0.34627951464451867,0.293629772444708,0.31995464354461334,0.0,0.011108368642573443,5.657941791057651,-36.290815807370485,-0.06231499610093075,0
1727218423.9521766,1,0.31030379173419353,0.30313675443913407,0.30672027308666383,0.0,0.011360702676647077,5.546890912101485,-35.627773631530324,-0.06421439499473205,0
1727218424.0137506,1,0.34627951464451867,0.31050369369538894,0.32839160416995383,0.0,0.02173399540921557,6.369809968534589,-37.132638975272194,-0.06773682352022588,0
1727218424.0612988,1,0.3099525705783656,0.313292874068759,0.3116227223235623,0.0,0.011111111111111112,6.065088872598977,-36.13940515530687,-0.06683546017501776,0
1727218424.1334305,1,0.3719324495262802,0.313292874068759,0.3426126617975196,0.0,0.015357377920848781,7.746874367514859,-37.00319410045611,-0.06370185916723323,0
1727218424.2162135,1,0.33969227994388246,0.31050369369538894,0.3250979868196357,0.0,0.0,7.055122759718949,-36.560820063715106,-0.07023057943950768,0
1727218424.2441633,1,0.32355396672130604,0.31050369369538894,0.3170288302083475,0.0,0.010869565217391304,5.36647743103646,-37.235488601485976,-0.06283583790493502,0
1727218424.2982392,1,0.34627951464451867,0.3232059589418095,0.3347427367931641,0.0,0.010869565217391304,6.9536815320131184,-37.11060266727739,-0.06792414512002076,0
1727218424.3600874,1,0.3635513389603322,0.2983094248805669,0.33093038192044955,0.0,0.0,6.465918060061723,-38.090678449046706,-0.07162046931023229,0
1727218424.427878,1,0.3583318073667782,0.31212985159776147,0.33523082948226984,0.0,0.0,6.473335674993804,-36.37142400087321,-0.06770194825738236,0
1727218424.4930434,1,0.34627951464451867,0.32712899321438305,0.33670425392945086,0.0,0.011111111111111112,6.958921184319225,-36.55462242566924,-0.07349596960877687,0
1727218424.5396388,1,0.33969227994388246,0.3212561541824582,0.3304742170631703,0.0,0.011111111111111112,6.416452559189207,-37.20979990284607,-0.06315002092783119,0
1727218424.6018672,1,0.32246149100786786,0.3041458676074377,0.3133036793076528,0.0,0.011360702676647077,5.716240571377069,-37.49161318636871,-0.06513317777988052,0
1727218424.687885,1,0.32355396672130604,0.30875385750119866,0.3161539121112523,0.0,0.0,6.755649565149772,-37.13967373947527,-0.06481038881501017,0
1727218424.7210133,1,0.33969227994388246,0.2816852104027235,0.31068874517330297,0.0,0.0,5.26287756356682,-37.310680585233015,-0.06846165081560349,0
1727218424.7918468,1,0.33969227994388246,0.2983094248805669,0.31900085241222464,0.0,0.011360702676647077,6.262563197755958,-38.022796710905986,-0.06781348596476301,0
1727218424.8537183,1,0.3158332209274327,0.32305816606588744,0.3194456934966601,0.0,0.0,6.571362738427453,-36.582650351432875,-0.0651070653194779,0
1727218424.91636,1,0.3158332209274327,0.3070316347601759,0.3114324278438043,0.0,0.011108368642573443,7.695798071046591,-37.067070051115564,-0.06820104634937736,0
1727218424.979615,1,0.31622776601683794,0.30313675443913407,0.309682260227986,0.0,0.0,7.814391171105709,-36.80874837522079,-0.0625653902933799,0
1727218425.033223,1,0.33969227994388246,0.291547594742265,0.3156199373430737,0.0,0.0,5.982920759280878,-36.23541865573453,-0.06397562415344314,0
1727218425.1174216,1,0.3158332209274327,0.30550198826745845,0.3106676045974456,0.0,0.0,6.048429171901354,-37.18881587782869,-0.06310812043539862,0
1727218425.145257,1,0.3097959430630629,0.30091213723418164,0.3053540401486223,0.0,0.0,6.456217188186257,-37.95703779573208,-0.06618778418993762,0
1727218425.2008853,1,0.3492715286614986,0.293629772444708,0.3214506505531033,0.0,0.0,6.026323892034206,-36.64106853034915,-0.06375818790370955,0
1727218425.3029325,1,0.3324112476572669,0.30091213723418164,0.3166616924457243,0.0,0.011108368642573443,6.823653008473707,-38.781304550061066,-0.06892304768873193,0
1727218425.333647,1,0.17149858514250882,0.15384615384615385,0.16267236949433134,0.0,0.011363636363636364,7.089627687962963,-37.07908636087914,-0.05387811500806561,0
1727218425.3809404,1,0.22332781224177667,0.17502150679876124,0.19917465952026897,0.0,0.015713484026367724,6.936572639989515,-38.112872204483935,-0.05303248249423478,0
1727218425.4836397,1,0.33287133264930313,0.24383643514550063,0.2883538838974019,0.0,0.0,6.946404385973551,-39.00185819092122,-0.06160525839874162,0
1727218425.514334,1,0.33969227994388246,0.3070316347601759,0.3233619573520292,0.0,0.011360702676647077,6.610993498015825,-36.740259841100446,-0.0668446470341887,0
1727218425.5614455,1,0.35752266422167156,0.3070316347601759,0.33227714949092374,0.0,0.010866997704607785,6.644108441237986,-38.78434906158779,-0.05933532005877357,0
1727218425.662693,1,0.38263408078607625,0.28668761781189944,0.3346608492989879,0.0,0.011108368642573443,5.970473721415914,-38.345728113238266,-0.06603703327001964,0
1727218425.6935983,1,0.38105836751350153,0.291547594742265,0.33630298112788326,0.0,0.0,5.942274890248932,-37.5084394403812,-0.06673361344962025,0
1727218425.7466886,1,0.33969227994388246,0.30260003407321345,0.321146157008548,0.0,0.022216737285146886,6.679587157950255,-37.03465599442119,-0.06804850833768623,0
1727218425.8219798,1,0.3158332209274327,0.293629772444708,0.30473149668607036,0.0,0.011624763874381928,6.892488605898701,-36.94996889076229,-0.06703234785560468,0
1727218425.8730168,1,0.3451103064173911,0.30550198826745845,0.3253061473424248,0.0,0.011108368642573443,6.1049937116031705,-37.914508103303056,-0.07018752208241766,0
1727218425.9236083,1,0.38105836751350153,0.293629772444708,0.33734406997910477,0.0,0.011108368642573443,6.44831860084166,-36.96898956350767,-0.07325908041181128,0
1727218426.002048,1,0.3324112476572669,0.30496532313366387,0.31868828539546534,0.0,0.011363636363636364,6.030151563844979,-38.91907282479274,-0.0698833501052292,0
1727218426.0575435,1,0.3239206002289828,0.31050369369538894,0.31721214696218586,0.0,0.011108368642573443,5.538731945486807,-36.63865274191702,-0.05915353933847871,0
1727218426.109007,1,0.3008284187980934,0.3212561541824582,0.31104228649027577,0.0,0.010866997704607785,6.353492078456497,-37.30464278951878,-0.058661206035295774,0
1727218426.186161,1,0.3008284187980934,0.2882957255085248,0.2945620721533091,0.0,0.011111111111111112,5.636945067354842,-36.99967452300614,-0.06725464997834169,0
1727218426.2248154,1,0.32355396672130604,0.2967552696911847,0.31015461820624535,0.0,0.011363636363636364,6.324750779082936,-37.5609306911402,-0.07333769911805732,0
1727218426.2851217,1,0.3384286960981292,0.272462488904917,0.3054455925015231,0.0,0.0,5.5135964510259585,-36.89209855960587,-0.06983940234807,0
1727218426.3780987,1,0.3158332209274327,0.3037979043869199,0.3098155626571763,0.0,0.010869565217391304,7.067256201211464,-37.90959336993647,-0.06430407276126404,0
1727218426.4094052,1,0.3158332209274327,0.3058519033069538,0.31084256211719324,0.0,0.0,6.218718410186299,-37.84055658922247,-0.06732063616534945,0
1727218426.4675317,1,0.32246149100786786,0.3041458676074377,0.3133036793076528,0.0,0.011108368642573443,5.814745229586288,-37.83230064116902,-0.06869032992464713,0
1727218426.5546448,1,0.3011693009684171,0.293629772444708,0.29739953670656255,0.0,0.022727272727272728,7.3375547814122575,-36.71279898383015,-0.07059818298166622,0
1727218426.5931246,1,0.3011693009684171,0.3070316347601759,0.3041004678642965,0.0,0.01570960559016737,6.431541691283083,-36.977549236546054,-0.06727080151582208,0
1727218426.651242,1,0.3384286960981292,0.3070316347601759,0.32273016542915256,0.0,0.0,6.5279357446829325,-37.241992810368075,-0.06404572636074961,0
1727218426.722645,1,0.31622776601683794,0.29516755890112695,0.30569766245898244,0.0,0.0,8.23607353170673,-36.58560760525276,-0.07554394557213207,0
1727218426.799862,1,0.3158332209274327,0.3149336393584103,0.3153834301429215,0.0,0.015368255536133624,6.963277313864741,-36.517879900582926,-0.06914132046138244,0
1727218426.8334846,1,0.33969227994388246,0.3241419213351964,0.33191710063953944,0.0,0.0,9.524405661892375,-37.95556424529754,-0.07520052234327505,0
1727218426.905529,1,0.35752266422167156,0.30260003407321345,0.3300613491474425,0.0,0.0,6.961466421939675,-37.441406684369866,-0.06930985572919932,0
1727218426.952106,1,0.35752266422167156,0.3149336393584103,0.33622815179004095,0.0,0.0,8.928752098885692,-37.820948708771795,-0.07596544562620143,0
1727218427.0184615,1,0.33969227994388246,0.31050369369538894,0.3250979868196357,0.0,0.0,7.858306839948336,-37.610801505468295,-0.07364492118241159,0
1727218427.0712252,1,0.31622776601683794,0.2939660893178147,0.3050969276673263,0.0,0.0,9.507282456465418,-37.354657429141945,-0.06936639711987524,0
1727218427.1548038,1,0.3158332209274327,0.3241419213351964,0.3199875711313146,0.0,0.022216737285146886,7.376515298746533,-37.615471862170125,-0.0720255835483621,0
1727218427.1928647,1,0.3254124696450489,0.32305816606588744,0.32423531785546816,0.0,0.011108368642573443,7.626641184662422,-38.142689637818336,-0.06925667837320171,0
1727218427.2478034,1,0.35752266422167156,0.3241419213351964,0.34083229277843397,0.0,0.015368255536133624,7.847658273827143,-38.16841223873497,-0.07062828439655942,0
1727218427.32473,1,0.3158332209274327,0.3070316347601759,0.3114324278438043,0.0,0.010866997704607785,6.487592877801154,-37.73268994467748,-0.06717805292565177,0
1727218427.3889568,1,0.33969227994388246,0.313292874068759,0.32649257700632073,0.0,0.011360702676647077,7.659008585033966,-38.207536126324776,-0.07608473582923694,0
1727218427.4667587,1,0.3635513389603322,0.313292874068759,0.33842210651454563,0.0,0.022721405353294154,8.56822965427735,-36.79524061320902,-0.07390997691555173,0
1727218427.5013194,1,0.31622776601683794,0.31050369369538894,0.31336572985611344,0.0,0.01570960559016737,7.639017113588772,-38.32985287040166,-0.06796168648637102,0
1727218427.5530987,1,0.3097959430630629,0.2967552696911847,0.3032756063771238,0.0,0.011108368642573443,7.897430002471318,-37.30836845171025,-0.06859950060647244,0
1727218427.6300075,1,0.3097959430630629,0.3183703870297199,0.31408316504639144,0.0,0.0,7.738772068262238,-38.29186745236824,-0.07154326468192479,0
1727218427.6825912,1,0.31018294626587445,0.31050369369538894,0.3103433199806317,0.0,0.011360702676647077,7.0206897810506605,-38.42490354684521,-0.07374234701153103,0
1727218427.7411182,1,0.3097959430630629,0.28504385627478446,0.2974198996689237,0.0,0.011363636363636364,7.832331862588113,-37.63660734650067,-0.07497720970448468,0
1727218427.8123507,1,0.31622776601683794,0.29516755890112695,0.30569766245898244,0.0,0.0,7.74993793461301,-37.909417437027216,-0.07638029105065253,0
1727218427.8558269,1,0.3158332209274327,0.2967552696911847,0.3062942453093087,0.0,0.0,8.087123186921486,-37.93818003348473,-0.06648612933495233,0
1727218427.9155629,1,0.31622776601683794,0.3212561541824582,0.31874196009964806,0.0,0.011111111111111112,9.08018798890209,-36.63012380613483,-0.06493053153545811,0
1727218428.001617,1,0.33365500207951265,0.3241419213351964,0.32889846170735454,0.0,0.0,6.25250131149352,-37.76635170780747,-0.06914200361863171,0
1727218428.0352252,1,0.3158332209274327,0.27854334442328355,0.29718828267535813,0.0,0.0,8.642053746450832,-38.124625270946794,-0.06759721451029205,0
1727218428.0948439,1,0.3097959430630629,0.30091213723418164,0.3053540401486223,0.0,0.0,7.523752968162615,-38.678991295699284,-0.07098983654843356,0
1727218428.1760857,1,0.3097959430630629,0.2939660893178147,0.30188101619043883,0.0,0.0,8.904153701561059,-38.289199793920076,-0.07643222015895851,0
1727218428.2195132,1,0.31018294626587445,0.2802176653136105,0.29520030578974243,0.0,0.011108368642573443,6.6333202825194695,-38.010007861773346,-0.06625198117000472,0
1727218428.2814128,1,0.3037586651986931,0.2816852104027235,0.2927219378007083,0.0,0.022216737285146886,9.00141582082783,-39.42951494778673,-0.07283359178838779,0
1727218428.3542042,1,0.3158332209274327,0.30091213723418164,0.3083726790808072,0.0,0.010866997704607785,6.756716615132575,-38.874543703373575,-0.07045955083922933,0
1727218428.4015973,1,0.33969227994388246,0.28992134818515547,0.31480681406451894,0.0,0.0,6.737621443398291,-37.985878361517194,-0.06434886477832513,0
1727218428.4947011,1,0.33969227994388246,0.3241419213351964,0.33191710063953944,0.0,0.011360702676647077,8.212402626942762,-38.826141766752265,-0.07950135549644564,0
1727218428.5338,1,0.35752266422167156,0.3041458676074377,0.33083426591455467,0.0,0.011108368642573443,7.424310564236909,-37.4437229653762,-0.0728018069781778,0
1727218428.573992,1,0.33969227994388246,0.3241419213351964,0.33191710063953944,0.0,0.011111111111111112,6.743128981716426,-37.17687219814871,-0.07310934273781204,0
1727218428.6517632,1,0.3097959430630629,0.3241419213351964,0.3169689321991297,0.0,0.011111111111111112,7.391173438934997,-39.116351943255324,-0.07474059141011095,0
1727218428.7014842,1,0.2863404812585526,0.31050369369538894,0.29842208747697074,0.0,0.015713484026367724,7.671317211409191,-37.80187967430926,-0.07153270030736407,0
1727218428.7655816,1,0.2866981834358181,0.2802176653136105,0.2834579243747143,0.0,0.0,7.032466040091553,-37.37247589571141,-0.0669618453561795,0
1727218428.8291144,1,0.33241387563780467,0.3149336393584103,0.32367375749810745,0.0,0.022721405353294154,7.591821993040785,-38.981046139608665,-0.07267972811789854,0
1727218428.8753848,1,0.3097959430630629,0.313292874068759,0.3115444085659109,0.0,0.010866997704607785,7.446635684666951,-37.473809804520364,-0.07117456951851851,0
1727218428.9484966,1,0.3097959430630629,0.313292874068759,0.3115444085659109,0.0,0.010869565217391304,7.132817689605351,-38.33895179285674,-0.07388696633687586,0
1727218428.9945369,1,0.3097959430630629,0.31050369369538894,0.31014981837922595,0.0,0.011111111111111112,7.631201240052579,-36.967019420520536,-0.07275312986490984,0
1727218429.0611088,1,0.31018294626587445,0.293629772444708,0.3019063593552912,0.0,0.03408210802994123,5.838912446038714,-38.78457284613504,-0.07933779982180626,0
1727218429.1509218,1,0.3158332209274327,0.313292874068759,0.3145630474980958,0.0,0.011351915229662496,7.7933499562649535,-37.966287028471605,-0.0832692015764139,0
1727218429.1794016,1,0.33287133264930313,0.31050369369538894,0.321687513172346,0.0,0.0,7.608488173808752,-38.00199999849519,-0.07676275007624311,0
1727218429.234528,1,0.33104235544094723,0.313292874068759,0.3221676147548531,0.0,0.0,7.351184700537622,-39.79465814973476,-0.07775441422429166,0
1727218429.3099267,1,0.35752266422167156,0.31212985159776147,0.33482625790971654,0.0,0.0,8.52413813376046,-39.11769422365437,-0.0831823667318543,0
1727218429.3742447,1,0.3097959430630629,0.291547594742265,0.30067176890266395,0.0,0.011108368642573443,7.4620557700178285,-38.37147709557107,-0.07505780465580206,0
1727218429.419966,1,0.31622776601683794,0.2983094248805669,0.30726859544870244,0.0,0.0,8.227968728454728,-38.25945993755318,-0.0730770314995753,0
1727218429.4982333,1,0.3324112476572669,0.3241419213351964,0.32827658449623165,0.0,0.0,7.92404059888045,-39.2568681055137,-0.07568325017159956,0
1727218429.5466633,1,0.3158332209274327,0.3149336393584103,0.3153834301429215,0.0,0.011108368642573443,8.43762266355116,-38.22215843258156,-0.08535993903435883,0
1727218429.6162694,1,0.3097959430630629,0.2967552696911847,0.3032756063771238,0.0,0.011360702676647077,8.99123259951411,-38.21050205750914,-0.0842010875281754,0
1727218429.6632652,1,0.35752266422167156,0.31050369369538894,0.3340131789585302,0.0,0.011360702676647077,7.750439828392642,-38.52972512381801,-0.08259084118782369,0
1727218429.7188942,1,0.3324112476572669,0.31050369369538894,0.3214574706763279,0.0,0.0,7.509946444647411,-38.872821661824226,-0.08034412662932254,0
1727218429.805444,1,0.35752266422167156,0.3241419213351964,0.34083229277843397,0.0,0.011351915229662496,7.894474679802295,-39.165698106154785,-0.0837223375489957,0
1727218429.8446407,1,0.3158332209274327,0.31050369369538894,0.31316845731141085,0.0,0.0,7.007572045828672,-38.81512673881736,-0.07762065250432355,0
1727218429.9013903,1,0.3324112476572669,0.31132189561769025,0.32186657163747856,0.0,0.0,7.637778799710768,-39.3211099657067,-0.0807750802319217,0
1727218429.972629,1,0.3158332209274327,0.3070316347601759,0.3114324278438043,0.0,0.011108368642573443,6.276740964530257,-38.109430662780056,-0.07977951871569208,0
1727218430.0390394,1,0.3158332209274327,0.30313675443913407,0.30948498768328336,0.0,0.0,5.609277909657867,-37.832084052419944,-0.08307895479992679,0
1727218430.082471,1,0.3158332209274327,0.31050369369538894,0.31316845731141085,0.0,0.011360702676647077,7.874825910521111,-38.57076627148841,-0.08185263621321592,0
1727218430.1586547,1,0.33969227994388246,0.3085502624497215,0.324121271196802,0.0,0.016831105696898524,8.043006164169341,-39.50176973781222,-0.09236979880260394,0
1727218430.20658,1,0.33969227994388246,0.313292874068759,0.32649257700632073,0.0,0.011901388973144479,7.926387813323941,-39.138701141641036,-0.08911117883106084,0
1727218430.2807035,1,0.35752266422167156,0.2967552696911847,0.32713896695642813,0.0,0.0,7.983227644835158,-40.11795483997402,-0.08912919918489942,0
1727218430.333506,1,0.3492715286614986,0.313292874068759,0.33128220136512876,0.0,0.011624763874381928,7.811532322528834,-38.48537228364383,-0.08830501537363845,0
1727218430.393437,1,0.35752266422167156,0.313292874068759,0.3354077691452153,0.0,0.011360702676647077,8.171154241696852,-40.075268915497375,-0.07982982834259308,0
1727218430.4445934,1,0.33969227994388246,0.2967552696911847,0.3182237748175336,0.0,0.0,7.218259376429087,-39.69164812050155,-0.08373136397284332,0
1727218430.5198305,1,0.3097959430630629,0.313292874068759,0.3115444085659109,0.0,0.011360702676647077,6.584365275591079,-38.756212923916834,-0.07549203113187138,0
1727218430.5638046,1,0.3324112476572669,0.313292874068759,0.32285206086301294,0.0,0.011624763874381928,6.540901123305392,-39.84225516991436,-0.08406634593971411,0
1727218430.622704,1,0.33969227994388246,0.313292874068759,0.32649257700632073,0.0,0.011363636363636364,7.140227178655243,-38.03726259965468,-0.08254106991614112,0
1727218430.7065113,1,0.3158332209274327,0.313292874068759,0.3145630474980958,0.0,0.0,6.6422007556016895,-39.282555626599446,-0.07874438716539162,0
1727218430.7389975,1,0.33969227994388246,0.2967552696911847,0.3182237748175336,0.0,0.011360702676647077,7.317361258051155,-38.4468534140212,-0.07976353137000887,0
1727218430.802153,1,0.3158332209274327,0.2967552696911847,0.3062942453093087,0.0,0.011360702676647077,6.375634134293799,-39.05948453597793,-0.08022940345687052,0
1727218430.8615663,1,0.3324112476572669,0.313292874068759,0.32285206086301294,0.0,0.0,8.319454896042778,-38.78376477992805,-0.08798187756119547,0
1727218430.934583,1,0.3324112476572669,0.29488833210589493,0.3136497898815809,0.0,0.011624763874381928,7.547299525131487,-40.10382524579494,-0.08671215005840305,0
1727218430.9805555,1,0.3097959430630629,0.31132189561769025,0.3105589193403766,0.0,0.0,6.822963696514076,-39.222197999041086,-0.0828774433381751,0
1727218431.0848942,1,0.35752266422167156,0.2939660893178147,0.3257443767697431,0.0,0.022721405353294154,6.131296398379417,-39.5032720020878,-0.07766141342585765,0
1727218431.114602,1,0.35752266422167156,0.30313675443913407,0.33032970933040284,0.0,0.022216737285146886,7.307110569931191,-39.52821987829097,-0.0818532132802883,0
1727218431.171707,1,0.35752266422167156,0.30875385750119866,0.3331382608614351,0.0,0.0,7.195791220280018,-39.804284795804406,-0.08493667729642058,0
1727218431.2373803,1,0.33365500207951265,0.313292874068759,0.3234739380741358,0.0,0.011360702676647077,7.080238508684419,-40.03463325843661,-0.07804848826327608,0
1727218431.3110528,1,0.35752266422167156,0.313292874068759,0.3354077691452153,0.0,0.0,8.092014479453685,-39.294632537133545,-0.0878400301445431,0
1727218431.3499844,1,0.33969227994388246,0.3241419213351964,0.33191710063953944,0.0,0.0,6.952079277078276,-39.30057974516694,-0.08085398528173336,0
1727218431.4204533,1,0.3324112476572669,0.313292874068759,0.32285206086301294,0.0,0.0,7.061165998193011,-39.53856433623087,-0.08520485784546397,0
1727218431.464645,1,0.32605707420630536,0.3037979043869199,0.31492748929661263,0.0,0.011363636363636364,6.648203351443102,-40.35393124317256,-0.07811805479235981,0
1727218431.5488272,1,0.31018294626587445,0.30313675443913407,0.30665985035250426,0.0,0.011111111111111112,8.19878213385106,-39.174370241374284,-0.07832638366234129,0
1727218431.589654,1,0.3324112476572669,0.313292874068759,0.32285206086301294,0.0,0.0,7.161912060788657,-39.480211240901056,-0.08319201952382684,0
1727218431.6783404,1,0.34249330934948413,0.2885424060800026,0.3155178577147434,0.0,0.011108368642573443,5.945361049305461,-39.149149005639366,-0.07653350401161924,0
1727218431.7116628,1,0.3324112476572669,0.293629772444708,0.3130205100509874,0.0,0.011363636363636364,6.311668237803434,-39.40370140453904,-0.07940742650051684,0
1727218431.7665734,1,0.35752266422167156,0.293629772444708,0.3255762183331898,0.0,0.023249527748763855,6.529002028887573,-39.80925017426958,-0.08200714490502156,0
1727218431.8487165,1,0.3324112476572669,0.2967552696911847,0.31458325867422576,0.0,0.011111111111111112,6.324632406694699,-39.02674574065169,-0.08073764644906521,0
1727218431.8893416,1,0.33287133264930313,0.3013502377831579,0.3171107852162305,0.0,0.010869565217391304,6.0914337899076845,-40.12096355685142,-0.07478292214428496,0
1727218431.9449308,1,0.3324112476572669,0.31050369369538894,0.3214574706763279,0.0,0.0,6.016220406058204,-39.72103083358651,-0.07778842593637869,0
1727218432.0208576,1,0.33287133264930313,0.293629772444708,0.31325055254700557,0.0,0.0,6.881982055097274,-38.97064783929939,-0.08470445956793886,0
1727218432.0859709,1,0.3324112476572669,0.31050369369538894,0.3214574706763279,0.0,0.011111111111111112,6.350732746075629,-40.06881721458968,-0.08239157570570095,0
1727218432.137824,1,0.33969227994388246,0.31050369369538894,0.3250979868196357,0.0,0.0,5.820413307674597,-40.30264599819414,-0.07603567554139407,0
1727218432.1895866,1,0.33287133264930313,0.313292874068759,0.3230821033590311,0.0,0.0,7.72849771579854,-40.634043562541024,-0.07925261747764073,0
1727218432.272197,1,0.3324112476572669,0.31050369369538894,0.3214574706763279,0.0,0.011111111111111112,7.416797668390705,-40.284604292252354,-0.08208544106109118,0
1727218432.3094683,1,0.2834297266912897,0.30313675443913407,0.2932832405652119,0.0,0.015371886547533643,6.926038678539971,-39.00159559617991,-0.07858105924847134,0
1727218432.3833299,1,0.3158332209274327,0.313292874068759,0.3145630474980958,0.0,0.011111111111111112,4.958415897255531,-41.83447700417414,-0.07921207905172614,0
1727218432.4229164,1,0.3324112476572669,0.3013502377831579,0.3168807427202124,0.0,0.022727272727272728,7.315919682179546,-39.863038922528375,-0.07804425177676862,0
1727218432.5049965,1,0.30772461304701454,0.31050369369538894,0.30911415337120174,0.0,0.0,6.42449178714707,-39.38668527147553,-0.07736708915936134,0
1727218432.5604064,1,0.38263408078607625,0.2967552696911847,0.3396946752386305,0.0,0.0,7.291986627511059,-39.72867538076815,-0.07950492023330394,0
1727218432.6192122,1,0.33969227994388246,0.2920309335459052,0.31586160674489383,0.0,0.0,6.922678911131927,-39.59406473310063,-0.0811880398779592,0
1727218432.6750073,1,0.3097959430630629,0.31050369369538894,0.31014981837922595,0.0,0.0,7.1855894545123,-39.211907796617396,-0.08110072398524097,0
1727218432.7487476,1,0.3508232077228117,0.29866738018151734,0.32474529395216456,0.0,0.0,7.736852237421655,-39.91324812325774,-0.08557878835931178,0
1727218432.7967439,1,0.3324112476572669,0.29488833210589493,0.3136497898815809,0.0,0.0,5.791457369285379,-40.28952530561487,-0.08009859552057655,0
1727218432.8547118,1,0.35752266422167156,0.2967552696911847,0.32713896695642813,0.0,0.01606645980340262,5.239378211484938,-40.50431175823138,-0.0884733494084955,0
1727218432.9300222,1,0.3158332209274327,0.31050369369538894,0.31316845731141085,0.0,0.0,6.651889757480451,-39.95853906890407,-0.07891037000148277,0
1727218432.9731565,1,0.3719324495262802,0.3018149701340477,0.33687370983016396,0.0,0.0,6.838977624795641,-40.575661587760834,-0.09105129563750247,0
1727218433.0497453,1,0.2834297266912897,0.28713525510048,0.28528249089588487,0.0,0.0,6.729796598722714,-43.16698117758183,-0.08191032279623227,0
1727218433.1021786,1,0.12598402440927728,0.1681827051290899,0.1470833647691836,0.0,0.0,5.000907186337013,-42.11270806011335,-0.0658414736804172,0
1727218433.1630492,1,0.2830379784367622,0.1903943276465977,0.23671615304167995,0.0,0.011363636363636364,6.803369223096194,-39.87178275402223,-0.07321328804020487,0
1727218433.220564,1,0.29917582261858355,0.24868381653571225,0.2739298195771479,0.0,0.0,5.579351593228549,-39.812452384634284,-0.071745667344619,0
1727218433.2795994,1,0.3324112476572669,0.2770921680671338,0.30475170786220035,0.0,0.023255813953488372,6.946208207033183,-40.33804659582127,-0.07656990872633439,0
1727218433.3358114,1,0.34464771807319383,0.2841110781410722,0.314379398107133,0.0,0.011363636363636364,6.468714604719393,-39.39638963631045,-0.08019466000291207,0
1727218433.4139106,1,0.3158332209274327,0.28713525510048,0.30148423801395635,0.0,0.011111111111111112,6.849720814915523,-40.17263377258311,-0.0803070801408243,0
1727218433.453302,1,0.3324112476572669,0.313292874068759,0.32285206086301294,0.0,0.0,7.100442666431787,-40.646045114330754,-0.0884065885477171,0
1727218433.5189161,1,0.31622776601683794,0.31132189561769025,0.3137748308172641,0.0,0.011360702676647077,6.407989550442044,-39.75940896514137,-0.07592750690371788,0
1727218433.5897248,1,0.34249330934948413,0.293629772444708,0.31806154089709604,0.0,0.0,6.300616363326409,-40.236463123349246,-0.07581731495131049,0
1727218433.6362104,1,0.35752266422167156,0.2920309335459052,0.3247767988837884,0.0,0.011108368642573443,6.034593435333669,-39.8525207217938,-0.08270114639099643,0
1727218433.721475,1,0.31622776601683794,0.2967552696911847,0.3064915178540113,0.0,0.0,8.257620327509537,-40.08971529651751,-0.07591755262473457,0
1727218433.7533197,1,0.3324112476572669,0.3070316347601759,0.31972144120872137,0.0,0.0,8.18214498069967,-39.498466701854426,-0.08091413516336039,0
1727218433.8442059,1,0.35136418446315326,0.2967552696911847,0.324059727077169,0.0,0.0,6.040142598553658,-40.97115329447112,-0.0828050301542693,0
1727218433.8750389,1,0.3097959430630629,0.3070316347601759,0.3084137889116194,0.0,0.0,7.606436103858566,-39.17467047281197,-0.07503199850917795,0
1727218433.9355166,1,0.35752266422167156,0.2967552696911847,0.32713896695642813,0.0,0.026824595137478834,6.637307984839009,-40.04641005815023,-0.0844190244035003,0
1727218434.0227666,1,0.33287133264930313,0.2885424060800026,0.31070686936465286,0.0,0.022727272727272728,6.961152262181164,-39.539722768494144,-0.07758534963760626,0
1727218434.0552893,1,0.35752266422167156,0.2939660893178147,0.3257443767697431,0.0,0.011111111111111112,7.890646115853541,-39.432887095688855,-0.08102031025427499,0
1727218434.1153383,1,0.3324112476572669,0.27854334442328355,0.3054772960402752,0.0,0.0,7.268520984107737,-40.63188325607889,-0.07779814083732502,0
1727218434.2014318,1,0.3324112476572669,0.2983094248805669,0.3153603362689169,0.0,0.010869565217391304,6.933742202378939,-39.89674014775175,-0.08002189701063114,0
1727218434.2386363,1,0.33287133264930313,0.293629772444708,0.31325055254700557,0.0,0.022727272727272728,7.058972887901325,-40.33914334037286,-0.08557492466991008,0
1727218434.297503,1,0.3324112476572669,0.31050369369538894,0.3214574706763279,0.0,0.011360702676647077,8.130025856123785,-39.52852378524221,-0.0864961683697757,0
1727218434.3910894,1,0.3324112476572669,0.31050369369538894,0.3214574706763279,0.0,0.022721405353294154,6.906058010658846,-40.23294665054508,-0.08886595184159757,0
1727218434.4227388,1,0.33287133264930313,0.313292874068759,0.3230821033590311,0.0,0.0,8.537578991782656,-39.340946159796225,-0.07888642293550237,0
1727218434.474089,1,0.33287133264930313,0.313292874068759,0.3230821033590311,0.0,0.022727272727272728,8.751107208187404,-39.31516619367594,-0.08126945007176409,0
1727218434.560965,1,0.33287133264930313,0.2967552696911847,0.3148133011702439,0.0,0.0,8.96876827454726,-40.181119296282766,-0.08225731542864914,0
1727218434.6004577,1,0.33287133264930313,0.28713525510048,0.31000329387489156,0.0,0.0,7.943348213833405,-40.20647751153196,-0.08617501778237148,0
1727218434.6642356,1,0.31622776601683794,0.2967552696911847,0.3064915178540113,0.0,0.0,8.72785818056813,-39.98381168835423,-0.080539074222317,0
1727218434.739051,1,0.35752266422167156,0.28713525510048,0.3223289596610758,0.0,0.0,7.339600778297095,-40.745915337594134,-0.0872297321333214,0
1727218434.7800586,1,0.31018294626587445,0.2967552696911847,0.30346910797852955,0.0,0.0,7.128308066141624,-39.930888461655,-0.07242321445989441,0
1727218434.8481574,1,0.38263408078607625,0.28713525510048,0.3348846679432781,0.0,0.022222222222222223,7.4101117630379,-40.842824849355175,-0.07971910525380327,0
1727218434.9072888,1,0.31806307721853005,0.2967552696911847,0.3074091734548574,0.0,0.0,7.776297778857955,-40.90791230990498,-0.0857006809918624,0
1727218434.992982,1,0.3324112476572669,0.2816852104027235,0.3070482290299952,0.0,0.0,6.617613826296626,-39.98051914756309,-0.08417415646546808,0
1727218435.0239446,1,0.3580175055162441,0.31050369369538894,0.33426059960581656,0.0,0.0,7.6393344668390295,-41.333227283818175,-0.08324253645927904,0
1727218435.0720065,1,0.3401166302404319,0.29178249789114213,0.315949564065787,0.0,0.011108368642573443,7.570126764247162,-39.74218521797743,-0.07908257481453816,0
1727218435.1443605,1,0.3429673487588455,0.293629772444708,0.31829856060177675,0.0,0.0,6.375260729091962,-40.676399972680464,-0.08457945588326755,0
1727218435.2241867,1,0.31622776601683794,0.28713525510048,0.301681510558659,0.0,0.0,8.774051170707613,-41.37467642140371,-0.08732822895556416,0
1727218435.2633197,1,0.31622776601683794,0.293629772444708,0.30492876923077294,0.0,0.011111111111111112,6.841991208502787,-40.125025496504975,-0.07811321738668646,0
1727218435.3225603,1,0.33287133264930313,0.30313675443913407,0.31800404354421863,0.0,0.0,7.8293941985703395,-40.667394571315405,-0.08765754855257964,0
1727218435.3991914,1,0.31018294626587445,0.27657301661234157,0.293377981439108,0.0,0.0,8.627321726151974,-39.80662763264852,-0.08565988557998917,0
1727218435.4522493,1,0.346923013608859,0.2898113415802839,0.31836717759457145,0.0,0.011111111111111112,9.243167876811544,-38.662879479624635,-0.08277136783203962,0
1727218435.5118427,1,0.387673738831468,0.2823675880804902,0.3350206634559791,0.0,0.0,9.833793439425609,-39.36633401475293,-0.08687215278102028,0
1727218435.5616372,1,0.34627951464451867,0.2919859025739183,0.3191327086092185,0.0,0.011111111111111112,9.107200258759926,-38.12557333716632,-0.07772160312021739,0
1727218435.6315,1,0.3640054944640259,0.2919859025739183,0.32799569851897215,0.0,0.011111111111111112,9.566357439799273,-39.58081682424831,-0.08923724488924166,0
1727218435.6778188,1,0.364269164289302,0.27657301661234157,0.3204210904508218,0.0,0.011108368642573443,9.994034752942364,-39.407451531073775,-0.08722810762755952,0
1727218435.7426407,1,0.3640054944640259,0.24586176208955435,0.30493362827679016,12.0,0.022721405353294154,9.905917035966107,-38.26105156476614,-0.08548766922734258,0
1727218435.817829,1,0.3640054944640259,0.28317605697742704,0.3235907757207265,12.0,0.0,9.631168257003498,-39.209536501706054,-0.08957694796419326,0
1727218435.8709772,1,0.33365500207951265,0.2626128657194451,0.29813393389947884,12.0,0.0,9.332579872740531,-40.94016785462485,-0.08970341257639847,0
1727218435.9235878,1,0.388158028512896,0.2823675880804902,0.3352628082966931,12.0,0.011360702676647077,10.054915718441158,-40.65345013249234,-0.0941169707988953,0
1727218436.0160947,1,0.33057276130296026,0.27657301661234157,0.3035728889576509,12.0,0.011360702676647077,9.411754547261491,-39.342799046223085,-0.08944185528723801,0
1727218436.0467575,1,0.3239206002289828,0.29467816766466415,0.30929938394682344,12.0,0.015713484026367724,8.251729929038538,-39.35151932628888,-0.0806000451559364,0
1727218436.0980866,1,0.3640054944640259,0.28080557284433866,0.3224055336541823,12.0,0.011108368642573443,10.200180109129573,-40.675513828922824,-0.08529627909580854,0
1727218436.1848886,1,0.3640054944640259,0.27657301661234157,0.32028925553818377,12.0,0.0,9.69325608332163,-39.35362536090744,-0.08193338605718019,0
1727218436.2263741,1,0.24612505478009442,0.23915727835550232,0.24264116656779838,12.0,0.022727272727272728,6.424195299833104,-42.61352182586112,-0.07578366517027307,0
1727218436.2827215,1,0.25904411289894824,0.2225952877276357,0.24081970031329197,12.0,0.022721405353294154,6.225405930055049,-40.425113553735,-0.06620276905337899,0
1727218436.3625283,1,0.33287133264930313,0.293629772444708,0.31325055254700557,12.0,0.011363636363636364,7.60064696608061,-41.9798377967533,-0.07953046283834816,0
1727218436.4053462,1,0.33287133264930313,0.2770921680671338,0.3049817503582185,12.0,0.016070608663330627,6.49618740449044,-40.17620637283336,-0.07923711994021153,0
1727218436.4627085,1,0.38263408078607625,0.27854334442328355,0.3305887126046799,12.0,0.0,6.808313324279725,-40.77539116832688,-0.08239902819564766,0
1727218436.5267806,1,0.33287133264930313,0.29178249789114213,0.3123269152702226,12.0,0.0,7.191681348418333,-41.19391882924902,-0.0850728165614878,0
1727218436.6158032,1,0.33287133264930313,0.28713525510048,0.31000329387489156,12.0,0.0,6.780926308761357,-41.10396476549034,-0.07704405699464886,0
1727218436.6464212,1,0.33287133264930313,0.2770921680671338,0.3049817503582185,12.0,0.011360702676647077,8.200542272273356,-41.92915588440173,-0.07940623681376915,0
1727218436.7412043,1,0.35136418446315326,0.28713525510048,0.3192497197818166,12.0,0.0,8.027098897702725,-41.28158330410151,-0.08055725307818133,0
1727218436.7725115,1,0.33287133264930313,0.28345388743864336,0.3081626100439733,12.0,0.011360702676647077,7.36901857464477,-42.67368022012463,-0.09147982827189564,0
1727218436.821015,1,0.38263408078607625,0.28668761781189944,0.3346608492989879,12.0,0.0,8.243650832197972,-42.47918260060443,-0.08487826505266169,0
1727218436.9013236,1,0.3429673487588455,0.29178249789114213,0.31737492332499384,12.0,0.0,7.30103039901177,-41.18194231683599,-0.0833995675042277,0
1727218436.9502292,1,0.3508232077228117,0.2802176653136105,0.3155204365182111,12.0,0.0,7.185591426568516,-41.963270585602515,-0.09048824621482215,0
1727218437.021342,1,0.33287133264930313,0.3070316347601759,0.3199514837047395,12.0,0.0,6.7646742373405955,-41.94174461982009,-0.08024235479260243,0
1727218437.066557,1,0.35752266422167156,0.2770921680671338,0.3173074161444027,12.0,0.0,8.168528968820262,-42.39374154008746,-0.09349510501660353,0
1727218437.143349,1,0.3587794425286498,0.2770921680671338,0.3179358052978918,12.0,0.011360702676647077,6.631433176888998,-40.71344301401311,-0.08280217794583032,0
1727218437.1872401,1,0.33287133264930313,0.293629772444708,0.31325055254700557,12.0,0.0,5.019432714270836,-42.59148395281552,-0.08407982981537761,0
1727218437.2437985,1,0.31622776601683794,0.2939660893178147,0.3050969276673263,12.0,0.011111111111111112,6.768000601176224,-41.70413751627903,-0.08347372839604329,0
1727218437.3451636,1,0.3324112476572669,0.2967552696911847,0.31458325867422576,12.0,0.010869565217391304,6.3272401935793905,-41.63357240325471,-0.08085749038568134,0
1727218437.377222,1,0.33287133264930313,0.2967552696911847,0.3148133011702439,12.0,0.022727272727272728,6.785032453959156,-42.16203119798379,-0.08268343889480381,0
1727218437.420199,1,0.33287133264930313,0.2967552696911847,0.3148133011702439,12.0,0.027427162480049692,7.0078743512981765,-41.77371931164748,-0.08063930009148156,0
1727218437.5012014,1,0.32581898132090326,0.28713525510048,0.3064771182106916,12.0,0.011111111111111112,6.930015562268884,-40.13123652740505,-0.08215273907219318,0
1727218437.5733798,1,0.33287133264930313,0.2967552696911847,0.3148133011702439,12.0,0.0,5.156175403987319,-41.35640805580077,-0.08135426249583123,0
1727218437.6084924,1,0.31622776601683794,0.2967552696911847,0.3064915178540113,12.0,0.011360702676647077,6.805738571555681,-40.52691854491715,-0.08274967976424707,0
1727218437.6622372,1,0.3401166302404319,0.2967552696911847,0.3184359499658083,12.0,0.011363636363636364,7.7598028580873,-41.37057365146045,-0.08417920669601722,0
1727218437.7329361,1,0.3324112476572669,0.30313675443913407,0.31777400104820047,12.0,0.022721405353294154,6.678050700236257,-39.7040054412907,-0.08271885009657287,0
1727218437.8116543,1,0.3715277389995899,0.2939660893178147,0.3327469141587023,12.0,0.011111111111111112,7.215777388614237,-41.321355848181405,-0.08404499204565566,0
1727218437.8480902,1,0.3723970748786106,0.2967552696911847,0.33457617228489767,12.0,0.022721405353294154,7.262135495535365,-41.460983923922896,-0.08764353722671217,0
1727218437.9154904,1,0.33287133264930313,0.2939660893178147,0.3134187109835589,12.0,0.011360702676647077,6.821340604951454,-41.03769535696103,-0.08019760494715014,0
1727218437.9852505,1,0.31622776601683794,0.2967552696911847,0.3064915178540113,12.0,0.022727272727272728,7.907207689943592,-40.808072432605556,-0.08347203079217916,0
1727218438.030196,1,0.31622776601683794,0.2770921680671338,0.2966599670419859,12.0,0.0,7.470904576142098,-40.75292152115705,-0.07961119480325957,0
1727218438.1114755,1,0.33287133264930313,0.30313675443913407,0.31800404354421863,12.0,0.0,6.574971715662912,-42.145507335315926,-0.08626431578819709,0
1727218438.1495981,1,0.33287133264930313,0.2967552696911847,0.3148133011702439,12.0,0.0,7.3389768217695295,-41.75182517886347,-0.0817302060007784,0
1727218438.2051973,1,0.3401166302404319,0.28713525510048,0.31362594267045596,12.0,0.011363636363636364,7.4717261369483925,-41.26809185655311,-0.08007205435031921,0
1727218438.2770848,1,0.35752266422167156,0.31050369369538894,0.3340131789585302,12.0,0.0,6.214556741417697,-40.77776549257818,-0.07438520519639927,0
1727218438.353074,1,0.38263408078607625,0.27113375576182597,0.32688391827395114,12.0,0.0,7.937885424061058,-41.798846435852155,-0.08593515360564824,0
1727218438.388307,1,0.33969227994388246,0.29488833210589493,0.3172903060248887,12.0,0.011360702676647077,6.976858661637898,-41.80973146018101,-0.08126480025770423,0
1727218438.447059,1,0.3640054944640259,0.28713525510048,0.3255703747822529,12.0,0.0,7.062875924095869,-41.00326814220235,-0.08174754216848752,0
1727218438.5070956,1,0.33541019662496846,0.31050369369538894,0.3229569451601787,12.0,0.0,5.324581727773897,-40.96278732158293,-0.07662602446030582,0
1727218438.57811,1,0.3324112476572669,0.30496532313366387,0.31868828539546534,12.0,0.0,7.379481388191103,-41.759594241115046,-0.08457778047302796,0
1727218438.6413827,1,0.38263408078607625,0.2744026727719269,0.3285183767790016,12.0,0.0,7.70780512587859,-41.277635147453466,-0.08431824959808495,0
1727218438.6960268,1,0.33287133264930313,0.28713525510048,0.31000329387489156,12.0,0.0,6.803285561494926,-41.465283704643795,-0.0819305035046071,0
1727218438.7469583,1,0.38316367838318516,0.26953584668754665,0.3263497625353659,12.0,0.0,7.489518471395344,-42.040909908223796,-0.08214698926017233,0
1727218438.8107293,1,0.33287133264930313,0.3070316347601759,0.3199514837047395,12.0,0.0,7.586392795165979,-42.03631904310769,-0.08356930439151651,0
1727218438.8939126,1,0.3429673487588455,0.2638029349692527,0.3033851418640491,12.0,0.0,7.052533965928652,-44.365048777193124,-0.08506781938198991,0
1727218438.9382467,1,0.16005119473042245,0.1067007964869483,0.13337599560868538,12.0,0.011363636363636364,5.714480231698094,-42.68299929541225,-0.06174617563340036,0
1727218438.9910007,1,0.25904411289894824,0.22166305289675575,0.240353582897852,12.0,0.0,5.745612586435614,-42.09112407922358,-0.07309706614977232,0
1727218439.065188,1,0.31155879727721675,0.2638029349692527,0.28768086612323474,12.0,0.0,4.312978691034907,-41.76781090719672,-0.07207737340282806,0
1727218439.1243935,1,0.3580175055162441,0.2770921680671338,0.31755483679168894,12.0,0.0,5.748967210004671,-42.58393146777826,-0.08658513516341203,0
1727218439.1673603,1,0.31622776601683794,0.2802176653136105,0.2982227156652242,12.0,0.0,9.160846768924443,-42.4669366234647,-0.09040468805425095,0
1727218439.2285175,1,0.3671710229432346,0.29178249789114213,0.3294767604171884,12.0,0.0,6.627720070062649,-42.27180794853511,-0.08283696817934727,0
1727218439.2979257,1,0.33287133264930313,0.29211669893792624,0.3124940157936147,12.0,0.0,6.574196875100138,-42.038680521750855,-0.07495263620523036,0
1727218439.3892395,1,0.33287133264930313,0.3013502377831579,0.3171107852162305,12.0,0.011111111111111112,8.785384214390074,-42.55082282952862,-0.07904493706881668,0
1727218439.4196756,1,0.3324112476572669,0.2967552696911847,0.31458325867422576,12.0,0.0,6.780428931861076,-40.1277123341941,-0.08464588707604279,0
1727218439.4703841,1,0.35752266422167156,0.293629772444708,0.3255762183331898,12.0,0.022721405353294154,7.415079539169286,-41.331698135252125,-0.08196623999151709,0
1727218439.5585473,1,0.3324112476572669,0.3085502624497215,0.32048075505349416,12.0,0.0,5.385187574437809,-42.0886599941478,-0.08580808952104854,0
1727218439.5974407,1,0.31622776601683794,0.28713525510048,0.301681510558659,12.0,0.0,5.3193692090399285,-40.930700143753384,-0.07883131707685369,0
1727218439.6597395,1,0.33287133264930313,0.31050369369538894,0.321687513172346,12.0,0.0,5.560018222942497,-40.86410993232576,-0.07504647622076042,0
1727218439.7254562,1,0.3324112476572669,0.2802176653136105,0.30631445648543865,12.0,0.011360702676647077,6.29034896530571,-40.83472211494305,-0.08208774275867907,0
1727218439.7870796,1,0.35752266422167156,0.2939660893178147,0.3257443767697431,12.0,0.0,6.589122088808436,-41.45985727096729,-0.08624350611323976,0
1727218439.8480248,1,0.33287133264930313,0.28443649251789044,0.30865391258359676,12.0,0.0,7.003928357011181,-40.65309665652918,-0.0756551600358394,0
1727218439.8972108,1,0.38263408078607625,0.2967552696911847,0.3396946752386305,12.0,0.0,6.861227731532182,-42.18894163450577,-0.08625884004467484,0
1727218439.9701734,1,0.33287133264930313,0.28713525510048,0.31000329387489156,12.0,0.0,8.282664957397252,-42.41994464843245,-0.08467099453401172,0
1727218440.030382,1,0.38316367838318516,0.3013502377831579,0.3422569580831715,12.0,0.0,7.572442552728255,-41.1840566809809,-0.081986406936043,0
1727218440.0788221,1,0.35752266422167156,0.28713525510048,0.3223289596610758,12.0,0.0,7.007454591412248,-41.66324915905355,-0.08435353447466676,0
1727218440.158289,1,0.33287133264930313,0.29488833210589493,0.31387983237759903,12.0,0.011111111111111112,7.252630817739537,-42.30346018774153,-0.0753116167592313,0
1727218440.1956341,1,0.33287133264930313,0.2967552696911847,0.3148133011702439,12.0,0.0,6.911507016788355,-41.387386677229266,-0.08221078963158704,0
1727218440.278025,1,0.3580175055162441,0.3057185371280895,0.3318680213221668,12.0,0.0,5.721302865297338,-40.44736028409987,-0.07795341459551854,0
1727218440.3224392,1,0.3580175055162441,0.2967552696911847,0.3273863876037144,12.0,0.0,6.135334970666908,-42.099517825917545,-0.08388860610941865,0
1727218440.373475,1,0.38263408078607625,0.27113375576182597,0.32688391827395114,12.0,0.010869565217391304,6.484527680449423,-40.686533107290295,-0.07821594788724717,0
1727218440.4579988,1,0.33969227994388246,0.2967552696911847,0.3182237748175336,12.0,0.011111111111111112,6.788371978002933,-40.97738151787575,-0.08098940549953511,0
1727218440.4978275,1,0.3635513389603322,0.2681095788024182,0.3158304588813752,12.0,0.0,6.556877789955421,-40.89263501237032,-0.08620241964444499,0
1727218440.5561154,1,0.33287133264930313,0.2967552696911847,0.3148133011702439,12.0,0.022721405353294154,7.510301170224524,-42.24088953631001,-0.08339786839078282,0
1727218440.6303189,1,0.38316367838318516,0.27113375576182597,0.3271487170725056,12.0,0.0,6.971763082496577,-41.64542283436674,-0.09003506165902969,0
1727218440.6749613,1,0.31622776601683794,0.2967552696911847,0.3064915178540113,12.0,0.0,8.221021078700716,-41.68473242489577,-0.08210442813648201,0
1727218440.7498357,1,0.33287133264930313,0.27113375576182597,0.30200254420556455,12.0,0.011111111111111112,6.830042487104528,-40.92277233374161,-0.0781253103392602,0
1727218440.8337355,1,0.33287133264930313,0.3013502377831579,0.3171107852162305,12.0,0.0,6.965338650648788,-41.1612372941951,-0.08160701331105669,0
1727218440.8649013,1,0.33287133264930313,0.2967552696911847,0.3148133011702439,12.0,0.0,7.831411067754418,-41.19070360890976,-0.0846721102482349,0
1727218440.9145145,1,0.35752266422167156,0.2967552696911847,0.32713896695642813,12.0,0.0,7.15234221935123,-41.07162607589708,-0.09052008245471013,0
1727218441.0012267,1,0.38316367838318516,0.2784547685940997,0.3308092234886424,12.0,0.0,9.203606118913829,-42.41641367494744,-0.08569075957110886,0
1727218441.0431626,1,0.3580175055162441,0.28713525510048,0.32257638030836205,12.0,0.0,6.231431959371024,-41.661524275528556,-0.07883790784819023,0
1727218441.0951765,1,0.33287133264930313,0.28713525510048,0.31000329387489156,12.0,0.011363636363636364,7.324504746305463,-41.990475392655554,-0.08441678627037152,0
1727218441.1688309,1,0.3580175055162441,0.2967552696911847,0.3273863876037144,12.0,0.0,7.726837434009384,-40.03205899165231,-0.08468326658198315,0
1727218441.2340174,1,0.33287133264930313,0.2967552696911847,0.3148133011702439,12.0,0.011363636363636364,6.880286213315694,-40.84807816206414,-0.0778157460039286,0
1727218441.2763884,1,0.33287133264930313,0.3013502377831579,0.3171107852162305,12.0,0.011363636363636364,6.996525243763129,-42.416733943136855,-0.0837415175366923,0
1727218441.3396547,1,0.354663880836772,0.3013502377831579,0.328007059309965,12.0,0.011111111111111112,6.947949823884613,-41.26603722723634,-0.07185750173868802,0
1727218441.4347575,1,0.35116849077071005,0.30043799185654446,0.32580324131362726,12.0,0.0,7.783825662035255,-41.59876719772892,-0.08373926129556523,0
1727218441.46472,1,0.38316367838318516,0.28713525510048,0.33514946674183255,12.0,0.011363636363636364,8.161879697139046,-40.94820222749399,-0.0825851218777288,0
1727218441.5164232,1,0.3580175055162441,0.31132189561769025,0.3346697005669672,12.0,0.0,6.914306592766258,-42.60261050271708,-0.07559457468816443,0
1727218441.6032398,1,0.33287133264930313,0.293629772444708,0.31325055254700557,12.0,0.011360702676647077,7.011262852628363,-42.04481391486611,-0.08115079658811708,0
1727218441.6415062,1,0.33287133264930313,0.2854430422353522,0.3091571874423277,12.0,0.011360702676647077,7.668906402239546,-42.469666487130844,-0.08643279880368271,0
1727218441.708882,1,0.31018294626587445,0.253746841249354,0.28196489375761424,12.0,0.022727272727272728,6.830697373924302,-42.57717380316505,-0.0779946072267893,0
1727218441.7747264,1,0.32605707420630536,0.2802176653136105,0.3031373697599579,12.0,0.0,8.89709301729637,-43.06333348036371,-0.08453309061734217,0
1727218441.8213701,1,0.3324112476572669,0.2770921680671338,0.30475170786220035,12.0,0.0,8.005637030204714,-42.74408444205794,-0.07143358331323105,0
1727218441.8951511,1,0.33287133264930313,0.2802176653136105,0.3065444989814568,12.0,0.0,6.18007825869376,-42.79947324467293,-0.08217918302591973,0
1727218441.9493036,1,0.33287133264930313,0.28475822067233597,0.3088147766608196,12.0,0.0,6.8339786423770255,-42.81870044378121,-0.08501672025501424,0
1727218442.001829,1,0.31622776601683794,0.2681095788024182,0.29216867240962807,12.0,0.0,8.147013971710773,-41.87762132268114,-0.08414609410963855,0
1727218442.058781,1,0.36202109035655916,0.3070316347601759,0.33452636255836754,12.0,0.011624763874381928,8.419187585320863,-43.09779709322044,-0.08781098767243248,0
1727218442.1268923,1,0.3401166302404319,0.2770921680671338,0.3086043991537829,12.0,0.0,6.905891806543147,-41.51865203485072,-0.07497405970596614,0
1727218442.1964307,1,0.33287133264930313,0.2770921680671338,0.3049817503582185,12.0,0.0,7.701896851662023,-41.44983960189332,-0.07982213598300279,0
1727218442.2758164,1,0.31622776601683794,0.29866738018151734,0.30744757309917764,12.0,0.0,9.793896418097797,-42.155048219237614,-0.08453923687334819,0
1727218442.3040552,1,0.31622776601683794,0.2967552696911847,0.3064915178540113,12.0,0.0,8.342179723725652,-42.013746865181034,-0.0882279557021212,0
1727218442.3585124,1,0.32605707420630536,0.2919859025739183,0.30902148839011184,12.0,0.0,9.555024542234001,-40.91294281458222,-0.08098473960645756,0
1727218442.439427,1,0.3081505296702964,0.28713525510048,0.2976428923853882,12.0,0.0,6.004661345158132,-41.18170598210612,-0.07660259651532723,0
1727218442.492905,1,0.31622776601683794,0.2967552696911847,0.3064915178540113,12.0,0.0,7.985515761396693,-41.73794031447041,-0.08121712431495,0
1727218442.544598,1,0.3097959430630629,0.29178249789114213,0.30078922047710255,12.0,0.0,9.024743247921357,-41.168201222258915,-0.08788787549779466,0
1727218442.6008165,1,0.3324112476572669,0.2854430422353522,0.3089271449463096,12.0,0.011111111111111112,8.757691643637145,-41.41585349759112,-0.07471277907493468,0
1727218442.6907418,1,0.3324112476572669,0.2802176653136105,0.30631445648543865,12.0,0.0,7.829605048601287,-42.54575428336548,-0.08367098124460934,0
1727218442.7248652,1,0.31018294626587445,0.28713525510048,0.29865910068317725,12.0,0.011363636363636364,9.952943992969496,-43.29257289111845,-0.08460625793500123,0
1727218442.789097,1,0.26177759028882014,0.2681095788024182,0.26494358454561917,12.0,0.011904761904761904,9.062142852045156,-43.248807326749514,-0.0836867865411508,0
1727218442.8613226,1,0.3580175055162441,0.28668761781189944,0.3223525616640718,12.0,0.011363636363636364,6.790168513019585,-40.87866300911952,-0.0758297740437896,0
1727218442.9146662,1,0.35752266422167156,0.27293819065935887,0.3152304274405152,12.0,0.011363636363636364,5.819024201625438,-41.28405663117874,-0.07752017974742201,0
1727218442.9695148,1,0.31622776601683794,0.2770921680671338,0.2966599670419859,12.0,0.0,6.527344917499674,-42.19900508300717,-0.07671289193863405,0
1727218443.0209382,1,0.3640054944640259,0.28992134818515547,0.32696342132459066,12.0,0.0,7.458018844127219,-42.896367800516266,-0.08152304324258648,0
1727218443.0847476,1,0.3158332209274327,0.28992134818515547,0.3028772845562941,12.0,0.0,7.287089045075163,-43.3392995135658,-0.0806679968311701,0
1727218443.18533,1,0.33489057830505586,0.2697044602861028,0.30229751929557935,12.0,0.011360702676647077,7.929729900571792,-41.733866323945854,-0.0838029767262222,0
1727218443.2143319,1,0.35752266422167156,0.26602969626022877,0.31177618024095016,12.0,0.011111111111111112,6.300348908364649,-41.78611989532959,-0.08066565462284722,0
1727218443.2599363,1,0.3401166302404319,0.26067743772277596,0.30039703398160394,12.0,0.0,8.70573360122282,-42.784744830134656,-0.08927534744712014,0
1727218443.339119,1,0.31622776601683794,0.2770921680671338,0.2966599670419859,12.0,0.0,6.717362485632043,-43.06925526241482,-0.0740127977971413,0
1727218443.3955338,1,0.31622776601683794,0.26067743772277596,0.2884526018698069,12.0,0.0,7.160121720252384,-41.14980391556804,-0.07777020722616408,0
1727218443.4536219,1,0.3158332209274327,0.2642393261740669,0.2900362735507498,12.0,0.0,7.047486568064006,-41.70961809474423,-0.0852669241679282,0
1727218443.5185843,1,0.3097959430630629,0.2882957255085248,0.29904583428579384,12.0,0.0,6.815172381202955,-41.674144268428606,-0.07980201399845009,0
1727218443.5738244,1,0.3640054944640259,0.28992134818515547,0.32696342132459066,12.0,0.0,6.520758439681295,-42.452705073403536,-0.08003016038191003,0
1727218443.6371965,1,0.3401166302404319,0.28992134818515547,0.3150189892127937,12.0,0.0,7.5901853335818075,-41.86233402485694,-0.07773861801398939,0
1727218443.6926804,1,0.3081505296702964,0.27396667082065707,0.2910586002454767,12.0,0.011627906976744186,9.165974535055009,-42.57919952619743,-0.08500505201785404,0
1727218443.7525778,1,0.2927430031867816,0.2854430422353522,0.2890930227110669,12.0,0.011111111111111112,8.531929766967862,-41.310816509256455,-0.07643901778696396,0
1727218443.8077736,1,0.31622776601683794,0.2967552696911847,0.3064915178540113,12.0,0.011363636363636364,7.6776846071079525,-40.91237250878596,-0.08333100911426099,0
1727218443.885646,1,0.3081505296702964,0.2827601846337118,0.2954553571520041,12.0,0.0,6.955042156755225,-41.43729458185412,-0.07525577622460432,0
1727218443.9251316,1,0.33287133264930313,0.2967552696911847,0.3148133011702439,12.0,0.011363636363636364,8.828083580664046,-41.222679011071975,-0.08696888211453659,0
1727218443.993656,1,0.33287133264930313,0.29866738018151734,0.31576935641541026,12.0,0.022727272727272728,6.963178614836599,-42.92456731530065,-0.07840775297816951,0
1727218444.0853736,1,0.31622776601683794,0.2854430422353522,0.3008354041260951,12.0,0.0,7.057359064918893,-41.503568080529014,-0.0859104156010079,0
1727218444.1161108,1,0.31622776601683794,0.2802176653136105,0.2982227156652242,12.0,0.022727272727272728,7.072204835076902,-42.46674116966135,-0.08319712937205512,0
1727218444.1628067,1,0.31622776601683794,0.2854430422353522,0.3008354041260951,12.0,0.0,6.896114119607749,-41.7132776322467,-0.0838345345694272,0
1727218444.225253,1,0.32650836449039417,0.2967552696911847,0.31163181709078946,12.0,0.022727272727272728,6.5884204269957305,-43.481705049507624,-0.09007911936398136,0
1727218444.2940843,1,0.2866981834358181,0.27113375576182597,0.27891596959882203,12.0,0.011363636363636364,9.042596618328215,-42.57264878284633,-0.08828789681473306,0
1727218444.3805697,1,0.31622776601683794,0.2841110781410722,0.3001694220789551,12.0,0.0,6.416926437371674,-40.93126531854164,-0.0790036942022179,0
1727218444.4126902,1,0.3401166302404319,0.2967552696911847,0.3184359499658083,12.0,0.0,9.226900121213376,-41.6544038401299,-0.07920790480065622,0
1727218444.4686162,1,0.31622776601683794,0.2967552696911847,0.3064915178540113,12.0,0.011363636363636364,9.074767115757616,-41.97957962474721,-0.08069668336594338,0
1727218444.559256,1,0.29917582261858355,0.27113375576182597,0.28515478919020476,12.0,0.0,7.407124619772219,-41.65733276830984,-0.08072184886535479,0
1727218444.590918,1,0.3158332209274327,0.2939660893178147,0.30489965512262374,12.0,0.0,7.102395361491164,-41.43025124379746,-0.0845682858547081,0
1727218444.6774855,1,0.31622776601683794,0.29488833210589493,0.3055580490613664,12.0,0.0,7.9812913069981555,-41.918889591412224,-0.08622050010282858,0
1727218444.7155125,1,0.31622776601683794,0.28713525510048,0.301681510558659,12.0,0.011363636363636364,9.578698853224791,-42.04763715346583,-0.09027292711467297,0
1727218444.7887611,1,0.31018294626587445,0.2967552696911847,0.30346910797852955,12.0,0.026241451764924945,8.706731328778332,-42.55545320233509,-0.07849385218342521,0
1727218444.8367612,1,0.2692582403567252,0.3013502377831579,0.2853042390699415,12.0,0.0,8.02530233770416,-42.412790166365795,-0.08530237036213212,0
1727218444.9103558,1,0.2692582403567252,0.2967552696911847,0.28300675502395495,12.0,0.0,7.045593071142506,-41.85412022834973,-0.08015695516075651,0
1727218444.9568248,1,0.2621046080181822,0.2770921680671338,0.269598388042658,12.0,0.0,10.678703114376138,-42.025650004036976,-0.08761065570486753,0
1727218445.0332255,1,0.3158332209274327,0.2802176653136105,0.2980254431205216,12.0,0.011111111111111112,9.392858800570242,-41.31513366181707,-0.08060824925969531,0
1727218445.079063,1,0.31622776601683794,0.2802176653136105,0.2982227156652242,12.0,0.0,6.829726431613693,-41.663244595813865,-0.08301354567953889,0
1727218445.1648917,1,0.3401166302404319,0.30313675443913407,0.321626692339783,12.0,0.0,8.996749219923174,-42.58817233059355,-0.08762898463246627,0
1727218445.197037,1,0.3081505296702964,0.2770921680671338,0.2926213488687151,12.0,0.0,8.34065901619298,-42.40005164044851,-0.08812939251124129,0
1727218445.2487793,1,0.2834297266912897,0.2770921680671338,0.28026094737921176,12.0,0.0,8.70889417121335,-42.553545341531596,-0.09069420080069845,0
1727218445.3292391,1,0.31622776601683794,0.28668761781189944,0.30145769191436866,12.0,0.011363636363636364,7.807897663704786,-41.87374947187034,-0.07867477407936044,0
1727218445.3842895,1,0.33287133264930313,0.2697044602861028,0.30128789646770293,12.0,0.0,8.075462981224259,-42.18363118981123,-0.08251130723498293,0
1727218445.4482782,1,0.3587794425286498,0.27293819065935887,0.31585881659400433,12.0,0.011360702676647077,8.331443475721802,-42.53119505267819,-0.0780448570032065,0
1727218445.4938784,1,0.35752266422167156,0.28345388743864336,0.3204882758301575,12.0,0.0,7.518460265304469,-41.92574395220332,-0.08322891693424361,0
1727218445.5487025,1,0.3401166302404319,0.28992134818515547,0.3150189892127937,12.0,0.0,7.994893870607095,-42.276179979221325,-0.08988384272169912,0
1727218445.6236398,1,0.3640054944640259,0.28992134818515547,0.32696342132459066,12.0,0.0,7.280604036324581,-42.84567811075458,-0.08316476169747877,0
1727218445.670809,1,0.38316367838318516,0.28992134818515547,0.3365425132841703,12.0,0.0,7.466372039499539,-42.27807496733874,-0.0796853248403677,0
1727218445.7472274,1,0.31622776601683794,0.28992134818515547,0.30307455710099673,12.0,0.016070608663330627,8.308383995367825,-41.642425323024845,-0.08511222846824527,0
1727218445.804733,1,0.3640054944640259,0.27293819065935887,0.31847184256169236,0.0,0.011363636363636364,8.29484736501885,-42.53702834857249,-0.07462611519517841,0
1727218445.8558674,1,0.3158332209274327,0.28992134818515547,0.3028772845562941,0.0,0.011363636363636364,7.2221842440614346,-41.54719154867374,-0.08527135574799788,0
1727218445.9107285,1,0.3401166302404319,0.28992134818515547,0.3150189892127937,0.0,0.022727272727272728,5.987136340904576,-42.53101788578049,-0.07492931543573281,0
1727218445.9779775,1,0.3401166302404319,0.27293819065935887,0.3065274104498954,0.0,0.0,7.34763507066544,-41.868414533416384,-0.08086508425636764,0
1727218446.0653903,1,0.3640054944640259,0.2802176653136105,0.3221115798888182,0.0,0.011111111111111112,6.92746763320439,-42.24845376055044,-0.07748361189796638,0
1727218446.0950913,1,0.3081505296702964,0.27396667082065707,0.2910586002454767,0.0,0.0,8.811603651687381,-42.90983571515875,-0.07924308089021058,0
1727218446.1523595,1,0.33969227994388246,0.2770921680671338,0.30839222400550814,0.0,0.015713484026367724,7.288624621914943,-43.35080324891366,-0.0778891591047118,0
1727218446.2342768,1,0.3640054944640259,0.28345388743864336,0.32372969095133464,0.0,0.011111111111111112,8.292267803288668,-41.13387617305954,-0.08224870152591343,0
1727218446.2856371,1,0.3635513389603322,0.28992134818515547,0.32673634357274384,0.0,0.0,7.150292515068177,-43.1243988196245,-0.08010744062319312,0
1727218446.3380527,1,0.28558937084823854,0.2590374718794461,0.2723134213638423,0.0,0.011111111111111112,8.6317138888407,-40.82719043303132,-0.0829213166015256,0
1727218446.4169908,1,0.33287133264930313,0.2473882046248949,0.290129768637099,0.0,0.011363636363636364,6.503122905813353,-44.825963494966096,-0.07733167053791885,0
1727218446.4511712,1,0.15572095586205945,0.12403473458920844,0.13987784522563396,0.0,0.0,7.175100153961016,-44.17494942350803,-0.07540313077162632,0
1727218446.5168986,1,0.1325438946178258,0.15113781655796352,0.14184085558789467,0.0,0.0,5.5366229816172465,-43.579677966540196,-0.06625839744702818,0
1727218446.596893,1,0.16552117772047362,0.11034181924735083,0.13793149848391223,0.0,0.0,4.958179166706391,-44.17104689642916,-0.05667494287086314,0
1727218446.6348069,1,0.16005119473042245,0.10699546922832877,0.1335233319793756,0.0,0.011624763874381928,4.285343514017371,-43.218808140007184,-0.05976364784999746,0
1727218446.7210972,1,0.11752512368056713,0.11066779283565621,0.11409645825811167,0.0,0.011363636363636364,4.653029251179553,-42.10699291331572,-0.054308605392559044,0
1727218446.7582915,1,0.18872317917035095,0.11254732104810782,0.15063525010922937,0.0,0.011627906976744186,5.013139831458048,-43.603150805446795,-0.06228315205845365,0
1727218446.8400738,1,0.18950356780267952,0.11086476918761122,0.15018416849514538,0.0,0.0,2.550860865375202,-44.40848875097422,-0.0694181295685425,0
1727218446.8808522,1,0.20194218076158924,0.11066779283565621,0.15630498679862273,0.0,0.0,2.880531447431767,-44.517535057375596,-0.0685085508659901,0
1727218446.9618194,1,0.1929753539084923,0.12403473458920844,0.15850504424885037,0.0,0.011111111111111112,2.479745641468532,-45.752736670880736,-0.06714992200047379,0
1727218447.0017598,1,0.18005263846568273,0.11066779283565621,0.14536021565066948,0.0,0.0,2.815364549243845,-44.449946266843874,-0.06781696856222345,0
1727218447.0620642,1,0.1330919764650002,0.10075854437197569,0.11692526041848794,0.0,0.011363636363636364,4.551117444882574,-45.007827755747826,-0.07714086375282521,0
1727218447.1578004,1,0.16898462446469953,0.1146004951752264,0.14179255981996297,0.0,0.0,4.4502633709387265,-45.218165523567144,-0.06341127173097964,0
1727218447.1869576,1,0.16095639727077776,0.12803687993289598,0.14449663860183687,0.0,0.0,1.6692050543102424,-45.08019665871373,-0.06704855294416626,0
1727218447.2336192,1,0.12645440821508902,0.0970142500145332,0.11173432911481111,0.0,0.022727272727272728,4.816037942167366,-46.69945918907861,-0.07237558799116615,0
1727218447.301233,1,0.16898462446469953,0.12844244597847712,0.1487135352215883,0.0,0.011363636363636364,3.747229410622994,-44.56569296170514,-0.06388326720597698,0
1727218447.3698163,1,0.1793828805147865,0.09730085108210398,0.13834186579844526,0.0,0.0,4.03658364953006,-43.456932668223914,-0.05934646388835044,0
1727218447.4237905,1,0.22494775318685925,0.08977315257075452,0.1573604528788069,0.0,0.011363636363636364,4.66158609521,-42.199044259552764,-0.0703145998020423,0
1727218447.4769487,1,0.17712217844541228,0.12403473458920844,0.15057845651731036,0.0,0.011363636363636364,4.414360332994961,-42.8167324407142,-0.06176453243956356,0
1727218447.537045,1,0.16552117772047362,0.10044039219036509,0.13298078495541935,0.0,0.011363636363636364,6.646816513581792,-44.15146305160078,-0.0692614523676496,0
1727218447.5964963,1,0.1653906679155003,0.10699546922832877,0.13619306857191454,0.0,0.0,3.4273306429580375,-43.177739624649625,-0.06481330399982702,0
1727218447.6640182,1,0.17712217844541228,0.1259481804649696,0.15153517945519096,0.0,0.011363636363636364,6.129322545215745,-44.25072350155055,-0.07005751701136122,0
1727218447.7426329,1,0.16552117772047362,0.12366938848016845,0.14459528310032105,0.0,0.0,5.107142056797072,-43.1786832897643,-0.07183317613526143,0
1727218447.783812,1,0.16838491060493602,0.11034181924735083,0.13936336492614343,0.0,0.011627906976744186,6.695944168740143,-44.086101882256216,-0.07422501262899915,0
1727218447.8413413,1,0.16552117772047362,0.0970142500145332,0.1312677138675034,0.0,0.022727272727272728,5.696787426933899,-44.37154280340454,-0.06882154497625706,0
1727218447.911497,1,0.1778545958156565,0.1212678125181665,0.1495612041669115,0.0,0.011363636363636364,4.440902950809251,-43.65068383346032,-0.06691668477417097,0
1727218447.9725766,1,0.18950356780267952,0.10044039219036509,0.1449719799965223,0.0,0.0,5.206816951427399,-44.758077350009444,-0.07142829321022537,0
1727218448.027229,1,0.17712217844541228,0.09407208683835974,0.135597132641886,0.0,0.022721405353294154,3.4951312155461913,-42.98809718552058,-0.06570718305990733,0
1727218448.0778902,1,0.18872317917035095,0.12555049023795636,0.15713683470415366,0.0,0.0,5.137959981526075,-44.58700313545178,-0.06481330399982702,0
1727218448.1428146,1,0.16552117772047362,0.0970142500145332,0.1312677138675034,0.0,0.011627906976744186,6.318345217430212,-44.35045998124387,-0.07710227815990982,0
1727218448.2259233,1,0.17712217844541228,0.10044039219036509,0.1387812853178887,0.0,0.0,2.9345720978426066,-44.95650688468099,-0.06808667487861038,0
1727218448.257328,1,0.18005263846568273,0.1345953817509841,0.1573240101083334,0.0,0.0,2.664889589023878,-43.72395084736718,-0.06129394598147247,0
1727218448.329849,1,0.17712217844541228,0.1146004951752264,0.14586133681031935,0.0,0.011363636363636364,3.6869716259522445,-43.598714934921354,-0.06718648990641837,0
1727218448.405859,1,0.1407195089460584,0.11066779283565621,0.1256936508908573,0.0,0.0,4.877380856331027,-44.953327012681484,-0.07033004861503542,0
1727218448.4430642,1,0.16064877438748623,0.12803687993289598,0.1443428271601911,0.0,0.0,0.24884653272323423,-43.747695562207355,-0.060886472359935086,0
1727218448.5214245,1,0.16838491060493602,0.09730085108210398,0.13284288084352,0.0,0.011624763874381928,3.5668958705502627,-44.04586228384001,-0.06647547183070254,0
1727218448.5765545,1,0.23505024736113425,0.12803687993289598,0.18154356364701513,0.0,0.011627906976744186,1.9027428342388621,-43.87007019953617,-0.06178364831296685,0
1727218448.6259549,1,0.14804664203952106,0.12366938848016845,0.13585801525984476,0.0,0.022727272727272728,3.2623720854684883,-43.014102671254875,-0.06388400659136488,0
1727218448.7047553,1,0.20093998012988948,0.1067007964869483,0.15382038830841888,0.0,0.016070608663330627,2.820013934912268,-42.20119435251793,-0.060842236718295466,0
1727218448.750984,1,0.18950356780267952,0.14758398681133866,0.1685437773070091,0.0,0.0,3.066723372380859,-43.89845846147012,-0.05772778750239514,0
1727218448.8036225,1,0.17712217844541228,0.1212678125181665,0.14919499548178938,0.0,0.0,3.9273767541688756,-44.868226086347455,-0.06072333960533107,0
1727218448.8717444,1,0.17762851336695246,0.11066779283565621,0.14414815310130433,0.0,0.0,1.8808972375754718,-43.02388753345585,-0.06385664363024016,0
1727218448.9609056,1,0.16838491060493602,0.12844244597847712,0.14841367829170657,0.0,0.011360702676647077,3.153042586577449,-43.91100158918671,-0.06695902371214578,0
1727218448.9896917,1,0.15678390987999735,0.11066779283565621,0.13372585135782677,0.0,0.0,3.8702036050662803,-43.56963035221595,-0.06748041970761233,0
1727218449.0394125,1,0.1412811624583021,0.12366938848016845,0.13247527546923527,0.0,0.0,2.3544790561842994,-42.584550098825076,-0.066746352789038,0
1727218449.1014323,1,0.15288216318324077,0.10699546922832877,0.12993881620578476,0.0,0.023809523809523808,2.9196773645477503,-44.1873948514408,-0.06577615794630201,0
1727218449.1682613,1,0.16838491060493602,0.12366938848016845,0.14602714954255225,0.0,0.0,3.5731593718746835,-43.309800295449534,-0.05637997430200807,0
1727218449.2500079,1,0.18872317917035095,0.11066779283565621,0.14969548600300359,0.0,0.0,1.848395423144449,-42.60621448642385,-0.06492398402885816,0
1727218449.2890642,1,0.14804664203952106,0.11066779283565621,0.12935721743758863,0.0,0.022727272727272728,1.5740072208929967,-43.53964167012387,-0.06468929279234063,0
1727218449.3469656,1,0.11704114719613058,0.12366938848016845,0.12035526783814951,0.0,0.0,3.9874886885727223,-43.63307445804001,-0.061424812473303336,0
1727218449.4190128,1,0.1778545958156565,0.10699546922832877,0.14242503252199262,0.0,0.0,2.1280659761722327,-43.64488458208032,-0.06262123272066014,0
1727218449.4697497,1,0.15288216318324077,0.1345953817509841,0.14373877246711242,0.0,0.011627906976744186,3.09837314212222,-44.072262189873534,-0.06267325718415073,0
1727218449.5402946,1,0.1778545958156565,0.10699546922832877,0.14242503252199262,0.0,0.0,4.083891711332205,-44.289761502986536,-0.06351547117263626,0
1727218449.601555,1,0.16838491060493602,0.1349930056061822,0.1516889581055591,0.0,0.0,5.60332461061723,-44.3419373408524,-0.06581779524554289,0
1727218449.662413,1,0.2016902253537297,0.10153461651336192,0.15161242093354582,0.0,0.011627906976744186,1.1818684198917464,-41.81628381919225,-0.07019963463341704,0
1727218449.7153335,1,0.14124491030928973,0.09978965644164195,0.12051728337546584,0.0,0.011111111111111112,3.809849484758154,-44.25511216316614,-0.0633635806295778,0
1727218449.786896,1,0.16005119473042245,0.12403473458920844,0.14204296465981545,0.0,0.011624763874381928,3.3481225998514197,-43.68685155072447,-0.06871095620653116,0
1727218449.8293145,1,0.12645440821508902,0.11606730869474828,0.12126085845491866,0.0,0.0,2.605708267012452,-44.507541035485694,-0.06777307475602513,0
1727218449.889847,1,0.1325438946178258,0.08952591125146146,0.11103490293464363,0.0,0.011363636363636364,5.476488759656357,-44.784448922213606,-0.07139985219136012,0
1727218449.9731152,1,0.11103498152964081,0.10699546922832877,0.10901522537898478,0.0,0.011627906976744186,5.264402653581889,-43.94332509763104,-0.0672188218558538,0
1727218450.009837,1,0.12598402440927728,0.08977315257075452,0.1078785884900159,0.0,0.0,5.494788217741375,-43.88148567843381,-0.06752450375233682,0
1727218450.0676458,1,0.15288216318324077,0.10699546922832877,0.12993881620578476,0.0,0.022727272727272728,4.93092197493674,-43.11953087319394,-0.06286514794520034,0
1727218450.1533005,1,0.15743222653903335,0.09407208683835974,0.12575215668869655,0.0,0.0,4.339705741909284,-43.17543191350409,-0.06927440869416986,0
1727218450.1969876,1,0.1162476387438193,0.08422130075097546,0.10023446974739739,0.0,0.011627906976744186,5.778371714410326,-43.90362703371701,-0.06550126486299845,0
1727218450.2678053,1,0.15288216318324077,0.0910502907211971,0.12196622695221893,0.0,0.0,2.970493612445887,-43.30525548887553,-0.06355413031076368,0
1727218450.3113127,1,0.1822863612755332,0.07437051466359121,0.1283284379695622,0.0,0.022727272727272728,2.9828609215718584,-43.55390538851911,-0.06178823524257806,0
1727218450.3873544,1,0.1412811624583021,0.1067007964869483,0.1239909794726252,0.0,0.022727272727272728,4.239095136355671,-45.22858229577384,-0.06127313558229736,0
1727218450.4407322,1,0.16005119473042245,0.1345953817509841,0.1473232882407033,0.0,0.0,3.369273562935921,-41.934515394546246,-0.05231328566197711,0
1727218450.5017176,1,0.17712217844541228,0.12162606385262997,0.14937412114902113,0.0,0.03970015770201273,5.179793930373572,-43.08298450161197,-0.06025402849926074,0
1727218450.5554016,1,0.11752512368056713,0.12162606385262997,0.11957559376659854,0.0,0.038797881390603355,4.049635323083902,-43.98322893760755,-0.06146632352082417,0
1727218450.6306639,1,0.1162476387438193,0.11034181924735083,0.11329472899558507,0.0,0.023255813953488372,4.624478992546636,-42.13753652735058,-0.06277266210517249,0
1727218450.6731446,1,0.16005119473042245,0.12366938848016845,0.14186029160529545,0.0,0.0,5.605622721531481,-43.253640084357116,-0.0588525341533953,0
1727218450.7456543,1,0.16552117772047362,0.1067007964869483,0.13611098710371095,0.0,0.03488372093023256,5.935226382977393,-42.77563431753725,-0.06798044939513753,0
1727218450.80484,1,0.1778545958156565,0.11066779283565621,0.14426119432565634,12.0,0.011627906976744186,4.592318561473665,-42.84360834693309,-0.06484317708781123,0
1727218450.8544638,1,0.1316452815812904,0.12803687993289598,0.1298410807570932,12.0,0.011627906976744186,6.553125141941769,-44.03501818908705,-0.06234909666985935,0
1727218450.927612,1,0.1325438946178258,0.1305134909379187,0.13152869277787227,12.0,0.0,5.8063094110622195,-43.18550698425177,-0.06854921755804795,0
1727218450.9762897,1,0.14704292441876157,0.10273973946193064,0.1248913319403461,12.0,0.011363636363636364,6.376631441276416,-43.44639888010548,-0.0618157496725788,0
1727218451.0570693,1,0.1412811624583021,0.10699546922832877,0.12413831584331544,12.0,0.03409090909090909,5.973993836784869,-42.03410034134093,-0.06170102526934288,0
1727218451.0921547,1,0.14804664203952106,0.12162606385262997,0.13483635294607552,12.0,0.011360702676647077,5.6770121982737285,-42.32451007412504,-0.06911672230330963,0
1727218451.1867476,1,0.14902435141397327,0.1212678125181665,0.1351460819660699,12.0,0.03970015770201273,5.520576869347917,-42.87011816030024,-0.068596746325436,0
1727218451.2182229,1,0.14958076038650303,0.10018294368245276,0.1248818520344779,12.0,0.0,4.422854822570388,-42.39299728333858,-0.06335985325049698,0
1727218451.2698708,1,0.18005263846568273,0.11606730869474828,0.1480599735802155,12.0,0.0,3.5139325693003536,-43.412879743045494,-0.06687431903090924,0
1727218451.3502736,1,0.18872317917035095,0.14452544772135997,0.16662431344585546,12.0,0.0,3.479034980823343,-43.33337089737383,-0.060735006476115995,0
1727218451.4067667,1,0.1162476387438193,0.09258086389703257,0.10441425132042594,12.0,0.0,5.0904457613661975,-44.66225072506711,-0.06560718466129772,0
1727218451.4870784,1,0.1793828805147865,0.11034181924735083,0.14486234988106866,12.0,0.011111111111111112,3.901955660991476,-43.6208426728993,-0.06219435768191909,0
1727218451.521381,1,0.1793828805147865,0.1533929977694741,0.1663879391421303,12.0,0.011904761904761904,5.043712689414672,-44.52721260069934,-0.06542261497238622,0
1727218451.5866783,1,0.1793828805147865,0.13015404797795802,0.15476846424637225,12.0,0.011627906976744186,5.673448521485037,-43.00463301030061,-0.07066839967141762,0
1727218451.6373518,1,0.16620562382863344,0.11958858700985768,0.14289710541924555,12.0,0.011627906976744186,3.9903220637641095,-43.57039126103038,-0.06353703397771772,0
1727218451.7038562,1,0.17712217844541228,0.1345953817509841,0.1558587800981982,12.0,0.0,2.5043415253380603,-43.882076490985,-0.05994515437512238,0
1727218451.7876122,1,0.17712217844541228,0.11958858700985768,0.148355382727635,12.0,0.0,2.475779497010059,-41.84869017777721,-0.06062369098088723,0
1727218451.8173928,1,0.15732919388188818,0.1345953817509841,0.14596228781643614,12.0,0.011363636363636364,3.7128036877164483,-43.97854063519934,-0.06124383489287094,0
1727218451.868512,1,0.14804664203952106,0.11958858700985768,0.13381761452468938,12.0,0.0,2.584239503142683,-42.65852232533529,-0.053418520435859415,0
1727218451.9627903,1,0.14804664203952106,0.09258086389703257,0.12031375296827682,12.0,0.0,4.672049575851739,-42.619241447520615,-0.06783716410179064,0
1727218451.9941676,1,0.16838491060493602,0.13015404797795802,0.14926947929144702,12.0,0.011627906976744186,2.6327952362427336,-44.123982267631575,-0.06217384866303048,0
1727218452.052704,1,0.15732919388188818,0.1067007964869483,0.13201499518441823,12.0,0.0,4.356454822929214,-43.16205406868214,-0.06473235889441857,0
1727218452.131908,1,0.1793828805147865,0.11034181924735083,0.14486234988106866,12.0,0.028064662604917655,3.5039830926038453,-42.61798229665572,-0.06520565752475328,0
1727218452.1808105,1,0.18872317917035095,0.12403473458920844,0.1563789568797797,12.0,0.0,3.224381975608817,-43.56636573319744,-0.07109289435481336,0
1727218452.2544336,1,0.1793828805147865,0.1067007964869483,0.1430418385008674,12.0,0.011627906976744186,3.6330371016839615,-42.49859744074567,-0.06094075290237283,0
1727218452.2980819,1,0.16005119473042245,0.1146004951752264,0.13732584495282443,12.0,0.027434245026966987,1.5319871839412826,-43.083146817981984,-0.05771551274217535,0
1727218452.3588738,1,0.15791661046371636,0.1305134909379187,0.14421505070081753,12.0,0.023249527748763855,3.7234542947979277,-43.35717838352753,-0.06946846361973956,0
1727218452.4229627,1,0.1793828805147865,0.11066779283565621,0.14502533667522136,12.0,0.011360702676647077,3.54769154061945,-42.75757403134499,-0.05991678095380703,0
1727218452.4791348,1,0.18872317917035095,0.09381300596403892,0.14126809256719494,12.0,0.03409090909090909,4.570186734699939,-44.53470066131488,-0.06288468038250411,0
1727218452.5461426,1,0.16838491060493602,0.11066779283565621,0.13952635172029612,12.0,0.011627906976744186,3.1546892790562957,-43.34996008824447,-0.0714150662382942,0
1727218452.6187336,1,0.18005263846568273,0.09407208683835974,0.13706236265202124,12.0,0.022727272727272728,4.722715573783877,-45.234954622598636,-0.06694985254774513,0
1727218452.659284,1,0.16552117772047362,0.1048861292545921,0.13520365348753285,12.0,0.028072250725268547,2.154166599087746,-42.0127565437651,-0.06482787795755751,0
1727218452.7282567,1,0.18872317917035095,0.11066779283565621,0.14969548600300359,12.0,0.0,4.235473073021207,-45.30571568420318,-0.06476956245070717,0
1727218452.784163,1,0.16835603719833733,0.1212678125181665,0.14481192485825192,12.0,0.0,4.366560459686794,-43.48032522328316,-0.06853543494218602,0
1727218452.8526192,1,0.1325438946178258,0.11066779283565621,0.12160584372674102,12.0,0.023255813953488372,3.286149091361135,-44.52921325793483,-0.06761677712445933,0
1727218452.902591,1,0.16835603719833733,0.11759010854794967,0.1429730728731435,12.0,0.022727272727272728,4.15853739164299,-42.95379790097498,-0.06255935028851055,0
1727218452.9762607,1,0.18872317917035095,0.11066779283565621,0.14969548600300359,12.0,0.022727272727272728,3.3817363916210867,-43.34276731800024,-0.06346488138271165,0
1727218453.0197988,1,0.16620562382863344,0.1067007964869483,0.13645321015779088,12.0,0.011627906976744186,4.433590080490913,-43.79061628614963,-0.06317843757870936,0
1727218453.115241,1,0.1325438946178258,0.09962393865813877,0.11608391663798229,12.0,0.03793570624858995,4.977460683125056,-43.21266883616045,-0.06363212043743253,0
1727218453.1453042,1,0.18872317917035095,0.12403473458920844,0.1563789568797797,12.0,0.027434245026966987,1.3323858582298664,-43.56980142573141,-0.06199277195619078,0
1727218453.205287,1,0.18872317917035095,0.10699546922832877,0.14785932419933986,12.0,0.023255813953488372,6.00590704543058,-43.99358254437424,-0.07024739155151223,0
1727218453.2837431,1,0.16838491060493602,0.10699546922832877,0.1376901899166324,12.0,0.011627906976744186,2.3084486384197573,-42.78122569283826,-0.06793040345517853,0
1727218453.3224208,1,0.16838491060493602,0.10699546922832877,0.1376901899166324,12.0,0.01644434374852436,3.184106987909849,-44.08244750007965,-0.0634693468097274,0
1727218453.3832262,1,0.11704114719613058,0.07437051466359121,0.0957058309298609,12.0,0.011363636363636364,4.57872508644704,-43.940431347807674,-0.06719351991448466,0
1727218453.4671443,1,0.16620562382863344,0.10699546922832877,0.1366005465284811,12.0,0.0,3.218373133091203,-43.1196164265567,-0.06853405652815257,0
1727218453.5042536,1,0.14704292441876157,0.12366938848016845,0.13535615644946503,12.0,0.022721405353294154,5.266963218779562,-44.88964186339685,-0.06461696484437025,0
1727218453.5959265,1,0.16838491060493602,0.1067007964869483,0.13754285354594215,12.0,0.011627906976744186,3.3745823190332978,-43.98137885045172,-0.06943309755737197,0
1727218453.624306,1,0.1325438946178258,0.1345953817509841,0.13356963818440495,12.0,0.011108368642573443,2.331246949893766,-42.82255152099003,-0.05472362737404072,0
1727218453.6761515,1,0.1653906679155003,0.09381300596403892,0.12960183693976962,12.0,0.0,2.9119887435823557,-44.06143437464479,-0.05777031981214257,0
1727218453.7501595,1,0.16552117772047362,0.1345953817509841,0.15005827973572886,12.0,0.01644434374852436,5.249309532441689,-42.73796154840261,-0.05464675314464033,0
1727218453.812029,1,0.15678390987999735,0.09381300596403892,0.12529845792201813,12.0,0.011363636363636364,4.045324084090316,-42.88793044347923,-0.059463348010183735,0
1727218453.8677928,1,0.1316452815812904,0.11066779283565621,0.1211565372084733,12.0,0.0,2.371242041641516,-43.416119021697895,-0.056183589210330356,0
1727218453.9588647,1,0.14704292441876157,0.1067007964869483,0.12687186045285492,12.0,0.011363636363636364,3.71498075342257,-43.08040895618404,-0.05920222834355292,0
1727218453.9867291,1,0.11704114719613058,0.12366938848016845,0.12035526783814951,12.0,0.011627906976744186,4.001843539852201,-45.2075918197879,-0.06416582855141621,0
1727218454.0357058,1,0.1330919764650002,0.1212678125181665,0.12717989449158335,12.0,0.022727272727272728,4.000708794737368,-44.08804046278785,-0.06467541794316055,0
1727218454.10211,1,0.12598402440927728,0.11066779283565621,0.11832590862246675,12.0,0.022721405353294154,2.8689184219355064,-41.9595522219234,-0.06016616485863335,0
1727218454.18884,1,0.16838491060493602,0.11034181924735083,0.13936336492614343,12.0,0.011627906976744186,2.823033560733208,-42.69948916621874,-0.060870178758369545,0
1727218454.2220597,1,0.1325438946178258,0.11066779283565621,0.12160584372674102,12.0,0.01606645980340262,4.287200380510942,-44.63822992967546,-0.0650388333575923,0
1727218454.302443,1,0.14704292441876157,0.11034181924735083,0.1286923718330562,12.0,0.0,4.1207255013733155,-43.713828475060865,-0.057232267899992,0
1727218454.3450894,1,0.16838491060493602,0.10044039219036509,0.13441265139765055,12.0,0.0,5.747400579233785,-42.79326895225103,-0.0583706104268905,0
1727218454.413726,1,0.16838491060493602,0.11034181924735083,0.13936336492614343,12.0,0.0,3.7690475982506193,-43.037061107615784,-0.05719263907813757,0
1727218454.473015,1,0.1486588292494333,0.11034181924735083,0.12950032424839206,12.0,0.0,4.64886075361287,-43.55264826105917,-0.06684747350608299,0
1727218454.5289505,1,0.15288216318324077,0.10699546922832877,0.12993881620578476,12.0,0.0,4.998375228604511,-43.716753539546495,-0.06628191848214124,0
1727218454.6026483,1,0.16724330482775757,0.08685537444963512,0.12704933963869636,12.0,0.0,4.495932805476223,-43.1425048088481,-0.06874119689130381,1
1727218454.657049,1,0.14704292441876157,0.1212678125181665,0.13415536846846404,12.0,0.011624763874381928,4.5980016811215005,-44.03050114451875,-0.05703302024660294,1
1727218454.7050867,1,0.15906987833843145,0.09730085108210398,0.1281853647102677,12.0,0.023255813953488372,5.698946525914,-42.36372620196655,-0.06182644642187606,1
1727218454.7653475,1,0.1793828805147865,0.1345953817509841,0.15698913113288532,12.0,0.0,5.778145483912254,-43.20295537529599,-0.06905450455778113,1
1727218454.8486192,1,0.15906987833843145,0.1067007964869483,0.13288533741268987,12.0,0.023255813953488372,5.531616893873032,-43.32674625778277,-0.05988050646180895,1
1727218454.8932798,1,0.17712217844541228,0.1067007964869483,0.1419114874661803,12.0,0.023255813953488372,5.801197534794451,-42.94752373760432,-0.06590027416743867,1
1727218454.948107,1,0.14804664203952106,0.1345953817509841,0.1413210118952526,12.0,0.011627906976744186,4.034716807091846,-43.1652385529203,-0.06518174811870689,1
1727218455.012066,1,0.16898462446469953,0.09381300596403892,0.13139881521436922,12.0,0.022727272727272728,5.585867855388795,-42.09289756559667,-0.0660477615210021,1
1727218455.1007915,1,0.16005119473042245,0.1345953817509841,0.1473232882407033,12.0,0.0,5.039573042718222,-40.99460790950468,-0.056957604375686505,1
1727218455.1314526,1,0.18005263846568273,0.12366938848016845,0.15186101347292558,12.0,0.011627906976744186,5.822866869075151,-43.43122711370518,-0.0657732854368373,1
1727218455.1835475,1,0.16552117772047362,0.0970142500145332,0.1312677138675034,12.0,0.011624763874381928,7.198303558257091,-42.745709645404844,-0.06987726667974604,1
1727218455.264469,1,0.15288216318324077,0.1345953817509841,0.14373877246711242,12.0,0.0,7.51538970109465,-42.30114553776965,-0.06916249519832153,1
1727218455.3169672,1,0.1793828805147865,0.12403473458920844,0.15170880755199748,12.0,0.022727272727272728,4.916900981239799,-42.79592339347302,-0.0650221274001765,1
1727218455.3685493,1,0.16838491060493602,0.13934873410922177,0.15386682235707888,12.0,0.023255813953488372,6.760818600335753,-42.888595350949785,-0.06915293321677442,1
1727218455.4457142,1,0.16838491060493602,0.12366938848016845,0.14602714954255225,12.0,0.011111111111111112,5.377753444918833,-43.14078730874188,-0.06502285383540224,1
1727218455.4937983,1,0.14804664203952106,0.14452544772135997,0.1462860448804405,12.0,0.028072250725268547,6.892705501787803,-42.39482170444403,-0.06000186096646316,1
1727218455.5518303,1,0.1412811624583021,0.13015404797795802,0.13571760521813006,12.0,0.0,6.789808339673953,-41.82589294158858,-0.06667342257108848,1
1727218455.6064777,1,0.18950356780267952,0.11066779283565621,0.15008568031916786,12.0,0.0,4.7090616795697855,-43.660374497138804,-0.07199541026856043,1
1727218455.7000995,1,0.16838491060493602,0.14552137502179976,0.1569531428133679,12.0,0.0,5.108762179025418,-42.63649414096341,-0.06679799298089384,1
1727218455.7309206,1,0.16838491060493602,0.12803687993289598,0.148210895268916,12.0,0.0,3.910670875452994,-43.854722933733825,-0.06815739989220602,1
1727218455.7860742,1,0.15288216318324077,0.12366938848016845,0.1382757758317046,12.0,0.023255813953488372,5.474016065406612,-44.11891110808901,-0.06845820101434984,1
1727218455.8757064,1,0.14804664203952106,0.1533929977694741,0.15071981990449757,12.0,0.0,5.401177220720086,-43.03632696099834,-0.06770752950660414,1
1727218455.904921,1,0.15288216318324077,0.11034181924735083,0.1316119912152958,12.0,0.0,5.323263992100539,-42.661083869095876,-0.05659988442071855,1
1727218455.9657228,1,0.15288216318324077,0.1212678125181665,0.13707498785070363,12.0,0.011627906976744186,6.470058035311301,-43.98970301248696,-0.07180884229141582,1
1727218456.0534723,1,0.16552117772047362,0.0970142500145332,0.1312677138675034,12.0,0.011363636363636364,5.172459099444407,-43.39119391685563,-0.06563021937607084,1
1727218456.0920708,1,0.1793828805147865,0.11958858700985768,0.1494857337623221,12.0,0.011627906976744186,5.042996212107377,-43.99631586450809,-0.06197372058727636,1
1727218456.155198,1,0.13985672025501314,0.1067007964869483,0.12327875837098072,12.0,0.0,5.341565543738459,-43.65482393368079,-0.06689762350990275,1
1727218456.2457979,1,0.18950356780267952,0.1305134909379187,0.1600085293702991,12.0,0.011363636363636364,4.168804134732344,-42.45164941411765,-0.06575101923347962,0
1727218456.2747808,1,0.18872317917035095,0.0970142500145332,0.14286871459244208,12.0,0.0,4.999141328348654,-44.642349230303715,-0.06935482010684012,0
1727218456.3658788,1,0.18950356780267952,0.1067007964869483,0.1481021821448139,12.0,0.011624763874381928,4.273467818949178,-44.08837186324422,-0.0723135613686232,0
1727218456.4003987,1,0.18872317917035095,0.1305134909379187,0.1596183350541348,12.0,0.0,4.035793126692245,-42.96372358911835,-0.06755247869035826,0
1727218456.4633756,1,0.18872317917035095,0.1349930056061822,0.16185809238826657,12.0,0.0,5.42136506240984,-43.24253959279077,-0.06666775474920794,0
1727218456.5181556,1,0.21140273678130606,0.1212678125181665,0.16633527464973627,12.0,0.0,3.5463032650234485,-42.19969094713211,-0.06101356795259691,0
1727218456.5816514,1,0.19066719485096545,0.1305134909379187,0.16059034289444207,12.0,0.0,3.951104738561038,-42.335019558495745,-0.06565972079455136,0
1727218456.6368663,1,0.20093998012988948,0.1349930056061822,0.16796649286803583,12.0,0.0,3.380387204756623,-43.13519961596404,-0.06266119738710647,0
1727218456.7136314,1,0.22249707974499242,0.13015404797795802,0.17632556386147522,12.0,0.0,5.047451003105411,-43.91745579321629,-0.06700486070486328,0
1727218456.7478704,1,0.1412811624583021,0.11958858700985768,0.1304348747340799,12.0,0.011627906976744186,4.07714397823139,-42.96963881745248,-0.06203542579130907,0
1727218456.825041,1,0.16838491060493602,0.1397901312682203,0.15408752093657815,12.0,0.0,5.507794224922758,-44.34549412781604,-0.06664366112857527,0
1727218456.887932,1,0.16835603719833733,0.14071950894605836,0.15453777307219785,12.0,0.011360702676647077,5.018875119956028,-42.45309747232746,-0.06219891432330858,0
1727218456.9322572,1,0.18872317917035095,0.14492457979236098,0.16682387948135596,12.0,0.0,4.507004662313703,-42.79016835906826,-0.062062830633961376,0
1727218456.988092,1,0.16838491060493602,0.1212678125181665,0.14482636156155126,12.0,0.011624763874381928,2.8393268849786186,-43.386178827772824,-0.05701396851279121,0
1727218457.0539453,1,0.1486588292494333,0.0970142500145332,0.12283653963198325,12.0,0.0,2.4906709409443377,-43.08314991519823,-0.06125154695955218,0
1727218457.1420975,1,0.1486588292494333,0.1345953817509841,0.14162710550020868,12.0,0.0,3.610712687400995,-43.54884726732779,-0.06800059638244745,0
1727218457.1782155,1,0.18872317917035095,0.12366938848016845,0.15619628382525969,12.0,0.011363636363636364,4.721619523236471,-44.93813698378283,-0.06725043589581751,0
1727218457.2529626,1,0.17712217844541228,0.11576727454540037,0.14644472649540632,12.0,0.011363636363636364,4.4823318117011555,-42.23918544570396,-0.0695248760220174,0
1727218457.2991931,1,0.16005119473042245,0.13015404797795802,0.14510262135419022,12.0,0.0,4.633417345406293,-42.77602289834299,-0.06318292325002593,0
1727218457.3796217,1,0.16838491060493602,0.16244579145599147,0.16541535103046373,12.0,0.03488372093023256,4.976702398029689,-44.31991322959771,-0.06644704346246391,0
1727218457.42095,1,0.21381462578883614,0.09381300596403892,0.15381381587643753,12.0,0.0,5.912274282298364,-42.97641016745388,-0.06408038014927085,0
1727218457.5074732,1,0.14804664203952106,0.12403473458920844,0.13604068831436475,12.0,0.02874063764729875,4.353300426462981,-43.468288784189525,-0.062297559712938516,0
1727218457.53566,1,0.18872317917035095,0.1345953817509841,0.16165928046066752,12.0,0.03488372093023256,4.286577841323689,-45.24973696903493,-0.06559638435426252,0
1727218457.5904572,1,0.17712217844541228,0.11034181924735083,0.14373199884638155,12.0,0.0,4.308671410661577,-44.4993222334806,-0.06821420408537067,0
1727218457.6508303,1,0.16620562382863344,0.10699546922832877,0.1366005465284811,12.0,0.023255813953488372,5.019601391992614,-43.51737218762028,-0.06496325916982285,0
1727218457.7500517,1,0.18005263846568273,0.12366938848016845,0.15186101347292558,12.0,0.0,1.9693077779325163,-42.49943006765107,-0.06095547785194323,0
1727218457.7820983,1,0.21461294079653928,0.13015404797795802,0.17238349438724865,12.0,0.011360702676647077,3.4903824052503034,-43.62893153608554,-0.06195161365958222,0
1727218457.829603,1,0.18950356780267952,0.15881020420107103,0.1741568860018753,12.0,0.011627906976744186,2.5923303712961143,-44.30520994276137,-0.07004470553829524,0
1727218457.904779,1,0.16835603719833733,0.09285436778358058,0.13060520249095897,12.0,0.011627906976744186,4.45280891629903,-43.10989572264221,-0.07054999400376517,0
1727218457.9670725,1,0.1778545958156565,0.0970142500145332,0.13743442291509483,12.0,0.023809523809523808,2.064196178944085,-43.530883542808056,-0.06573952404875337,0
1727218458.009806,1,0.18872317917035095,0.10699546922832877,0.14785932419933986,12.0,0.023255813953488372,4.549152594584184,-43.63045879615369,-0.0670577106097841,0
1727218458.1137435,1,0.16552117772047362,0.08977315257075452,0.12764716514561408,12.0,0.0,4.3972901700314875,-43.47297596786554,-0.06475789304765307,0
1727218458.1448264,1,0.14804664203952106,0.11066779283565621,0.12935721743758863,12.0,0.027434245026966987,6.520197207379211,-45.39497889347341,-0.06759791327256882,0
1727218458.1896687,1,0.14124491030928973,0.1067007964869483,0.12397285339811902,12.0,0.011363636363636364,2.7815317086691884,-42.607433853730406,-0.062013340860699845,0
1727218458.2701735,1,0.14804664203952106,0.10517579047791782,0.12661121625871943,12.0,0.011627906976744186,4.882326847462047,-43.7749395755793,-0.06537928107976683,0
1727218458.3234353,1,0.16838491060493602,0.09285436778358058,0.13061963919425829,12.0,0.01644434374852436,1.250519563756913,-42.83159208941519,-0.059558593563113035,0
1727218458.3712926,1,0.16552117772047362,0.10273973946193064,0.13413045859120212,12.0,0.011360702676647077,1.8978504635698001,-43.50495011565698,-0.057153809231958105,0
1727218458.474424,1,0.17712217844541228,0.10699546922832877,0.14205882383687052,12.0,0.03409090909090909,2.6223923043540065,-43.179064031808736,-0.06018657320726956,0
1727218458.5056307,1,0.1793828805147865,0.08977315257075452,0.13457801654277052,12.0,0.0,4.288767071372834,-42.95397117975399,-0.06141866030237137,0
1727218458.554217,1,0.16835603719833733,0.09407208683835974,0.13121406201834854,12.0,0.011627906976744186,2.4464381292607644,-42.84388407867364,-0.06605634286727317,0
1727218458.6192272,1,0.14804664203952106,0.10517579047791782,0.12661121625871943,12.0,0.0,4.3948691168792395,-44.29181114448548,-0.06298075175391256,0
1727218458.6914968,1,0.17712217844541228,0.12366938848016845,0.15039578346279037,12.0,0.0,5.48333788899956,-43.863597931489394,-0.05923014658750764,0
1727218458.7323208,1,0.16005119473042245,0.10699546922832877,0.1335233319793756,12.0,0.0,4.399835498595319,-44.33776301700151,-0.06753009966705024,0
1727218458.8214855,1,0.1793828805147865,0.11034181924735083,0.14486234988106866,12.0,0.011627906976744186,5.4802233980554425,-44.46615798468811,-0.05966872961361452,0
1727218458.8592246,1,0.16041293011219926,0.09407208683835974,0.12724250847527951,12.0,0.0,3.0738778716614967,-42.87871035309789,-0.06117669889078873,0
1727218458.9261012,1,0.1793828805147865,0.1048861292545921,0.14213450488468932,12.0,0.022727272727272728,3.641930237074425,-43.91355135783048,-0.06041061000726202,0
1727218458.9919448,1,0.14804664203952106,0.09407208683835974,0.1210593644389404,12.0,0.0,3.326204939834609,-43.676548600883855,-0.061477849393062736,0
1727218459.0503309,1,0.16552117772047362,0.1062923150446292,0.1359067463825514,12.0,0.022727272727272728,4.044724458978673,-43.949306690661885,-0.06084301305935136,0
1727218459.0937598,1,0.1325438946178258,0.1048861292545921,0.11871501193620895,12.0,0.011627906976744186,5.217514185383099,-44.16964398437833,-0.0618256824297299,0
1727218459.164979,1,0.16838491060493602,0.09381300596403892,0.13109895828448748,12.0,0.023249527748763855,4.7285246705847115,-44.0684256253824,-0.06472506157187356,0
1727218459.2339487,1,0.16838491060493602,0.1345953817509841,0.15149014617796006,12.0,0.011624763874381928,4.182815111485241,-44.38879580317524,-0.06343882679389806,0
1727218459.273139,1,0.1325438946178258,0.1305134909379187,0.13152869277787227,12.0,0.011627906976744186,4.833645777392738,-44.089812393752005,-0.06176147335076053,0
1727218459.3457947,1,0.1407195089460584,0.11066779283565621,0.1256936508908573,12.0,0.0,4.096897014444547,-43.77853150397145,-0.0589615857571454,0
1727218459.4202766,1,0.16005119473042245,0.12316328538087544,0.14160724005564895,12.0,0.011360702676647077,4.725804802256111,-43.58817983974146,-0.06053090175080442,0
1727218459.4692836,1,0.1325438946178258,0.1349930056061822,0.133768450112004,12.0,0.0,3.557246248751121,-43.50546778863623,-0.06694279695091791,0
1727218459.5182252,1,0.14704292441876157,0.1345953817509841,0.14081915308487283,12.0,0.0,6.884773740762753,-44.079595861168684,-0.06679870010360113,0
1727218459.576986,1,0.1325438946178258,0.1345953817509841,0.13356963818440495,12.0,0.011904761904761904,2.969689694349529,-44.1202245262804,-0.06417098128030171,0
1727218459.656768,1,0.18872317917035095,0.1345953817509841,0.16165928046066752,12.0,0.0,3.8208177309658478,-44.17932313330566,-0.06062992381809909,0
1727218459.7010071,1,0.16838491060493602,0.12366938848016845,0.14602714954255225,12.0,0.0,5.969237639657237,-43.08283440913226,-0.06757275327833678,0
1727218459.7564917,1,0.17712217844541228,0.12162606385262997,0.14937412114902113,12.0,0.022727272727272728,3.1968089101560078,-43.38014324165784,-0.06363583186884895,0
1727218459.8444006,1,0.1793828805147865,0.14552137502179976,0.16245212776829315,12.0,0.0,6.203039455510254,-43.440540497955446,-0.07184632613283348,0
1727218459.8814626,1,0.12598402440927728,0.15473539624330931,0.1403597103262933,12.0,0.022727272727272728,4.249450973818382,-42.7883000519997,-0.059670312821479624,0
1727218459.967768,1,0.16838491060493602,0.14945718639563693,0.1589210485002865,12.0,0.0,4.078302915211619,-45.10647242187399,-0.061827974377847025,0
1727218460.0000026,1,0.16838491060493602,0.1340445652498932,0.1512147379274146,12.0,0.023255813953488372,6.645959254411307,-43.739859599314066,-0.0741613482499151,0
1727218460.061359,1,0.17712217844541228,0.1212678125181665,0.14919499548178938,12.0,0.023809523809523808,4.585397584125403,-44.50998144427765,-0.06469148328597105,0
1727218460.127042,1,0.16838491060493602,0.0970142500145332,0.1326995803097346,12.0,0.022727272727272728,5.236832119586996,-43.078811428857776,-0.06505626108718388,0
1727218460.1823237,1,0.16005119473042245,0.16244579145599147,0.16124849309320696,12.0,0.0,3.0906938776715447,-43.38322913380566,-0.06530482418023471,0
1727218460.2410448,1,0.12598402440927728,0.11423863606163052,0.1201113302354539,12.0,0.0,4.622020074002114,-43.35629661681527,-0.06018892757143888,0
1727218460.3110814,1,0.14531571019364137,0.0970142500145332,0.12116498010408729,12.0,0.0,4.504329303254541,-42.796624800484864,-0.05993490996688298,0
1727218460.3867614,1,0.14804664203952106,0.1385311931248213,0.14328891758217116,12.0,0.0,5.5098831472569,-45.39826753701103,-0.06590887471659011,0
1727218460.439955,1,0.1412811624583021,0.12366938848016845,0.13247527546923527,12.0,0.0,3.97234421321233,-42.821545571899534,-0.06766356470659698,0
1727218460.4819026,1,0.16620562382863344,0.12366938848016845,0.14493750615440093,12.0,0.02874063764729875,5.253390679386234,-44.581872760753576,-0.07535362671427541,0
1727218460.551733,1,0.12645440821508902,0.12803687993289598,0.1272456440739925,12.0,0.0,5.08071918959223,-43.8286891167914,-0.0700049075985666,0
1727218460.6096666,1,0.13985672025501314,0.12844244597847712,0.13414958311674513,12.0,0.011624763874381928,4.171753270043259,-45.40163766369456,-0.06867520004732637,0
1727218460.6821249,1,0.16898462446469953,0.11423863606163052,0.14161163026316503,12.0,0.0,5.328890427369824,-43.651392660672876,-0.06816155790178127,0
1727218460.727152,1,0.15288216318324077,0.12366938848016845,0.1382757758317046,12.0,0.0,5.419025856189725,-44.26269667848598,-0.0689127670600574,0
1727218460.802169,1,0.16005119473042245,0.11034181924735083,0.13519650698888663,12.0,0.011363636363636364,6.668351542625141,-43.484669788291725,-0.06367590154388514,0
1727218460.8461876,1,0.1325438946178258,0.11034181924735083,0.12144285693258833,12.0,0.011627906976744186,5.247206668873745,-44.73024119982664,-0.0646191577898109,0
1727218460.927563,1,0.16005119473042245,0.1345953817509841,0.1473232882407033,84.0,0.0,5.017134650814347,-44.38266628381838,-0.06380410346202874,4
1727218460.9686024,1,0.14804664203952106,0.12366938848016845,0.13585801525984476,84.0,0.023249527748763855,5.414539825473813,-44.448609090678566,-0.06385590392801743,4
1727218461.0501468,1,0.15288216318324077,0.1340445652498932,0.14346336421656697,84.0,0.011363636363636364,5.074091100955377,-43.14913326865898,-0.0651658036411274,4
1727218461.0810974,1,0.16838491060493602,0.09934956760931551,0.13386723910712578,84.0,0.0,4.205839351351984,-43.23820415420756,-0.06334643286980832,4
1727218461.1418018,1,0.14804664203952106,0.11034181924735083,0.12919423064343594,84.0,0.03970015770201273,4.557348694769409,-44.167820821879374,-0.06841748022295538,4
1727218461.2404861,1,0.17712217844541228,0.1345953817509841,0.1558587800981982,84.0,0.016070608663330627,6.359943565806474,-44.397557258433054,-0.07246494342123641,4
1727218461.2700362,1,0.1793828805147865,0.1212678125181665,0.1503253465164765,84.0,0.023255813953488372,5.1519432153866624,-43.9511202175531,-0.06760839384007891,4
1727218461.3407621,1,0.16005119473042245,0.12366938848016845,0.14186029160529545,84.0,0.03878786515669677,4.332666875643653,-43.32052523671544,-0.0626702424524551,4
1727218461.3955135,1,0.1486588292494333,0.12366938848016845,0.13616410886480088,84.0,0.011904761904761904,5.165173522894152,-44.383407054753796,-0.0724375615017543,4
1727218461.4558609,1,0.16838491060493602,0.1345953817509841,0.15149014617796006,84.0,0.011627906976744186,7.140967059791034,-44.78149982814904,-0.07321844917573983,4
1727218461.5197818,1,0.22332781224177667,0.1991815224357252,0.21125466733875092,84.0,0.011901388973144479,5.102413993450494,-43.437599280117055,-0.07014309150030482,4
1727218461.5747144,1,0.33969227994388246,0.2638029349692527,0.3017476074565676,84.0,0.011363636363636364,3.458630448664899,-42.85882245396071,-0.07479302743252855,4
1727218461.6348457,1,0.33969227994388246,0.27113375576182597,0.30541301785285424,84.0,0.027434245026966987,3.7742014066785385,-43.01416304033726,-0.08117931251492345,4
1727218461.6906056,1,0.31622776601683794,0.2967552696911847,0.3064915178540113,84.0,0.011363636363636364,4.5363734692241655,-42.66942920305495,-0.08392125744880458,4
1727218461.753794,1,0.33969227994388246,0.2967552696911847,0.3182237748175336,84.0,0.0,4.748099631806493,-41.94146183102764,-0.07158022771439534,4
1727218461.810231,1,0.3914551142790045,0.3085502624497215,0.350002688364363,84.0,0.011360702676647077,5.192243525156137,-42.60579223397352,-0.07760300307844588,4
1727218461.8692305,1,0.3542624501695483,0.3085502624497215,0.3314063563096349,84.0,0.011363636363636364,6.025538468246302,-41.81003937296265,-0.07307509237095787,4
1727218461.93203,1,0.35752266422167156,0.31050369369538894,0.3340131789585302,84.0,0.0,5.411205923141211,-41.47252436549522,-0.07806845717450558,4
1727218462.01464,1,0.35809942595908195,0.3190941120626151,0.33859676901084856,84.0,0.023255813953488372,7.881746868935519,-43.96815305706495,-0.0809538212723457,4
1727218462.0639594,1,0.3635513389603322,0.3299181735877531,0.34673475627404265,84.0,0.011108368642573443,4.832506222048222,-41.706704531902474,-0.0774012710702435,4
1727218462.1091015,1,0.3914551142790045,0.313292874068759,0.3523739941738817,84.0,0.0,3.501150080251188,-42.557082668012384,-0.08165330466046616,4
1727218462.1872544,1,0.3635513389603322,0.3278426025659407,0.34569697076313644,84.0,0.0,8.261053119539447,-42.34742908322165,-0.08567256731561576,4
1727218462.239243,1,0.4085873984346274,0.2967552696911847,0.35267133406290607,84.0,0.0,5.074746178346153,-43.087974422581794,-0.07854979612536378,4
1727218462.286052,1,0.4085873984346274,0.3173417855582456,0.3629645919964365,84.0,0.011624763874381928,4.789030303410375,-43.304472223808034,-0.0802806078966541,4
1727218462.34966,1,0.3769467641674547,0.3278426025659407,0.3523946833666977,84.0,0.0,6.450241704206656,-43.88166196772115,-0.08333044228099207,4
1727218462.4137473,1,0.38316367838318516,0.313292874068759,0.3482282762259721,84.0,0.0,4.210571563033443,-43.03597730678452,-0.07849986957407251,4
1727218462.4682486,1,0.3580175055162441,0.3085502624497215,0.3332838839829828,84.0,0.011360702676647077,6.151593664500607,-43.735642822558475,-0.08565767986909079,4
1727218462.5656183,1,0.38263408078607625,0.29488833210589493,0.3387612064459856,84.0,0.0,4.96767191795439,-43.128742823380755,-0.07779510506110113,4
1727218462.5965767,1,0.38263408078607625,0.3013502377831579,0.34199215928461707,84.0,0.011360702676647077,5.150493271869049,-43.39730603328326,-0.08695421661057666,4
1727218462.6466486,1,0.38316367838318516,0.2967552696911847,0.33995947403718496,84.0,0.0,4.699842072696106,-42.23772393112153,-0.0847312220787057,4
1727218462.7271457,1,0.3635513389603322,0.313292874068759,0.33842210651454563,84.0,0.0,4.687381827821996,-43.251646194979955,-0.08632780903058108,4
1727218462.7767925,1,0.3723970748786106,0.313292874068759,0.3428449744736848,84.0,0.0,5.411271172314525,-42.184700106476626,-0.08367944873901388,4
1727218462.840442,1,0.2830379784367622,0.19156762401796262,0.23730280122736241,84.0,0.011627906976744186,6.126202803851397,-44.40685789554628,-0.0752927987342107,4
1727218462.884249,1,0.24612505478009442,0.19250661305854347,0.21931583391931894,84.0,0.011627906976744186,4.855894148377449,-44.88510861545382,-0.07029377211678926,4
1727218462.968496,1,0.2834297266912897,0.23915727835550232,0.261293502523396,84.0,0.011627906976744186,5.920089991285665,-44.694610727682395,-0.07922638909999678,4
1727218463.0224879,1,0.3158332209274327,0.29488833210589493,0.3053607765166638,84.0,0.0,4.068087307258521,-44.00849416487668,-0.07993035259905157,4
1727218463.0703151,1,0.31622776601683794,0.27113375576182597,0.2936807608893319,84.0,0.0,5.241287531990149,-43.068256035252254,-0.08009918522447171,4
1727218463.1293933,1,0.31622776601683794,0.29211669893792624,0.3041722324773821,84.0,0.0,5.158655548786851,-41.799265285389716,-0.07687281571509061,4
1727218463.194622,1,0.38263408078607625,0.31132189561769025,0.34697798820188325,84.0,0.0,5.482066930277634,-44.34032896506939,-0.08025471548154142,4
1727218463.2876575,1,0.38263408078607625,0.3013502377831579,0.34199215928461707,84.0,0.0,5.509502291473973,-42.3494067935018,-0.08604995467508313,4
1727218463.3184946,1,0.3719324495262802,0.31132189561769025,0.3416271725719852,84.0,0.0,4.584475028036285,-42.0075807128579,-0.08423361774098748,4
1727218463.3777978,1,0.3719324495262802,0.313292874068759,0.3426126617975196,84.0,0.0,3.456064022963226,-42.27312274781611,-0.08359982043203254,4
1727218463.4504507,1,0.35752266422167156,0.3013502377831579,0.3294364510024147,84.0,0.0,5.929460740038673,-42.849378664096946,-0.08533780183328779,4
1727218463.4993172,1,0.3635513389603322,0.31132189561769025,0.3374366172890112,84.0,0.0,3.566357191082866,-42.2750754706668,-0.08120840007758161,4
1727218463.5582826,1,0.38263408078607625,0.3085502624497215,0.3455921716178989,84.0,0.0,4.920706598163113,-43.04627282045047,-0.08696127808788216,4
1727218463.6114883,1,0.38263408078607625,0.3219604581083923,0.3522972694472343,84.0,0.0,3.339029063064495,-43.65368002564027,-0.08310737749088963,4
1727218463.6884162,1,0.31622776601683794,0.29211669893792624,0.3041722324773821,84.0,0.011363636363636364,4.876515960519669,-42.036978515366776,-0.08069960999001059,4
1727218463.7382724,1,0.3542624501695483,0.2967552696911847,0.3255088599303665,84.0,0.011627906976744186,5.474764569571072,-43.554736440306485,-0.08428407080054755,4
1727218463.826418,1,0.3635513389603322,0.3013502377831579,0.332450788371745,84.0,0.0,5.3495565918234425,-42.47921993423173,-0.07957499427225428,4
1727218463.8566127,1,0.3635513389603322,0.31132189561769025,0.3374366172890112,84.0,0.011627906976744186,4.174932545555351,-43.79117186687208,-0.08490775435071132,4
1727218463.912944,1,0.3635513389603322,0.31132189561769025,0.3374366172890112,84.0,0.0,4.058207688480403,-42.81665659691586,-0.07893430980241022,4
1727218463.9919274,1,0.3719324495262802,0.3070316347601759,0.3394820421432281,84.0,0.011363636363636364,4.151836742351746,-43.15660668012248,-0.08366364205625332,4
1727218464.0536892,1,0.38263408078607625,0.3085502624497215,0.3455921716178989,84.0,0.0,5.215964971612188,-43.211947647484415,-0.0838863538244451,4
1727218464.097641,1,0.3580175055162441,0.3085502624497215,0.3332838839829828,84.0,0.0,5.086432603367262,-43.528514687542625,-0.0840837622051366,4
1727218464.172779,1,0.3635513389603322,0.3013502377831579,0.332450788371745,84.0,0.0,5.778137513570581,-44.298104382368884,-0.08523367997300875,4
1727218464.2250926,1,0.38263408078607625,0.3013502377831579,0.34199215928461707,84.0,0.011624763874381928,5.98425307456211,-43.4605393859373,-0.08511722304051324,4
1727218464.3092906,1,0.38263408078607625,0.31132189561769025,0.34697798820188325,84.0,0.011363636363636364,6.146884788074375,-43.30645411005402,-0.0839009925960222,4
1727218464.3401165,1,0.3635513389603322,0.29178249789114213,0.32766691842573714,84.0,0.03488372093023256,5.891076757803388,-41.75473188846472,-0.08351728841979024,4
1727218464.3934166,1,0.38263408078607625,0.293629772444708,0.33813192661539215,84.0,0.011624763874381928,5.66821411770495,-42.36670119369916,-0.08157633082592117,4
1727218464.4941475,1,0.38263408078607625,0.3017533556470644,0.3421937182165703,84.0,0.0,6.01178283415137,-42.50849060343526,-0.08446601149979736,4
1727218464.5265312,1,0.38263408078607625,0.31132189561769025,0.34697798820188325,84.0,0.011627906976744186,4.617675009427849,-44.29295992711975,-0.08823223856061825,4
1727218464.571163,1,0.3542624501695483,0.3013502377831579,0.3278063439763531,84.0,0.023249527748763855,5.37038136694394,-43.20400667110213,-0.08445091135559654,4
1727218464.653116,1,0.354663880836772,0.2854430422353522,0.3200534615360621,84.0,0.0,5.9886286231458215,-42.381740641668046,-0.07821655178512964,4
1727218464.6996636,1,0.3719324495262802,0.3013502377831579,0.33664134365471904,84.0,0.011360702676647077,3.6389969380065255,-43.40139159069881,-0.08118222174018214,4
1727218464.7532794,1,0.38078865529319544,0.293629772444708,0.33720921386895175,84.0,0.0,5.965678296413621,-42.023625557035444,-0.0757618471442229,4
1727218464.8329022,1,0.38078865529319544,0.3013502377831579,0.34106944653817667,84.0,0.0,4.98968643749415,-43.18785383109015,-0.08459676651281581,4
1727218464.887235,1,0.3719324495262802,0.29488833210589493,0.3334103908160876,84.0,0.0,4.533378389006479,-43.11428446262396,-0.08247924310594151,4
1727218464.9319286,1,0.38078865529319544,0.3085502624497215,0.3446694588714585,84.0,0.0,5.097433675903316,-43.129135642700376,-0.07897439271110546,4
1727218465.011731,1,0.3719324495262802,0.2939660893178147,0.33294926942204744,84.0,0.011360702676647077,3.1085636583025216,-43.54134921399479,-0.0798321950733479,4
1727218465.0628204,1,0.3719324495262802,0.29488833210589493,0.3334103908160876,84.0,0.0,3.773499555410362,-44.291476200579474,-0.08228659595309877,4
1727218465.116398,1,0.33969227994388246,0.3018149701340477,0.3207536250389651,84.0,0.011624763874381928,6.180929253369846,-43.90871474697684,-0.0850744822227585,4
1727218465.1754587,1,0.41179613870260373,0.2939660893178147,0.3528811140102092,84.0,0.011360702676647077,4.411505661236706,-42.80831897227405,-0.08333441003290804,4
1727218465.2419083,1,0.35809942595908195,0.2939660893178147,0.3260327576384483,84.0,0.0,6.2376108138835065,-43.22990803288323,-0.08039173274353423,4
1727218465.3060117,1,0.38263408078607625,0.31050369369538894,0.3465688872407326,84.0,0.011627906976744186,3.143072556328698,-42.84201295977563,-0.07947402053519423,4
1727218465.355813,1,0.36634369771459985,0.2939660893178147,0.3301548935162073,84.0,0.011111111111111112,3.034264112519989,-42.75627310755371,-0.06883527030545425,4
1727218465.4158046,1,0.396054849397416,0.29211669893792624,0.3440857741676711,84.0,0.0,5.88544242373543,-43.964700039996146,-0.08118920345548225,4
1727218465.4789867,1,0.396054849397416,0.29178249789114213,0.3439186736442791,84.0,0.011627906976744186,5.29463690701009,-43.12225844663756,-0.08209004439173037,4
1727218465.5549266,1,0.3384286960981292,0.30313675443913407,0.3207827252686316,84.0,0.022727272727272728,4.417842149042891,-42.968767208608924,-0.08433561384254712,4
1727218465.6203322,1,0.38316367838318516,0.31050369369538894,0.34683368603928705,84.0,0.011363636363636364,4.0180125610524575,-43.18538965086688,-0.0786032965915414,4
1727218465.667095,1,0.3635513389603322,0.3085502624497215,0.33605080070502685,84.0,0.0,6.364386082012814,-42.66168950674779,-0.08565271681189074,4
1727218465.726002,1,0.31622776601683794,0.2665294925174558,0.29137862926714686,84.0,0.011627906976744186,4.852952701640413,-42.19711922100403,-0.07658841296187138,4
1727218465.8007078,1,0.35809942595908195,0.313292874068759,0.3356961500139205,84.0,0.011111111111111112,3.92267137170007,-42.85166521668443,-0.07181541981905014,4
1727218465.8470013,1,0.3640054944640259,0.29488833210589493,0.32944691328496045,84.0,0.0,5.082943900905818,-43.4153615561016,-0.07566452457313107,4
1727218465.9140549,1,0.36685074805791235,0.3085502624497215,0.3377005052538169,84.0,0.0,5.122587680198373,-44.30512849118976,-0.08360998997047822,4
1727218465.968153,1,0.3640054944640259,0.2994011781640029,0.3317033363140144,0.0,0.0,4.295250264048008,-42.84353106234835,-0.07476776165106862,0
1727218466.015744,1,0.23408229439226116,0.19156762401796262,0.2128249592051119,0.0,0.011627906976744186,6.223877830393784,-44.47509728027951,-0.07607604390759673,0
1727218466.0926082,1,0.2389803477505024,0.19729717305791356,0.218138760404208,0.0,0.011360702676647077,2.806284212803826,-45.2188939392847,-0.06657132794664594,0
1727218466.1469288,1,0.29516096584157375,0.22360679774997896,0.25938388179577637,0.0,0.0,6.861628901347175,-44.94968210823206,-0.08211995975103625,0
1727218466.1992812,1,0.31018294626587445,0.2626128657194451,0.2863979059926598,0.0,0.011624763874381928,5.091186177698375,-42.452859591169855,-0.07540375719696121,0
1727218466.2777143,1,0.33287133264930313,0.2770921680671338,0.3049817503582185,0.0,0.0,4.886345237779601,-42.08918596839851,-0.0770299547275138,0
1727218466.329513,1,0.3324112476572669,0.2770921680671338,0.30475170786220035,0.0,0.0,5.528805131465774,-43.237961416003294,-0.08099698700252383,0
1727218466.393525,1,0.31622776601683794,0.313292874068759,0.31476032004279847,0.0,0.011624763874381928,5.015673753289443,-41.87760299396848,-0.08165504007555689,0
1727218466.45572,1,0.33287133264930313,0.30313675443913407,0.31800404354421863,0.0,0.0,6.188354149811421,-43.01770852524342,-0.07273624752833117,0
1727218466.5044613,1,0.33287133264930313,0.2770921680671338,0.3049817503582185,0.0,0.011627906976744186,3.7042324627584926,-41.64220654607042,-0.08545174713444481,0
1727218466.556489,1,0.31622776601683794,0.28713525510048,0.301681510558659,0.0,0.0,5.512900557737346,-41.52508274262895,-0.0778606514938069,0
1727218466.6245828,1,0.32581898132090326,0.29178249789114213,0.3088007396060227,0.0,0.023802777946288958,3.8839375813974444,-42.33460137925402,-0.08400226797266605,0
1727218466.690872,1,0.35752266422167156,0.3085502624497215,0.33303646333569653,0.0,0.0,6.36269463508611,-42.76639661628927,-0.09578595170424845,0
1727218466.743701,1,0.33287133264930313,0.3085502624497215,0.3207107975495123,0.0,0.0,5.319221137276515,-41.11614151191942,-0.08435017464615588,0
1727218466.803329,1,0.35752266422167156,0.3013502377831579,0.3294364510024147,0.0,0.0,5.589014327652526,-42.93145819071482,-0.08672467792170166,0
1727218466.8763392,1,0.31622776601683794,0.3013502377831579,0.3087890018999979,0.0,0.011624763874381928,5.211405204824626,-42.348672186344594,-0.08937634636505422,0
1727218466.9372892,1,0.31622776601683794,0.31132189561769025,0.3137748308172641,0.0,0.0,6.185331957846385,-42.47837117682623,-0.08328621740019429,0
1727218466.9790378,1,0.32581898132090326,0.3013502377831579,0.3135846095520306,0.0,0.0,5.5980406698901,-41.4751256465034,-0.07957380709076765,0
1727218467.0475717,1,0.31622776601683794,0.29866738018151734,0.30744757309917764,0.0,0.0,6.232761360076294,-41.720943487514866,-0.07354287052033717,0
1727218467.117999,1,0.31622776601683794,0.2854430422353522,0.3008354041260951,0.0,0.0,5.34858767246825,-41.62933689397718,-0.08368904419698754,0
1727218467.160299,1,0.31622776601683794,0.29866738018151734,0.30744757309917764,0.0,0.027434245026966987,6.308901656177285,-40.6190456702073,-0.07224690508093158,0
1727218467.2358427,1,0.31622776601683794,0.2854430422353522,0.3008354041260951,0.0,0.0,7.33283208714964,-42.234056069200506,-0.08162900497526811,0
1727218467.3001523,1,0.3158332209274327,0.29488833210589493,0.3053607765166638,0.0,0.0,5.511201043732182,-41.84437863094025,-0.07999946355744326,0
1727218467.353295,1,0.31622776601683794,0.30313675443913407,0.309682260227986,0.0,0.011615349838117045,6.118165752136353,-42.970519669658536,-0.07836617477247448,0
1727218467.406124,1,0.33287133264930313,0.3013502377831579,0.3171107852162305,0.0,0.011624763874381928,5.713066195340396,-41.33446554900428,-0.07963017866470043,0
1727218467.491418,1,0.2923777591229224,0.3013502377831579,0.2968639984530401,0.0,0.022721405353294154,6.674719315769471,-41.9415679474358,-0.07364171419574045,0
1727218467.5226452,1,0.33969227994388246,0.293629772444708,0.31666102619429526,0.0,0.0,4.296060387516757,-42.84185025351766,-0.08198986362846467,0
1727218467.5861146,1,0.38316367838318516,0.30313675443913407,0.3431502164111596,0.0,0.011624763874381928,6.280136985582433,-40.67453609883376,-0.08312158519178822,0
1727218467.6778948,1,0.32605707420630536,0.313292874068759,0.3196749741375322,0.0,0.011108368642573443,5.365592777844947,-42.56282635398407,-0.07838485756435541,0
1727218467.7065158,1,0.39199692092485333,0.3192231060765489,0.3556100135007011,0.0,0.011624763874381928,6.199970521051109,-42.350820789271594,-0.07966635411982496,0
1727218467.7735252,1,0.31622776601683794,0.2898113415802839,0.30301955379856094,0.0,0.0,5.673311148106327,-42.05119333581664,-0.0786681696407773,0
1727218467.824329,1,0.33287133264930313,0.2915294513539239,0.31220039200161354,0.0,0.011615349838117045,6.351200000239734,-42.312218159629474,-0.08645848000073186,0
1727218467.8883703,1,0.31622776601683794,0.2854430422353522,0.3008354041260951,0.0,0.0,4.577932998655781,-43.29979668963133,-0.07870238663587122,0
1727218467.9895942,1,0.3401166302404319,0.2854430422353522,0.3127798362378921,0.0,0.0,7.022624295650644,-43.508892846885786,-0.08539755910627533,0
1727218468.0235472,1,0.2927430031867816,0.28713525510048,0.2899391291436308,0.0,0.0,5.701662371946201,-43.00856131265175,-0.08768017750307316,0
1727218468.0709918,1,0.31622776601683794,0.2854430422353522,0.3008354041260951,0.0,0.011360702676647077,5.568420205491856,-43.33622114760408,-0.08122642913531794,0
1727218468.156147,1,0.33287133264930313,0.2854430422353522,0.3091571874423277,0.0,0.011615349838117045,7.435025293420007,-43.6334519928762,-0.08577780842508645,0
1727218468.1862993,1,0.30233421849084685,0.2919859025739183,0.2971600605323826,0.0,0.011624763874381928,6.3790452600626555,-43.12845593460505,-0.0872535547429683,0
1727218468.2522006,1,0.3239206002289828,0.29178249789114213,0.30785154906006246,0.0,0.0,6.516956545074284,-42.44746362561608,-0.08384580234918422,0
1727218468.3355715,1,0.3635513389603322,0.31132189561769025,0.3374366172890112,0.0,0.011360702676647077,5.616098403319729,-42.87377785139463,-0.07745861393858929,0
1727218468.3715444,1,0.36685074805791235,0.24511344586694858,0.30598209696243045,0.0,0.011624763874381928,4.744065450740756,-42.65953015329346,-0.08105295153167294,0
1727218468.4330497,1,0.33447274835032853,0.2697044602861028,0.30208860431821566,0.0,0.011624763874381928,4.506949902568072,-44.17977220365906,-0.07978129488967547,0
1727218468.4840853,1,0.3640054944640259,0.27293819065935887,0.31847184256169236,0.0,0.0,6.92215760117613,-44.161648385059216,-0.08680905767945095,0
1727218468.5531247,1,0.33365500207951265,0.2581809142235555,0.2959179581515341,0.0,0.011901388973144479,4.150194175955614,-43.84735811493442,-0.08830555027513176,0
1727218468.6341076,1,0.3719324495262802,0.2771510483157548,0.3245417489210175,0.0,0.023782574707724703,6.9799417999216296,-45.463720299334184,-0.09158406941289479,0
1727218468.671845,1,0.35752266422167156,0.2651259647569979,0.31132431448933473,0.0,0.0,7.300969908153039,-48.33167057414839,-0.08904807887473326,0
1727218468.7375987,1,0.38263408078607625,0.27446917413347,0.3285516274597731,0.0,0.0,5.407369459848659,-51.99548500620801,-0.09388834156166048,0
1727218468.8264194,1,0.43062266916500297,0.23717082451262844,0.3338967468388157,0.0,0.012803687993289598,7.053262118365354,-55.64658459389558,-0.12525604194228407,0
1727218468.8544624,1,0.41025669656009156,0.2728714635854632,0.3415640800727774,0.0,0.02855977389887699,10.200558435539353,-58.88578926281866,-0.16212571578082458,0
1727218468.9086652,1,0.5801119756258213,0.2741625152310258,0.4271372454284236,0.0,0.015089291007086421,14.305655378957807,-67.78377102136541,-0.24988568423116692,0
1727218468.9878035,1,0.5600868364730212,0.24284555665712074,0.40146619656507093,0.0,0.0,21.02090682604459,-82.79614300340087,-0.3096703748432931,2
1727218469.0471578,1,0.4122312949338949,0.23157214397627363,0.3219017194550843,0.0,0.03641785203646149,23.72121431828632,-92.07920527760731,-0.35007055176917856,2
1727218469.0913155,1,0.806225774829855,0.27187589041077115,0.5390508326203131,0.0,0.0577778411828509,33.57243369885705,-103.59268317594756,-0.40128699633249915,2
1727218469.1606119,1,0.7070901939222625,0.2599037690147865,0.4834969814685245,0.0,0.0,43.662394319334474,-106.83576468007699,-0.39722184650901987,2
1727218469.2266932,1,0.7022468831767834,0.2712267628063075,0.4867368229915454,0.0,0.0,45.48133445044855,-107.15508378041677,-0.40024923689196606,2
1727218469.2826257,1,0.5270462766947299,0.2521765349303447,0.3896114058125373,0.0,0.04207031619116713,56.47726151375598,-117.57379434383274,-0.46790081918577614,2
1727218469.3365383,1,0.566227766016838,0.19698848743866804,0.381608126727753,0.0,0.0,54.870174243258916,-106.93684150339578,-0.4618092081575242,2
1727218469.4096928,1,0.6873766236094755,0.265855500500253,0.47661606205486423,0.0,0.0,59.70372292297306,-115.01208297076671,-0.48434786729691903,2
1727218469.4581738,1,0.9219544457292886,0.27754698505333136,0.59975071539131,0.0,0.0642529405317179,62.81624338970076,-108.85017379201133,-0.4464769355043333,2
1727218469.5325775,1,1.2501612379863412,0.25648972942790965,0.7533254837071254,0.0,0.020395425411200103,63.7120569448556,-104.42034266801066,-0.3857103194250447,2
1727218469.579554,1,1.2366938848016844,0.2582447357015517,0.7474693102516181,0.0,0.0,63.36932669091553,-104.78524610759419,-0.4247177530547941,2
1727218469.6695693,1,0.8062257748298549,0.26368963549213775,0.5349577051609964,0.0,0.0,60.0782255960751,-111.12707392220351,-0.4556481880980837,2
1727218469.6998186,1,1.3601470508735443,0.2793987461573565,0.8197728985154504,0.0,0.0,67.85731456874822,-108.60862635365535,-0.3961265796860186,2
1727218469.750916,1,1.0198752449100363,0.2321709407417454,0.6260230928258909,0.0,0.042835293687811936,57.8169078242778,-111.03204214730773,-0.4276686897022941,2
1727218469.8306918,1,1.0484184320727288,0.20956841107122734,0.628993421571978,0.0,0.01985753676973844,60.364027706337886,-105.86646230344485,-0.3629453769244586,2
1727218469.8948429,1,0.7656414934887765,0.28690272549956497,0.5262721094941707,0.0,0.0,65.03947531387232,-108.1056947205232,-0.4396176645557601,2
1727218469.9369588,1,1.0198752449100363,0.25326179543078475,0.6365685201704105,0.0,0.044721359549995794,61.00788232809669,-107.48606616547329,-0.4141418446920554,2
1727218470.0116847,1,1.096463939202724,0.2719219758869585,0.6841929575448412,0.0,0.05350406739925794,61.68406068673587,-104.19647968867856,-0.4212207966129877,2
1727218470.0745175,1,0.80860754006264,0.2090159022777969,0.5088117211702184,0.0,0.0,60.532160337597034,-104.31577284662572,-0.4588507460711806,2
1727218470.1097083,1,0.6729769087549206,0.2416488373320708,0.45731287304349566,0.0,0.0,50.164185647515815,-101.91516733729772,-0.39706746813438387,2
1727218470.2119226,1,0.7544738360147217,0.23115267158849218,0.49281325380160695,0.0,0.018405254345807757,44.36946812819329,-99.46263825479454,-0.3742078215717116,2
1727218470.240341,1,0.441074128362797,0.23593190807076267,0.33850301821677986,0.0,0.0,25.43637100028287,-79.41362263536467,-0.29651192885515054,2
1727218470.2934475,1,0.38620975704922655,0.30903805395075895,0.3476239054999928,0.0,0.013867504905630728,18.739721575508366,-62.03288477057812,-0.2128155313311025,0
1727218470.3525596,1,0.419722932888163,0.2823018298631888,0.3510123813756759,0.0,0.05716071551365807,18.55633559210094,-59.75604344452945,-0.17564053234600432,0
1727218470.4383078,1,0.419722932888163,0.31345378464642965,0.36658835876729634,0.0,0.301819342241797,14.759117764526176,-59.00531317521068,-0.2086239913597595,0
1727218470.4838145,1,0.3648216135955787,0.30903805395075895,0.3369298337731688,0.0,0.18932466747735865,11.93311549077772,-58.506175916484075,-0.18330888493049896,0
1727218470.538375,1,0.34567498693946347,0.279389515092825,0.31253225101614424,0.0,0.21993052127596238,11.615887843913926,-56.506534420039614,-0.17231851553137958,0
1727218470.62565,1,0.31018294626587445,0.2823018298631888,0.2962423880645316,0.0,0.1650703550965247,10.518725986774335,-52.98542842753467,-0.14468687744587835,0
1727218470.6556756,1,0.32650836449039417,0.272462488904917,0.29948542669765554,0.0,0.0,13.163738291753678,-47.81555815142,-0.12141711670076291,0
1727218470.7175643,1,0.32884575855409237,0.28713525510048,0.3079905068272862,0.0,0.0,10.044939857885398,-44.962084146277434,-0.0926098282085876,0
1727218470.801742,1,0.3776625710827893,0.2967552696911847,0.337208920386987,0.0,0.011360702676647077,11.496876849015978,-44.63791996550804,-0.09669686386705503,0
1727218470.8409593,1,0.33365500207951265,0.30313675443913407,0.31839587825932336,0.0,0.0,10.588574928269537,-46.457707986659436,-0.09865154946397364,0
1727218470.8928366,1,0.33407181048946843,0.28713525510048,0.3106035327949742,0.0,0.011624763874381928,11.751308406564654,-45.96031645313665,-0.10162185351715224,0
1727218470.972581,1,0.30413812651491096,0.28713525510048,0.2956366908076955,0.0,0.0,12.463746875384292,-45.79153828215845,-0.09531880768049375,0
1727218471.027364,1,0.3648810045341019,0.30313675443913407,0.33400887948661795,0.0,0.011360702676647077,13.14510537804022,-44.716005711736166,-0.09512882514175919,0
1727218471.073715,1,0.3363363969981562,0.272462488904917,0.3043994429515366,0.0,0.011108368642573443,13.159546023814999,-44.4454020471209,-0.09563098450672089,0
1727218471.145245,1,0.31894340790957704,0.2934620765591385,0.3062027422343577,0.0,0.011108368642573443,12.297904587055026,-42.61248866200499,-0.0846737837920046,0
1727218471.2097707,1,0.31283195280524406,0.272462488904917,0.29264722085508055,0.0,0.011108368642573443,11.974058291786012,-43.47075673100729,-0.09333835863632382,0
1727218471.2695024,1,0.3603172752420006,0.27738215938405286,0.3188497173130267,0.0,0.0,15.398348384931328,-43.62839505529983,-0.09310933943234596,0
1727218471.3149376,1,0.3131864367181832,0.24836551060347684,0.28077597366083,0.0,0.011108368642573443,13.4848693621506,-42.837265227629786,-0.08822099561360987,0
1727218471.3972027,1,0.325826705418464,0.24836551060347684,0.2870961080109704,0.0,0.02173399540921557,14.049924538184396,-41.7678178621445,-0.09375543076430323,0
1727218471.4467287,1,0.3648810045341019,0.2614217156364347,0.3131513600852683,0.0,0.0,13.63079630428356,-43.354871589426914,-0.10325828053632441,0
1727218471.507675,1,0.34776090694680883,0.2448868079420836,0.2963238574444462,0.0,0.011108368642573443,13.891032455938753,-42.15086928450219,-0.09333835863632382,0
1727218471.569706,1,0.36967431286942476,0.2537349194559057,0.3117046161626652,0.0,0.0,14.02556998551016,-43.170522235920345,-0.09746754732790593,0
1727218471.634722,1,0.36428433363726215,0.27738215938405286,0.3208332465106575,0.0,0.0,15.432729564107056,-44.07761774139832,-0.10189618462996224,0
1727218471.6845253,1,0.36428433363726215,0.2915294513539239,0.327906892495593,0.0,0.021739130434782608,12.541116880514602,-42.338280082442964,-0.08906982424338773,0
1727218471.7342992,1,0.3401166302404319,0.2626128657194451,0.3013647479799385,0.0,0.021739130434782608,11.749384606958982,-43.50056017924801,-0.0864202286282906,0
1727218471.8052413,1,0.3882968809412827,0.2552511472078564,0.3217740140745695,0.0,0.0,11.736941594825563,-42.95076481807083,-0.08146276313127077,0
1727218471.8634572,1,0.3640054944640259,0.24836551060347684,0.3061855025337514,0.0,0.02173399540921557,11.18593462206546,-43.67854596574455,-0.08941333310774782,0
1727218471.9167519,1,0.31894340790957704,0.28285331024803606,0.3008983590788066,0.0,0.0,10.491807878993198,-43.73302252158578,-0.08763706970538493,0
1727218471.9948168,1,0.3037586651986931,0.2380962739239279,0.27092746956131053,0.0,0.0,9.865694186946198,-46.478121514912154,-0.0784721857565,0
1727218472.0522175,1,0.1412811624583021,0.10699546922832877,0.12413831584331544,0.0,0.010869565217391304,7.13289533395565,-47.402112508948875,-0.05892151671700471,0
1727218472.0949616,1,0.22494775318685925,0.19827480446374035,0.2116112788252998,0.0,0.0,7.4522395927708125,-46.18622936668166,-0.06241497160744745,0
1727218472.1581798,1,0.2938507082299913,0.2756779149413134,0.28476431158565235,0.0,0.0,9.038028890028043,-46.117502433488326,-0.08364331478920545,0
1727218472.219219,1,0.2866981834358181,0.2928315475807072,0.28976486550826264,0.0,0.032600993113823355,11.313203648912808,-46.56574577597375,-0.08571941832017488,0
1727218472.2810001,1,0.33287133264930313,0.2585242823019195,0.2956978074756113,0.0,0.02127178149057585,9.192976224903934,-45.824056031554875,-0.0776644544278686,0
1727218472.3414583,1,0.32650836449039417,0.24970570913871912,0.2881070368145566,0.0,0.0,10.506685267596163,-46.84612720903491,-0.07795583829401104,0
1727218472.4322798,1,0.31806307721853005,0.27854334442328355,0.29830321082090683,0.0,0.0,9.810936446281879,-49.741490226030045,-0.08812456865768332,0
1727218472.462744,1,0.3167744004196767,0.24703262601975445,0.2819035132197156,0.0,0.03333333333333333,11.747492156357431,-54.30989670603486,-0.11550015995028093,0
1727218472.5185413,1,0.4685858039603097,0.2530913548363671,0.3608385793983384,0.0,0.02499219116020307,14.348803472696076,-63.04371912960886,-0.15158322320975384,0
1727218472.5796006,1,0.4846461311291887,0.2633244969407001,0.3739853140349444,0.0,0.0,15.692211980802593,-63.74261394406788,-0.1876800642874557,0
1727218472.6555226,1,0.5505567193145665,0.26723299900626524,0.4088948591604159,0.0,0.02857142857142857,15.858860115758741,-71.57361996154962,-0.21052263245914335,2
1727218472.736262,1,0.7036243763575102,0.25118017965166417,0.4774022780045872,0.0,0.015144563320384568,19.16169609360937,-79.7770313302437,-0.2634835219418973,2
1727218472.76434,1,0.4472970539383901,0.24565417956930863,0.34647561675384936,0.0,0.017079674642128877,22.180045983493454,-93.8997909716729,-0.3307273287244956,2
1727218472.819792,1,0.5910004147135041,0.2416488373320708,0.4163246260227874,0.0,0.05065140100898807,35.101739731347614,-106.18203158528465,-0.4262802183169394,2
1727218472.889507,1,0.40457334892393376,0.2147205822874687,0.30964696560570126,0.0,0.04396023614946098,48.22766848801614,-108.8660986153002,-0.4312717483855029,2
1727218472.9544566,1,0.6965505608782915,0.19001345864384012,0.4432820097610658,0.0,0.06522519734295847,60.181506293681686,-101.22916359636955,-0.4048288499213411,2
1727218473.0139754,1,1.0,0.2881131523761157,0.6440565761880579,0.0,0.019007148031742638,60.03471545003671,-104.96918697558237,-0.41601800698666214,2
1727218473.0604622,1,0.937670421916629,0.25956433926396616,0.5986173805902976,0.0,0.05012238093917016,58.46922553991091,-101.84912960515638,-0.3733696280564542,2
1727218473.1300206,1,0.8696263565463043,0.26368963549213775,0.5666579960192211,0.0,0.041344911529736156,54.56517782905054,-104.38852821231112,-0.39550974141362727,2
1727218473.1966171,1,1.414213562373095,0.272670941574606,0.8434422519738505,0.0,0.058470534620468625,56.838714970203014,-101.42108305839413,-0.3914413085272802,2
1727218473.2519593,1,1.030518091005155,0.22086305214969307,0.625690571577424,0.0,0.0,58.791975383012584,-102.95659504184167,-0.3655675169408972,2
1727218473.3204124,1,0.7802344863826207,0.26368963549213775,0.5219620609373792,0.0,0.019748812638334105,58.57857840363528,-108.96775705963168,-0.40708054087280515,2
1727218473.3747628,1,1.1141720290623112,0.272670941574606,0.6934214853184586,0.0,0.049907723075102384,54.22096075475874,-101.51318866996142,-0.36159079846905384,2
1727218473.4245057,1,1.1291047069245164,0.24104042766341374,0.685072567293965,0.0,0.021556530677961344,61.693804098550075,-103.49675411235168,-0.35496648198880276,2
1727218473.4813635,1,1.1401754250991378,0.22086305214969307,0.6805192386244154,0.0,0.03820803599504351,63.96924498112086,-104.45771903720896,-0.3458132955362866,2
1727218473.563392,1,1.019994217239592,0.24104042766341374,0.6305173224515028,0.0,0.041344911529736156,62.00172716318051,-107.05640087732768,-0.36524991236419463,2
1727218473.6040182,1,1.0868378704811066,0.26224651418225464,0.6745421923316806,0.0,0.03820803599504351,68.01295471624931,-100.0126990760277,-0.3461163924410981,2
1727218473.6666358,1,1.1295406451144276,0.23475301676312274,0.6821468309387752,0.0,0.04767785131223138,55.60721571546722,-100.21309223478121,-0.3800467812499731,2
1727218473.7533565,1,1.1401754250991378,0.2370702205977993,0.6886228228484685,0.0,0.03971507353947688,57.00423731026885,-106.37461359795772,-0.410464721793983,2
1727218473.7886746,1,0.937670421916629,0.2524209411581757,0.5950456815374023,0.0,0.061649620239508984,55.40898369077139,-104.47886473829564,-0.3855404280407737,2
1727218473.8498368,1,1.2501612379863412,0.272670941574606,0.7614160897804736,0.0,0.038014296063485276,62.19355686769104,-106.69965051080757,-0.40031791458688,2
1727218473.9326108,1,1.0382023990312133,0.3016542617985918,0.6699283304149025,0.0,0.021556530677961344,61.82703332326689,-105.35585283159863,-0.42570263585917734,2
1727218473.9691763,1,1.1295406451144276,0.25180106776325567,0.6906708564388416,0.0,0.052285598682794934,59.03487838832588,-104.1184092280953,-0.43647603512234684,2
1727218474.043608,1,1.5951362318292766,0.3133104100957925,0.9542233209625346,0.0,0.02370227315699886,57.13064078750578,-109.67657436228504,-0.43807257940841793,2
1727218474.1116421,1,1.1201736729460423,0.29412858809577336,0.7071511305209078,0.0,0.052285598682794934,59.98537710242509,-112.92809836957977,-0.4013112434160697,2
1727218474.151107,1,1.3601470508735443,0.3133104100957925,0.8367287304846684,0.0,0.0,58.60459830390745,-113.58258853399361,-0.4026652248717644,2
1727218474.21505,1,1.019994217239592,0.2988029110483515,0.6593985641439717,0.0,0.045454545454545456,48.54896283162223,-119.74395029593128,-0.43218137204662105,2
1727218474.279541,1,1.2713940986118573,0.21841799838463088,0.744906048498244,0.0,0.07975889843221229,42.9319932584431,-118.40640754004731,-0.4018821566795435,2
1727218474.3365018,1,0.9043037700313199,0.22805720164047566,0.5661804858358978,0.0,0.04,36.932903998846385,-115.25231559199804,-0.3878686635050818,2
1727218474.395994,1,0.7907907066908767,0.1547631380214859,0.4727769223561813,0.0,0.045407660918649985,19.935714931209823,-128.348337647526,-0.4268114262130738,2
1727218474.458836,1,0.7965360403076882,0.1649242250247064,0.4807301326661973,0.0,0.024968808471946116,3.7320861061749433,-125.19136656155462,-0.35540506881514483,2
1727218474.5205786,1,0.4338609156373123,0.10202847075210475,0.26794469319470854,0.0,0.04824569012164686,2.3168558486530073,-131.84291675310251,-0.2663234465158695,2
1727218474.5789394,1,0.5024450000340608,0.16194471593556864,0.33219485798481474,0.0,0.05012238093917016,-7.402576321255893,-138.84685871595758,-0.20776162333665057,2
1727218474.6641226,1,0.4241340897315533,0.1740055796038364,0.2990698346676949,0.0,0.02688016652852352,-18.88792756521538,-133.72365113457408,-0.13605987556098223,2
1727218474.6923923,1,0.6009252125773316,0.12337220169960089,0.36214870713846625,0.0,0.03492151478847891,-14.736680842843363,-129.72653087132593,-0.14615891067620956,2
1727218474.7450647,1,0.541547594742265,0.11451966686277366,0.32803363080251935,0.0,0.0,-52.411503576329245,-100.35360561229625,0.047356157482829585,2
1727218474.8171732,1,0.4975185951049946,0.08304547985373997,0.29028203747936726,0.0,0.0,-72.93448250224745,-74.16852551811641,0.21742350877371905,2
1727218474.90728,1,0.553810604888386,0.13797678471687636,0.34589369480263116,0.0,0.0,-74.3030319666566,-57.9257399990577,0.26982051344191516,2
1727218474.938596,1,0.6000063553811498,0.11577921116187231,0.35789278327151103,0.0,0.019230769230769232,-82.4884071262893,-52.77122336390139,0.3232568544640694,2
1727218474.9860988,1,0.5481808403147831,0.10199909656551887,0.325089968440151,0.0,0.0,-86.83241820041559,-43.16757189389584,0.40159092060455165,2
1727218475.0400946,0,-1,-1,-1,-1,-1,-1,-1,-1,-1
1727218475.1484127,1,0.45267873021259264,0.11809942922515665,0.2853890797188746,-1,0.0,-88.50022401975181,-18.254481453115297,0.4475197995820489,2
1727218475.1708534,0,-1,-1,-1,-1,-1,-1,-1,-1,-1
1727218475.2712348,1,0.37628834735343897,0.15827099700780045,0.2672796721806197,-1,0.06565698352151747,-91.7812213767792,-9.106989294832434,0.46111962153662306,2
1727218475.2901456,0,-1,-1,-1,-1,-1,-1,-1,-1,-1
1727218475.3597648,1,0.4061552812808831,0.14581460153501197,0.2759849414079475,-1,0.014332591242820382,-86.8260307648815,-1.7463157537873077,0.4969783760479001,2
1727218475.4147458,1,0.3331279585770024,0.14219740549129287,0.23766268203414764,-1,0.034142135623730946,-83.40265032284334,0.4570943996739138,0.41599847767178433,2
1727218475.4657474,0,-1,-1,-1,-1,-1,-1,-1,-1,-1
1727218475.521191,0,-1,-1,-1,-1,-1,-1,-1,-1,-1
1727218475.6294546,1,0.2739983121755955,0.11525038262192046,0.19462434739875797,-1,0.04762216371139533,-85.27198933978494,0.0667045869829981,0.42597472608209475,2
1727218475.670537,1,0.3329504571852429,0.13042054445773277,0.23168550082148784,-1,0.03897747752510572,-77.78776534675862,-7.592290633970723,0.3827156567492558,2
1727218475.7010531,0,-1,-1,-1,-1,-1,-1,-1,-1,-1
1727218475.8183002,1,0.23550816858306217,0.14534315796609595,0.19042566327457905,-1,0.03901371573204352,-84.18417683167357,7.448169125655978,0.41063798964039017,2
1727218475.8360422,0,-1,-1,-1,-1,-1,-1,-1,-1,-1
1727218475.8884604,0,-1,-1,-1,-1,-1,-1,-1,-1,-1
1727218475.9639382,0,-1,-1,-1,-1,-1,-1,-1,-1,-1
1727218476.0085526,0,-1,-1,-1,-1,-1,-1,-1,-1,-1
1727218476.0832856,0,-1,-1,-1,-1,-1,-1,-1,-1,-1
1727218476.1419396,0,-1,-1,-1,-1,-1,-1,-1,-1,-1
1727218476.18271,0,-1,-1,-1,-1,-1,-1,-1,-1,-1
1727218476.2570274,0,-1,-1,-1,-1,-1,-1,-1,-1,-1
1727218476.3180816,0,-1,-1,-1,-1,-1,-1,-1,-1,-1
1727218476.3694296,0,-1,-1,-1,-1,-1,-1,-1,-1,-1
1727218476.445574,0,-1,-1,-1,-1,-1,-1,-1,-1,-1
1727218476.499396,0,-1,-1,-1,-1,-1,-1,-1,-1,-1
1727218476.5450463,0,-1,-1,-1,-1,-1,-1,-1,-1,-1
1727218476.6271067,0,-1,-1,-1,-1,-1,-1,-1,-1,-1
1727218476.6820962,0,-1,-1,-1,-1,-1,-1,-1,-1,-1
1727218476.7280343,0,-1,-1,-1,-1,-1,-1,-1,-1,-1
1727218476.808291,0,-1,-1,-1,-1,-1,-1,-1,-1,-1
1727218476.8671572,0,-1,-1,-1,-1,-1,-1,-1,-1,-1
1727218476.9062495,0,-1,-1,-1,-1,-1,-1,-1,-1,-1
1727218476.9736032,0,-1,-1,-1,-1,-1,-1,-1,-1,-1
1727218477.050027,0,-1,-1,-1,-1,-1,-1,-1,-1,-1
1727218477.107812,0,-1,-1,-1,-1,-1,-1,-1,-1,-1
1727218477.167082,0,-1,-1,-1,-1,-1,-1,-1,-1,-1
1727218477.256718,1,0.1337601183199489,0.5453152582262828,0.33953768827311587,12.0,0.01917412472118426,26.027580834181748,83.02671870660132,-0.9210173614293353,2
1727218477.289476,1,0.14958506144577008,0.5824546844848493,0.3660198729653097,12.0,0.017200522903844537,26.405624568463853,84.17682694665898,-0.8899093219930421,2
1727218477.3355079,1,0.12300495677084261,0.8617946425251357,0.4923997996479892,12.0,0.0,30.67296450028023,77.38502183435604,-0.9731203017687381,2
1727218477.4047346,1,0.15195420302696422,0.8853156407653622,0.5186349218961632,12.0,0.0,32.52623993174174,76.17402991087735,-1.0441631868774714,2
1727218477.4841075,1,0.06776191067163631,0.7615773105863908,0.41466961062901353,12.0,0.0,26.45422722485644,73.53238554294718,-0.8837915926820019,2
1727218477.5191705,1,0.13190983552522034,0.7580540168447372,0.4449819261849788,12.0,0.017755520605710874,38.64427702145078,71.15661317570479,-0.9639653334870328,2
1727218477.5780604,1,0.06589959784863339,0.5322650632906499,0.2990823305696417,12.0,0.0,30.17885233372635,72.21767948010141,-0.8213047356725146,2
1727218477.657728,1,0.08050350827461975,0.8334408253242274,0.45697216679942354,12.0,0.0,35.74950105014348,61.86104480963482,-0.9226714160986944,2
1727218477.7091842,1,0.08434915058856515,0.7004041959724749,0.39237667328052006,12.0,0.0,37.71894706312868,60.52714755037381,-1.032814885230582,2
1727218477.7557652,1,0.09672388203287414,0.8521380885269284,0.4744309852799013,12.0,0.0,37.75738711041245,60.883911344710015,-1.1444215934800823,2
1727218477.8353713,1,0.144025397559798,0.6970164213100334,0.4205209094349157,12.0,0.04207031619116713,38.65555994985378,58.10015124363904,-0.9901888767910666,2
1727218477.8918176,1,0.09877295966495897,0.7679679437500966,0.43337045170752775,12.0,0.0,41.78216695919316,55.31896556504752,-1.0025719499594303,2
1727218477.943702,1,0.09877295966495897,0.6299542226531959,0.36436359115907746,12.0,0.037139067635410375,36.13708441600875,62.98080699392969,-0.865708029593048,2
1727218477.9966092,1,0.13834530822574193,0.5366563145999494,0.3375008114128457,12.0,0.0,35.96592945804894,63.152119500297005,-0.8599020035028669,2
1727218478.0735984,1,0.11245405460403443,0.6134093299679241,0.36293169228597927,12.0,0.03952847075210474,36.965362268714784,60.850067381174554,-0.9337849054106436,2
1727218478.1183014,1,0.13713245325054632,0.7886009344121129,0.4628666938313296,12.0,0.0,42.6577646670726,57.85781415354853,-1.13884006433681,2
1727218478.179818,1,0.08977315257075452,0.7963330593811955,0.443053105975975,12.0,0.02469323991623974,42.74354895594285,57.50068279712436,-1.1586358469081948,2
1727218478.257196,1,0.13675478122178655,0.8990113886890024,0.5178830849553945,12.0,0.022893427324781505,49.10894517973382,55.18514772253986,-1.0459623339337556,2
1727218478.311309,1,0.23474016850621632,1.1721674414891836,0.7034538049976999,12.0,0.0282842712474619,54.342140702983244,54.13824161194775,-1.0540082581283001,2
1727218478.4015608,1,0.31091332114398096,0.7656107675203278,0.5382620443321544,12.0,0.019259280394283634,54.018697626210646,61.773974896935215,-1.0514816926438684,2
1727218478.4358094,1,0.3110958925105318,0.5355102378626347,0.4233030651865833,12.0,0.037139067635410375,51.18572990191577,64.239058189312,-0.872043268215879,2
1727218478.5102777,1,0.35933850392488725,0.8498365855987974,0.6045875447618423,12.0,0.0,66.2361490546875,65.68447466286118,-1.0459941253964615,2
1727218478.551981,1,0.2658284312152618,0.3951053828924878,0.3304669070538748,12.0,0.0,80.80245639319573,63.652947701181716,-0.8723585083988633,2
1727218478.6335297,1,0.26753618096072357,0.26396326076451465,0.2657497208626191,12.0,0.04956139503413173,84.592352106459,60.415551352643895,-0.5957030617984971,2
1727218478.6628122,1,0.26873309160639414,0.7786047793102971,0.5236689354583457,12.0,0.049861687148590024,90.45206936764794,46.20122159866385,-0.8403180050135394,2
1727218478.735072,1,0.24970570913871912,0.6042610391802973,0.4269833741595082,12.0,0.05570860145311556,82.2727531183092,44.038647333050335,-0.746404374918403,2
1727218478.7956305,1,0.33707631190415493,0.4444444444444444,0.39076037817429965,12.0,0.017460757394239454,87.38571782276253,46.94056718663089,-0.5403532239058294,2
1727218478.8501809,1,0.2662742108066691,0.3372936022910166,0.30178390654884285,12.0,0.017323973216880926,88.4379755527545,45.005249723151756,-0.46294028592663544,2
1727218478.9260037,1,0.2687000738164234,0.3498551302202616,0.30927760201834253,12.0,0.032461373658059775,87.16835243750796,46.84282314272278,-0.3453856410880791,2
1727218478.9718227,1,0.2808852602909312,0.3384627344007359,0.30967399734583356,12.0,0.07051507420834027,90.97313801489626,44.310324433743354,-0.4278168835989262,2
1727218479.0263512,1,0.2912468362417415,0.30410352085392206,0.29767517854783176,12.0,0.01515847656477081,88.35564024917305,46.541242355511756,-0.1974270698790809,2
1727218479.0877964,1,0.3145091241282065,0.3033006504530928,0.30890488729064963,12.0,0.0,91.24158884956599,45.267854295240355,-0.12444831932566673,2
1727218479.1623774,1,0.36024467499140567,0.3430805738534929,0.3516626244224493,12.0,0.0,91.21359372003775,40.64160813278433,-0.0979572362704032,2
1727218479.2031186,1,0.30796082480239945,0.4084708691207961,0.3582158469615978,12.0,0.03841106397986879,87.613066008822,39.356104932369085,-0.03825348042437985,2
1727218479.2783225,1,0.35866514171771896,0.32830842531896226,0.3434867835183406,12.0,0.013130643285972255,92.81843153589838,36.93623085960437,0.010035149532941396,2
1727218479.3321266,1,0.3777142885721291,0.33563229250828386,0.35667329054020647,12.0,0.025118017965166415,90.1032149989691,37.880862779231315,0.06574958244529625,2
1727218479.3810682,1,0.3542024494232632,0.36492111325397,0.3595617813386166,12.0,0.01249219481659769,86.6595113490769,37.52732960451746,0.05508066933073612,2
1727218479.4525564,1,0.3475706678180953,0.37559598520885196,0.36158332651347364,12.0,0.012803687993289598,88.53352067695651,34.29564073808323,0.056447794571394025,2
1727218479.505658,1,0.29681187204106463,0.2679985157046388,0.2824051938728517,12.0,0.0233890134862494,82.0435023428708,32.87436513117751,0.11989424850597447,2
1727218479.5720928,1,0.30757294089362897,0.294257422207658,0.30091518155064345,12.0,0.012361704410853719,85.52612451074393,31.635488667151787,0.16122294414433855,2
1727218479.652879,1,0.2888296996607532,0.3210806495339678,0.30495517459736055,12.0,0.028451779686442455,82.94691673574161,27.32590596363538,0.20430280095183226,2
1727218479.6879568,1,0.2916146528448829,0.327131333960193,0.309372993402538,12.0,0.02718267761023817,77.412487963702,24.127399808231978,0.18879219864823193,2
1727218479.7508087,1,0.29874803703758657,0.3409181855817286,0.3198331113096576,12.0,0.010778265338980672,73.32532216618931,20.299732785072642,0.15550184221630606,2
1727218479.8018804,1,0.29874803703758657,0.34884994609834646,0.32379899156796654,12.0,0.0,71.99282688289469,19.757982967928896,0.16716771482358153,2
1727218479.866099,1,0.3522606864821505,0.327131333960193,0.33969601022117174,12.0,0.021491713855208944,72.15465421471747,18.335289576335278,0.1642425078396328,2
1727218479.9346507,1,0.32146167615720544,0.36921640634860897,0.3453390412529072,12.0,0.0,70.67237132789127,18.881327155455818,0.16000512658153282,2
1727218480.0090108,1,0.3504744925699965,0.3343402696845619,0.3424073811272792,12.0,0.0,72.18024132491716,19.473243459715313,0.1910390785227322,2
1727218480.04292,1,0.32146167615720544,0.369524210763289,0.3454929434602472,12.0,0.0,71.79730596025252,17.795503097855754,0.16705521876232707,2
1727218480.1248512,1,0.3442956346313523,0.36467477671134946,0.3544852056713509,12.0,0.010578605459352259,71.67697927297438,18.380112772197343,0.17438688858948007,2
1727218480.1672685,1,0.3348905783050558,0.3197443067909726,0.3273174425480142,12.0,0.0,68.47425873879261,15.882139253359288,0.1698967098509935,2
1727218480.2279067,1,0.3046616294980714,0.3264002056876062,0.3155309175928388,12.0,0.0,68.89890598082852,9.834627136312973,0.14309214116363436,2
1727218480.3168359,1,0.2875470523797684,0.3400213697402667,0.3137842110600175,12.0,0.010336227882434039,68.47865132818643,3.3669827426114196,0.17861602546643024,2
1727218480.347316,1,0.29412858809577336,0.31898088913156,0.30655473861366667,12.0,0.020672455764868078,66.62761691556148,-4.090089320302812,0.1240103044141021,2
1727218480.4129262,1,0.30736845579728317,0.29904458356083746,0.3032065196790603,12.0,0.009736770630616433,65.65315047655606,-6.931610481033744,0.14853304842628415,2
1727218480.4891791,1,0.3042095621983066,0.2889745339061342,0.2965920480522204,12.0,0.01985753676973844,65.2744612283158,-10.629660339788916,0.13991565827084287,2
1727218480.53268,1,0.30736845579728317,0.30746497680963514,0.3074167163034591,12.0,0.014652112950409236,68.33356607638542,-10.268147453743024,0.1443410684210551,2
1727218480.626727,1,0.320902088969416,0.30678599553894814,0.31384404225418205,12.0,0.020302737602678898,69.06690862447847,-9.868636667743594,0.15257556432581323,2
1727218480.6572735,1,0.32787965931712626,0.3389171947022825,0.33339842700970435,12.0,0.031142054945152486,73.95036640895378,-9.943721369974085,0.1692928902012799,2
1727218480.7094305,1,0.3028912664076913,0.320222078625785,0.31155667251673813,12.0,0.021693045781865615,77.37497710409653,-10.28466627876309,0.19330431495354863,2
1727218480.7991173,1,0.3214766966291536,0.30746497680963514,0.31447083671939435,12.0,0.021233384741779292,79.23268052551536,-11.565292720097188,0.23204916340310602,2
1727218480.8325195,1,0.26777951663681243,0.2928931088450006,0.28033631274090653,12.0,0.010396381025863422,80.15138963060365,-11.416380572090464,0.2528273658173934,2
1727218480.894827,1,0.2111260516545548,0.1432455532033676,0.1771858024289612,12.0,0.035441875451302576,78.23360507281448,-13.811364508305742,0.24794918115075734,2
1727218480.979178,1,0.17150544512403798,0.24165525060596438,0.20658034786500118,12.0,0.010616692370889646,82.16726488706661,-12.300645413076674,0.24856354853175508,2
1727218481.012898,1,0.1859657282916017,0.23980823009322946,0.2128869791924156,12.0,0.0,80.71330475283762,-13.91574339621733,0.26870412563509377,2
1727218481.0755067,1,0.19156525704423027,0.2914138129852693,0.2414895350147498,12.0,0.010859306069076735,81.16019201855832,-16.819955923955895,0.2301345708964198,2
1727218481.1434624,1,0.255912453544358,0.27207783648890993,0.26399514501663396,12.0,0.011100153405180096,80.46164736292612,-17.5931529585742,0.2105650338180092,2
1727218481.189895,1,0.2630930638504397,0.2838854520374086,0.27348925794392415,12.0,0.011351915229662496,84.01286336567723,-20.79758606187561,0.18309230764838502,2
1727218481.2507966,1,0.2400189118061839,0.3056040641755621,0.27281148799087296,12.0,0.011360702676647077,81.76651906723723,-17.997647005683863,0.24561195483292386,2
1727218481.352625,1,0.2401812615829874,0.31222908534136,0.2762051734621737,12.0,0.011351915229662496,86.14160684747571,-16.877702167033576,0.23043977732493748,2
1727218481.3829668,1,0.2729442568277331,0.29864233397920936,0.2857932954034712,12.0,0.011624763874381928,88.0381635733822,-14.075170836299488,0.2293969595126759,2
1727218481.4264207,1,0.2578291822550649,0.3289853382644353,0.2934072602597501,12.0,0.011624763874381928,87.28844747714022,-11.940658382647573,0.22133419810661764,2
1727218481.4934845,1,0.20986055078837967,0.3210806495339678,0.26547060016117374,12.0,0.011360702676647077,89.8018852077937,-12.782125055228606,0.2542085315163704,2
1727218481.5589404,1,0.1970142500145332,0.2928931088450006,0.2449536794297669,12.0,0.022721405353294154,86.73028823407802,-10.482278342157345,0.27671297589597693,2
1727218481.61091,1,0.2711630722733202,0.27380056109794654,0.27248181668563337,12.0,0.0,90.79785446052037,-8.600686184461138,0.22181555137088152,2
1727218481.6931305,1,0.19746094724798977,0.2723139127471974,0.2348874299975936,12.0,0.011624763874381928,87.28252061472219,-13.415945944783514,0.28572623296996613,2
1727218481.7366805,1,0.28539565502848735,0.27380056109794654,0.27959810806321694,12.0,0.040599394557632514,93.06807849292815,-11.318397420700311,0.2246881125230809,2
1727218481.7896843,1,0.2595332598211025,0.27380056109794654,0.2666669104595245,12.0,0.016070608663330627,89.26856022597795,-10.132152159262528,0.2645558826622129,2
1727218481.856774,1,0.20693273953189795,0.24253562503633294,0.22473418228411546,12.0,0.01644434374852436,86.79121957843392,-9.090260258323749,0.2851520154081155,2
1727218481.9303713,1,0.2806027600245043,0.25979224926766525,0.2701975046460848,12.0,0.023249527748763855,90.34829866782145,-8.037861010322345,0.24648255603518948,2
1727218481.97382,1,0.24673180859807112,0.2943724047047319,0.2705521066514015,12.0,0.011360702676647077,88.97851158490509,-8.864864521343272,0.24853960354947507,2
1727218482.0567336,1,0.27942454809496975,0.26421832024808,0.2718214341715249,12.0,0.03571428571428571,90.80670041940662,-12.99162932136015,0.19058557617801203,2
1727218482.0988863,1,0.22257172310433238,0.30628194591584446,0.2644268345100884,12.0,0.03968942647929958,87.71973145361707,-8.638557058852692,0.2161868975548467,2
1727218482.1609511,1,0.26354602406911043,0.27137327465928585,0.26745964936419814,12.0,0.03487429162314578,92.78213231347193,-10.811409304681096,0.18763551229113157,2
1727218482.2477596,1,0.2671116827781183,0.29361010975735174,0.280360896267735,12.0,0.0,91.62710896501548,-11.406726938332678,0.17343029203329363,2
1727218482.2785773,1,0.2949955097939174,0.259888849094526,0.27744217944422167,0.0,0.0325779182072302,88.17523553513688,-7.064940292744025,0.22083190447099754,2
1727218482.3304513,1,0.22257172310433238,0.2508547030718512,0.2367132130880918,0.0,0.022173003507924643,88.47041584958205,-8.829103326344757,0.2413447464049097,2
1727218482.4321134,1,0.18760816441715747,0.29361010975735174,0.24060913708725462,0.0,0.02220030681036019,85.74478953721439,-7.912261546659133,0.27285439277287293,2
1727218482.4647412,1,0.18314741859825204,0.23167639573238993,0.20741190716532099,0.0,0.010866997704607785,87.95456276128041,-8.748289363046688,0.32479331875655104,2
1727218482.530348,1,0.21243447207880764,0.19216561050602196,0.2023000412924148,0.0,0.0105999788000636,84.27805621463273,-3.2667391703393363,0.3683847886414716,2
1727218482.5841756,1,0.2559037429654299,0.17256712249065834,0.21423543272804413,0.0,0.0211999576001272,86.31755986953056,2.0313014601255794,0.4627548570214502,2
1727218482.6400237,1,0.20220847020993685,0.15886029415790753,0.1805343821839222,0.0,0.01499063377991723,86.35282431415382,3.331567083725578,0.47115944722845415,2
1727218482.6922593,1,0.21003191709990374,0.1794267501365025,0.1947293336182031,0.0,0.0,90.19606413329883,0.44980792101194167,0.4483909856423265,2
1727218482.7631738,1,0.19179491832019527,0.14200841036484613,0.16690166434252068,0.0,0.021491713855208944,89.10467892431615,5.571240376773816,0.5126444232964505,2
1727218482.8305516,1,0.23659204181699484,0.14869869628360124,0.19264536905029805,0.0,0.0,89.78825355924013,13.663767967940334,0.4998188114807635,2
1727218482.872375,1,0.23968482192103788,0.23082176787424136,0.23525329489763963,0.0,0.012437964877624864,93.76887056731626,25.38419037137048,0.5437751504449547,2
1727218482.9463968,1,0.24599669136675154,0.18569533817705186,0.21584601477190168,0.0,0.02480694691784169,95.39524951610977,29.193656878145685,0.5198075844560582,2
1727218483.0143764,1,0.22403473458920845,0.2158132119814573,0.21992397328533286,0.0,0.012403473458920846,97.23422570663982,30.785725322781584,0.4406373150155608,2
1727218483.0612464,1,0.24042351841717252,0.22594479646818832,0.23318415744268042,0.0,0.01299688112275091,100.69891354518445,34.774446049582295,0.42033172970555266,2
1727218483.1265008,1,0.2549688112275091,0.22300783200384813,0.23898832161567862,0.0,0.01299688112275091,96.9283349043168,32.553879106435886,0.4008736288900026,2
1727218483.1800182,1,0.238875157648325,0.24087440257466058,0.2398747801114928,0.0,0.013699915608779775,99.33957703146922,35.84394300104494,0.3599716714647812,2
1727218483.2673793,1,0.21405828349114567,0.3067233195933498,0.26039080154224775,0.0,0.0,99.00680015218322,32.75172217150774,0.2532296549603462,2
1727218483.2978063,1,0.22962388301253314,0.33663398378642617,0.28312893339947964,0.0,0.01535737792084878,103.93487968785746,32.726232926533115,0.15835437494789983,2
1727218483.3972208,1,0.20181758367062985,0.32496498262831375,0.2633912831494718,0.0,0.03087537605472192,103.5090457718013,35.764597926976485,0.12881915586038084,2
1727218483.427414,1,0.2487554673696606,0.29375911261381293,0.27125728999173676,0.0,0.038229455331607876,99.81168572077323,34.044633931316234,0.17995361892049397,2
1727218483.476679,1,0.2632594689914738,0.29011091520063076,0.27668519209605225,0.0,0.015732919388188816,96.69368912477012,38.13822054476362,0.10275708055056977,2
1727218483.5574074,1,0.23048977841302296,0.29375911261381293,0.26212444551341796,0.0,0.03167031776097682,99.96775934938677,41.94641455426285,0.05624660781507243,2
1727218483.6128814,1,0.15133325560164024,0.29011091520063076,0.2207220854011355,0.0,0.016230686829029888,93.75774787357383,50.34409666611903,-0.08788357585734359,2
1727218483.6674743,1,0.15603576633746066,0.25,0.20301788316873032,0.0,0.017460757394239454,95.0155978644552,47.251421427692755,-0.12326302664429738,2
1727218483.7191978,1,0.20377461396621724,0.375,0.2893873069831086,0.0,0.033520076157699544,94.15024096609153,52.70387631714189,-0.25924210187051033,2
1727218483.7960162,1,0.24068797323057006,0.4,0.32034398661528507,0.0,0.05238227218271836,89.6323410722505,51.25005289121972,-0.339183592363687,2
1727218483.8505378,1,0.23281009858985943,0.5,0.36640504929492973,0.0,0.03492151478847891,81.94276432491642,52.49595995202969,-0.36197973624090807,2
1727218483.904845,1,0.23103193405263248,0.4571611329805377,0.3440965335165851,0.0,0.10364695684381169,76.57441903786173,53.822176879485745,-0.3797871826870805,2
1727218483.9566824,1,0.263999006867454,0.5883484054145521,0.42617370614100303,0.0,0.050280114236549316,68.61168384946377,53.02052076298311,-0.39544202038392007,2
1727218484.0192547,1,0.2779768277595068,0.6552798018529242,0.46662831480621547,0.0,0.022394296451119466,64.01618584508017,56.74325830250027,-0.5219402770474748,2
1727218484.0917478,1,0.30408504573092004,0.4975185951049946,0.4008018204179573,0.0,0.0,61.40781406551945,49.879673089481436,-0.4650669473811789,2
1727218484.1622553,1,0.3356317608678361,0.592406172308638,0.46401896658823705,0.0,0.03146583877637763,57.210288037943144,51.95247931707044,-0.5383786848362027,2
1727218484.2026136,1,0.2977036180094106,0.6181225377691006,0.4579130778892556,0.0,0.03167031776097682,57.29587039814625,50.685984292166246,-0.7007943268716318,2
1727218484.2747054,1,0.2977036180094106,0.27472112789737807,0.2862123729533943,0.0,0.017460757394239454,54.87800210910463,52.14374962938933,-0.7395008129402166,2
1727218484.3366215,1,0.31008037048995596,0.4244373438135827,0.3672588571517693,0.0,0.03492151478847891,54.00813237718842,53.25839506052776,-0.7243173173210614,2
1727218484.3779123,1,0.2977036180094106,0.5196854747832864,0.4086945463963485,0.0,0.06397653144995206,46.588489293472804,56.15096502059211,-0.6702295415939934,2
1727218484.4569817,1,0.3116897763966385,0.5273355611501415,0.41951266877339,0.0,0.03492151478847891,42.677357946063836,58.26132306773456,-0.5736645530764488,2
1727218484.5176191,1,0.3232183104162746,0.6054621777078478,0.4643402440620612,0.0,0.0377694787300249,49.43737894598527,55.874993981928576,-0.789794943487872,2
1727218484.559533,1,0.3055605308966197,0.5457051563317492,0.42563284361418446,0.0,0.018077538151554683,47.724116412965756,53.108983275122725,-0.7778577842007035,2
1727218484.6299014,1,0.3271321717415565,0.4472135954999579,0.3871728836207572,0.0,0.018077538151554683,46.51924667063872,57.594519716845916,-0.7509828355063282,2
1727218484.7007387,1,0.343571370507167,0.5003621783589618,0.4219667744330644,0.0,0.0,45.013184827587494,53.68842933708743,-0.7955238729896265,2
1727218484.7492661,1,0.3319346345559949,0.6695340634119861,0.5007343489839905,0.0,0.0,39.80466004937745,52.72159414145625,-0.716529100043381,2
1727218484.8023615,1,0.3374319664199275,0.7697696966350548,0.5536008315274912,0.0,0.03167031776097682,40.87973615052221,51.346782107119566,-0.688791798404504,2
1727218484.8899922,1,0.32217480337601734,0.6176109608556767,0.469892882115847,0.0,0.0,38.15303509644113,52.575254479183364,-0.6319479379270161,2
1727218484.9284127,1,0.3214054756357369,0.7313486587808492,0.526377067208293,0.0,0.02964345833643761,38.13575824228165,50.88956402808325,-0.6603414349927602,2
1727218484.981728,1,0.3112096337741045,0.6176109608556767,0.4644102973148906,0.0,0.037075990059002244,33.320237227871885,53.533209804471625,-0.6221245317547556,2
1727218485.0601106,1,0.3173328729840171,0.6488359805172738,0.48308442675064545,0.0,0.0,31.322963938270746,52.80961604839633,-0.607812086072737,2
1727218485.1184423,1,0.27742001472912553,0.6971516138328424,0.48728581428098394,0.0,0.014980537942799493,32.83428014076455,53.745896504152896,-0.6038465340733481,2
1727218485.1665883,1,0.3173328729840171,0.5647703225572138,0.4410515977706154,0.0,0.0,29.043153180354984,54.00355857015791,-0.5557647922913818,2
1727218485.2491262,1,0.3003471322366026,0.46423834544262965,0.3822927388396161,0.0,0.0,19.454828686833288,53.61895997057707,-0.44943813148653133,2
1727218485.2910273,1,0.32712126830457544,0.4472135954999579,0.38716743190226666,0.0,0.0,14.464586171542852,54.541386341856104,-0.38488208093146453,2
1727218485.3543212,1,0.33138340035128827,0.4249182927993987,0.3781508465753435,0.0,0.0,13.139691728570792,49.17124862889534,-0.35355354988609117,2
1727218485.4260786,1,0.3478170389210655,0.45859621233550607,0.4032066256282858,0.0,0.011785113019775792,9.244008469892176,46.35730320261818,-0.3184068047020534,2
1727218485.4725327,1,0.3212383815378118,0.3861121194774122,0.353675250507612,0.0,0.0,8.748909045611672,47.519623046817365,-0.2866010594193729,2
1727218485.5259442,1,0.3212383815378118,0.3905170069866959,0.35587769426225385,0.0,0.0,8.952180493866923,46.08160784173266,-0.28300109117232497,2
1727218485.5846448,1,0.33218592493075033,0.3861121194774122,0.3591490222040813,0.0,0.0,7.0135631485968535,44.99528130710894,-0.3030286841442342,2
1727218485.6613696,1,0.3472394292688232,0.4356325414059814,0.3914359853374023,0.0,0.0,9.872068832313573,46.13518871323969,-0.29034985941178415,2
1727218485.717825,1,0.3212383815378118,0.4295549348542655,0.3753966581960386,0.0,0.0,8.991069479666171,44.27630810283055,-0.3176686655647958,2
1727218485.7747536,1,0.3003471322366026,0.4174478824769032,0.35889750735675285,0.0,0.012105437531103977,11.810091675464495,46.790355716142884,-0.3181945980771656,2
1727218485.8209085,1,0.16657415116319238,0.3922871703746534,0.27943066076892287,0.0,0.0,12.690882683265363,47.54204233284415,-0.3772181862579006,2
1727218485.8912692,1,0.22530295452966648,0.4600856791042167,0.3426943168169416,0.0,0.012671432021161758,18.303792288559578,51.21186602650517,-0.49221716907868657,2
1727218485.9851,1,0.20177180251976268,0.5976866503788278,0.39972922644929526,0.0,0.04127051138240632,23.003650511556295,52.00368911338663,-0.5690357509432488,2
1727218486.0160015,1,0.20770586485147785,0.5199507979583654,0.36382833140492166,0.0,0.0,20.431865919528015,56.17524359045241,-0.5399384584445621,2
1727218486.063317,1,0.19220477402821104,0.43635727886383713,0.31428102644602407,0.0,0.01543768802736096,23.41557927334605,57.13821671590344,-0.5907119568576974,2
1727218486.1349268,1,0.23408229439226114,0.5676689758812347,0.4008756351367479,0.0,0.03087537605472192,26.876839953026316,58.27329484732157,-0.5910492210999099,2
1727218486.193849,1,0.2384259809509535,0.6324555320336759,0.4354407564923147,0.0,0.0318464877649241,28.922746717512062,57.97400998273745,-0.6839809828121433,2
1727218486.245571,1,0.2614348795736141,0.6935901533116599,0.477512516442637,0.0,0.038229455331607876,29.574306387794103,54.37753565157648,-0.6378565975017242,2
1727218486.3208232,1,0.2680832389653975,0.6298861299618062,0.44898468446360185,0.0,0.0,32.529869976796306,57.28061095502505,-0.5933008173782928,2
1727218486.37428,1,0.24060631227769003,0.6020752582766182,0.42134078527715413,0.0,0.0,31.67387638321328,53.393119598024995,-0.5995807559532547,2
1727218486.425098,1,0.2598382642469715,0.5161500347066714,0.3879941494768214,0.0,0.0,29.395737116647386,56.38286202040766,-0.49365556770612967,2
1727218486.5014353,1,0.1816199161771757,0.4808846015417836,0.3312522588594796,0.0,0.0,27.775846747837313,56.55194904123015,-0.45988619523857904,2
1727218486.5578604,1,0.16871543596953284,0.2773889183444,0.2230521771569664,0.0,0.0,24.39930654331928,52.92894236055082,-0.3995406494588859,2
1727218486.6060865,1,0.19977880683404584,0.35359899558268443,0.27668890120836515,0.0,0.0,24.43989600708162,50.60054278273106,-0.31134582931763455,2
1727218486.709385,1,0.24830181905734922,0.34606746634373775,0.29718464270054346,0.0,0.0,25.518090551450143,49.09633894990768,-0.30101557295252485,2
1727218486.7383783,1,0.2477731656370856,0.4063872815224828,0.3270802235797842,0.0,0.0,23.61111930152468,49.432773708103355,-0.3149090086246877,2
1727218486.7860665,1,0.23157214397627363,0.4063872815224828,0.3189797127493782,0.0,0.0,23.249057618090312,49.17618229114672,-0.30707715083235654,2
1727218486.8596163,1,0.24232306556459435,0.4091708866471782,0.32574697610588627,0.0,0.012312880839446302,25.599316195031292,48.60027047311541,-0.3100531460179847,2
1727218486.9119217,1,0.19235481451827988,0.31017363419881605,0.25126422435854795,0.0,0.0116945067431247,23.840755285305807,48.99210109751944,-0.3040454662190024,2
1727218486.976457,1,0.2311799743112827,0.3727536418226672,0.30196680806697496,0.0,0.0116945067431247,25.754805812385126,48.43177559712017,-0.302662624174165,2
1727218487.0420265,1,0.23213641249180192,0.36286719039445914,0.29750180144313054,0.0,0.0,21.198107329728522,47.753603512579076,-0.2813693858685508,2
1727218487.1082237,1,0.24278566172010582,0.4091708866471782,0.325978274183642,0.0,0.0,24.095921056501815,48.836910959261644,-0.3079522169278456,2
1727218487.1496592,1,0.20771906056456982,0.322490309931942,0.2651046852482559,0.0,0.0,23.667876339528444,50.33197336517549,-0.30127296461496106,2
1727218487.2083008,1,0.22573305919324013,0.34606746634373775,0.28590026276848896,0.0,0.011969397463728037,23.26945495840009,49.329491265368986,-0.34398732068015225,2
1727218487.2867184,1,0.22573305919324013,0.4159606383666924,0.3208468487799663,0.0,0.0,21.410043868086753,50.255352218144004,-0.32713646658105744,2
1727218487.3460305,1,0.20016018574974573,0.35359899558268443,0.2768795906662151,0.0,0.012312880839446302,22.44413647795462,49.75782725359182,-0.3285934195111278,2
1727218487.3947499,1,0.19220477402821104,0.4063872815224828,0.2992960277753469,0.0,0.0,23.639002355507227,51.6648684689458,-0.3350577161741376,2
1727218487.491093,1,0.20756355180643718,0.35098181457607375,0.2792726831912555,0.0,0.011969397463728037,21.46120804244367,51.62624434324016,-0.313900329934333,2
1727218487.5228903,1,0.207138361427922,0.35098181457607375,0.2790600880019979,0.0,0.0,22.19418447092731,51.8711383137953,-0.3169277640063703,2
1727218487.5696142,1,0.2411820304864858,0.3727536418226672,0.30696783615457646,0.0,0.0,22.552371952213708,53.23276246864352,-0.3421883210012637,2
1727218487.6319904,1,0.23204748928108385,0.44241119040083615,0.33722933984096,0.0,0.012618861628126718,23.14274550170088,52.64556213215798,-0.3508081056375364,2
1727218487.7120945,1,0.20756355180643718,0.46499055497527714,0.3362770533908572,0.0,0.012361704410853719,23.17268681593026,51.62308113494272,-0.36466996277323965,2
1727218487.7678654,1,0.21669809301183912,0.41105048298673247,0.3138742879992858,0.0,0.0,23.773016710751058,51.401301747057275,-0.35065659707009744,2
1727218487.809554,1,0.21537112231546168,0.3820905002268162,0.29873081127113893,0.0,0.024625761678892605,23.069033545623302,52.31466654111966,-0.32628911024091817,2
1727218487.8775165,1,0.21596118129056668,0.3765135483714759,0.29623736483102125,0.0,0.012618861628126718,21.611288224426293,52.1915919706963,-0.3474848050267403,2
1727218487.948228,1,0.23358704650158152,0.35262127798979775,0.29310416224568964,0.0,0.012021175920858624,24.065767766631264,52.51541032587699,-0.3611092366596975,2
1727218487.9900439,1,0.24134739357103943,0.37608402846609795,0.3087157110185687,0.0,0.0,24.12988025538093,52.55148649700671,-0.35446192930576104,2
1727218488.0504868,1,0.2158132119814573,0.3857081361708781,0.3007606740761677,0.0,0.0,23.087165573766324,53.333963854691234,-0.3702025790817774,2
1727218488.124521,1,0.23204748928108385,0.4063872815224828,0.31921738540178335,0.0,0.0,21.536604111898548,50.851033002072555,-0.3682106234938356,2
1727218488.1790392,1,0.18351615376693067,0.37608402846609795,0.2798000911165143,0.0,0.0,20.87540980319774,51.337718152273254,-0.3409517604423588,2
1727218488.234381,1,0.20028779824963935,0.37608402846609795,0.28818591335786864,0.0,0.012312880839446302,23.243924674122013,51.74689493080734,-0.3659553259839378,2
1727218488.3305626,1,0.24845199749997665,0.3739521123627898,0.3112020549313832,0.0,0.0,20.06132947270928,52.40616202827514,-0.3523879757076911,2
1727218488.3599322,1,0.21692432833226027,0.4091708866471782,0.31304760748971927,0.0,0.0,21.76538548353742,49.47174386440062,-0.3601075872647546,2
1727218488.4115996,1,0.20811559747128044,0.417765845763859,0.3129407216175697,0.0,0.0,19.815560964769936,50.75622145994976,-0.35369300041079904,2
1727218488.4741044,1,0.207138361427922,0.41894843992453606,0.31304340067622904,0.0,0.0,18.07461654749481,50.88523175338044,-0.3373168307746372,2
1727218488.55845,1,0.20756355180643718,0.34606746634373775,0.27681550907508745,0.0,0.0,19.69420377119394,51.842493000950746,-0.3256188925047732,2
1727218488.6069238,1,0.2411820304864858,0.4091708866471782,0.32517645856683197,0.0,0.0,21.076131245133894,52.41714742797116,-0.3715163521667101,2
1727218488.6594994,1,0.20016018574974573,0.37608402846609795,0.28812210710792185,0.0,0.0,21.597641877936084,51.30279647807445,-0.35961248083824604,2
1727218488.736562,1,0.22377083140578355,0.4091708866471782,0.31647085902648087,0.0,0.0,21.11196585178481,51.86850766286486,-0.3793063075284866,2
1727218488.78154,1,0.20756355180643718,0.4453967538713441,0.32648015283889065,0.0,0.012312880839446302,22.754914979280926,52.183669696646774,-0.400792436333989,2
1727218488.8486295,1,0.23942606534028665,0.3993529248931196,0.3193894951167031,0.0,0.0,18.354516257223654,51.48270508254096,-0.34755072624480843,2
1727218488.9056885,1,0.1646277207638688,0.3166890774818322,0.24065839912285053,0.0,0.0,20.585561114115947,50.04801419990333,-0.3424677317232278,2
1727218488.9669216,1,0.1646277207638688,0.2591324126586751,0.21188006671127196,0.0,0.012066598343098815,20.977387739941445,49.05582417699538,-0.3236702587816284,2
1727218489.0216348,1,0.253859103528797,0.37061939766365143,0.3122392505962242,0.0,0.012066598343098815,21.825039127649962,47.33411005443554,-0.28709966939263587,2
1727218489.0773947,1,0.27332004014030564,0.3599078753743473,0.3166139577573265,0.0,0.0,17.441853943201146,42.18697230070231,-0.23272012643479992,2
1727218489.161184,1,0.25682556888180047,0.37149858514250883,0.31416207701215465,0.0,0.01055265722982818,16.52539048679828,35.81421803882347,-0.17249741800574617,2
1727218489.2002761,1,0.2593431765995222,0.3226851975822618,0.291014187090892,0.0,0.024022322796705728,12.36694149520461,30.183038876231848,-0.10866155871696183,2
1727218489.2701416,1,0.27968793592605257,0.3241202224214485,0.3019040791737505,0.0,0.0,9.31128803700349,24.215824384567533,-0.06502067450537703,2
1727218489.333041,1,0.2638967459493819,0.325705761953538,0.29480125395145995,0.0,0.009407208683835972,7.255396421486225,20.852831537107797,-0.034814372685480696,2
1727218489.379813,1,0.27968793592605257,0.345036792759064,0.31236236434255826,0.0,0.0,7.3533565011632085,15.963664578457609,-0.0243687040855306,2
1727218489.4532087,1,0.2869288642904791,0.33341231166586205,0.31017058797817054,0.0,0.009796391673838651,4.1297350751858195,11.708485592185156,-0.016167758948342784,2
1727218489.5199451,1,0.27653315937748607,0.2749659556154244,0.27574955749645524,0.0,0.009796391673838651,6.303628243169321,7.50277538235277,-0.015973774086357875,2
1727218489.5667577,1,0.2872060404042193,0.30211780448234904,0.29466192244328415,0.0,0.0,5.817733614495724,4.741849347023724,-0.015816276048146196,0
1727218489.620775,1,0.2687000738164234,0.257390753524675,0.26304541367054923,0.0,0.0,5.73621076803509,1.1186435415330658,-0.018678194768724097,0
1727218489.7013075,1,0.26955120066707927,0.26672258921455344,0.2681368949408164,0.0,0.0,5.417105501541601,-2.0598329625877745,-0.019344061627240207,0
1727218489.744218,1,0.31505457112556084,0.27446917413347,0.2947618726295154,0.0,0.0,7.092512795206263,-5.775608316300634,-0.023674587466050626,0
1727218489.807405,1,0.3120735910022193,0.2867714093125157,0.2994225001573675,0.0,0.0,7.7295774333917375,-10.471046625493358,-0.031229802940536115,0
1727218489.8696299,1,0.2902769906822703,0.24068797323057006,0.2654824819564202,0.0,0.02,8.862587580986897,-15.502105135957471,-0.041518435681481204,0
1727218489.9151247,1,0.32260615732123377,0.2756779149413134,0.29914203613127355,0.0,0.0,8.499536757782774,-22.726206110306848,-0.05336278443327804,0
1727218489.9847698,1,0.41397811269694773,0.2816852104027235,0.3478316615498356,0.0,0.0,9.476984571060687,-28.91985801399423,-0.07703240748116354,0
1727218490.080469,1,0.3862316740489209,0.2735095624435731,0.32987061824624697,0.0,0.011108368642573443,12.776010718725459,-32.13566511159674,-0.0921332455462487,0
1727218490.110737,1,0.3764555435979655,0.2534630477483115,0.3149592956731385,0.0,0.0,11.713033596518871,-31.60041886879268,-0.08816047323606979,0
1727218490.1913466,1,0.3862316740489209,0.2885424060800026,0.33738704006446174,0.0,0.0,14.186693860704551,-31.853143589864906,-0.09080298526609641,0
1727218490.2188091,1,0.359978266119275,0.2983094248805669,0.32914384549992093,0.0,0.0,12.337476852112585,-30.994108426981548,-0.08788680060740212,0
1727218490.2826865,1,0.403200946331618,0.25650204515729874,0.3298514957444584,0.0,0.010859306069076735,12.713310500914847,-32.640692460999375,-0.0948418927085695,0
1727218490.3730059,1,0.40774890398890895,0.28965127475179975,0.34870008937035435,0.0,0.0,13.180854721445908,-32.74989344324087,-0.1004775615512699,0
1727218490.4101179,1,0.40430377003132,0.282842712474619,0.3435732412529695,0.0,0.010846522890932807,13.023832090208902,-31.5600445138342,-0.09783950960344502,0
1727218490.4624991,1,0.381439001370178,0.27426490650109264,0.3278519539356353,0.0,0.011086501753962322,15.433492802003443,-33.22921982774959,-0.10091193638859697,0
1727218490.5429394,1,0.3548100333784039,0.2574877826992806,0.3061489080388422,0.0,0.0,13.158632315096568,-31.865607415851436,-0.09424686588678999,0
1727218490.5864885,1,0.38005847503304596,0.2735095624435731,0.32678401873830953,0.0,0.010380684981717497,14.358986272108323,-31.433950751346448,-0.09199574541502013,0
1727218490.6389673,1,0.35395355561847913,0.25621697663097004,0.3050852661247246,0.0,0.015314097295792223,15.004088702893464,-31.848060068309163,-0.09789067054885421,0
1727218490.7087815,1,0.35669590418318964,0.2662742108066691,0.3114850574949294,0.0,0.0216574040912105,15.267637358430184,-30.943615277804525,-0.09697538567337367,0
1727218490.8016768,1,0.34495484567842155,0.27426490650109264,0.3096098760897571,0.0,0.0,15.533534198306725,-32.42116894520479,-0.09998415406948756,0
1727218490.829538,1,0.3496418006375328,0.2981190083456099,0.32388040449157135,0.0,0.0,14.72893750810468,-33.72829186948732,-0.10037361540697894,0
1727218490.8798456,1,0.3749447350965977,0.2670608423898883,0.321002788743243,0.0,0.0,15.765074226192507,-34.82810686096058,-0.10492411131632966,0
1727218490.977951,1,0.3496418006375328,0.27426490650109264,0.31195335356931275,0.0,0.0,16.426367189124626,-33.2067002030786,-0.09685744094656425,0
1727218491.0091267,1,0.3496418006375328,0.2554622858115626,0.3025520432245477,0.0,0.011067473785474295,15.929282679923446,-33.80037460901256,-0.09745688512619824,0
1727218491.0627973,1,0.39865298867432697,0.24213285316964073,0.32039292092198385,0.0,0.0,15.411192608310403,-33.027618860068074,-0.09411847640142719,0
1727218491.1470423,1,0.38439430067803304,0.282842712474619,0.333618506576326,0.0,0.0,17.88057575020465,-32.383437938579796,-0.09382795090250627,0
1727218491.1880822,1,0.377136510409147,0.2654549326034898,0.32129572150631835,0.0,0.0,15.455725445507763,-31.485466101251337,-0.0957652381355889,0
1727218491.242258,1,0.37203486093864324,0.2654549326034898,0.31874489677106654,0.0,0.0,16.21357721601632,-31.584078517729615,-0.08951470401255035,0
1727218491.3107674,1,0.35395355561847913,0.28931451031019817,0.3216340329643387,0.0,0.011043152607484653,16.2367481523568,-31.496786069885516,-0.08519875960750506,0
1727218491.3741353,1,0.35229134960831926,0.2904511969453131,0.32137127327681614,0.0,0.015617376188860606,17.14678024405249,-29.733322018006998,-0.08404105784179082,0
1727218491.4215772,1,0.35249740830390086,0.32175947356680556,0.3371284409353532,0.0,0.011043152607484653,18.912766962414914,-30.29500060205588,-0.08618652762557107,0
1727218491.4835658,1,0.3785910458329356,0.3160522301909244,0.34732163801193,0.0,0.01080591807684192,19.628767493486635,-29.638726701279374,-0.0798925230185502,0
1727218491.552857,1,0.35395355561847913,0.2888004776086813,0.3213770166135802,0.0,0.0,20.53306171973047,-28.600152643348494,-0.07789946779907543,0
1727218491.6069555,1,0.3756803630945687,0.32233216961220584,0.3490062663533873,0.0,0.0,19.278462769253522,-29.143617937127893,-0.07806180143834321,0
1727218491.6677604,1,0.377136510409147,0.3160522301909244,0.3465943703000357,0.0,0.0,18.92799420638852,-29.787455908527477,-0.08036117403468099,0
1727218491.7258635,1,0.397113764910823,0.3391927444998895,0.36815325470535626,0.0,0.0105999788000636,16.74575339041085,-31.63286994038348,-0.08007382403536356,0
1727218491.7948673,1,0.3387283645546436,0.2910371094537981,0.31488273700422087,0.0,0.0216574040912105,19.117598955359657,-34.15197767224258,-0.0968076856591287,0
1727218491.8539326,1,0.10606601717798214,0.09747403576571588,0.10177002647184902,0.0,0.0,19.804412476364746,-35.11688679134167,-0.08674264952171887,0
1727218491.9039445,1,0.24987179948056448,0.15971914124998499,0.20479547036527473,0.0,0.0,20.53082467125472,-38.2683855462654,-0.09658738203583722,0
1727218491.9848537,1,0.3162203479667375,0.2523772325625344,0.28429879026463595,0.0,0.0,21.745811117026626,-36.43379509499517,-0.10012153423855967,0
1727218492.0342665,1,0.3254458817083117,0.27707908236611806,0.30126248203721484,0.0,0.0,22.718720638765273,-34.66693175408005,-0.09546092275848687,0
1727218492.0850272,1,0.3701166050988027,0.2841832067731598,0.32714990593598126,0.0,0.01082870204560525,22.19693143759362,-33.39167509507846,-0.08929703747197484,0
1727218492.1623733,1,0.35179877236514595,0.2676951920778593,0.30974698222150265,0.0,0.011067473785474295,23.326593785588603,-33.278263031521426,-0.08279076812946581,0
1727218492.204305,1,0.356998888398814,0.2510382720441558,0.30401858022148487,0.0,0.0,22.399144046122984,-32.10969190831244,-0.08833870784215923,0
1727218492.2647798,1,0.3401555339971933,0.2841832067731598,0.31216937038517656,0.0,0.02213494757094859,22.694402146667247,-30.009875885642337,-0.0844721626365289,0
1727218492.3297343,1,0.33165824894352774,0.2843521121115628,0.3080051805275453,12.0,0.0,20.676199878488134,-29.40458360015557,-0.08298167561571738,0
1727218492.3876505,1,0.35669590418318964,0.2772557346520686,0.3169758194176291,12.0,0.0,21.83249474395938,-30.070281254068313,-0.08206644959280866,0
1727218492.4534788,1,0.3496418006375328,0.2676951920778593,0.30866849635769605,12.0,0.0,21.72377802479708,-27.345054141281878,-0.07676028870611787,0
1727218492.5461822,1,0.33118546711895697,0.26753618096072357,0.29936082403984027,12.0,0.01082870204560525,21.081721427654166,-28.080431039012296,-0.08158327881425044,0
1727218492.5743911,1,0.3333333333333333,0.2810134785932095,0.3071734059632714,12.0,0.0,20.66341127403595,-28.31422185970162,-0.08273655001396639,0
1727218492.6250381,1,0.33165824894352774,0.2841832067731598,0.3079207278583438,12.0,0.0,20.62879857529442,-29.464019724424677,-0.08097132366618355,0
1727218492.698199,1,0.3401555339971933,0.2841832067731598,0.31216937038517656,12.0,0.01082870204560525,17.194546238918175,-28.94808279020186,-0.07465016343468646,0
1727218492.7548554,1,0.3496418006375328,0.30095484548874585,0.3252983230631393,12.0,0.01082870204560525,20.04603892308497,-30.287915125066654,-0.07580173820595233,0
1727218492.80786,1,0.3548100333784039,0.3004201310974929,0.3276150822379484,12.0,0.0,20.08599747302542,-31.74150581118045,-0.0799451249169778,0
1727218492.8986104,1,0.3548100333784039,0.2972560346569865,0.32603303401769523,12.0,0.0,18.954346021746264,-31.835754508387417,-0.08653875284845461,0
1727218492.9304852,1,0.3496418006375328,0.3143383450723453,0.3319900728549391,12.0,0.0,20.04615049392537,-31.73305854964576,-0.0832226739070485,0
1727218492.9872754,1,0.401661722568114,0.30663748738953356,0.35414960497882375,12.0,0.010859306069076735,17.5853352782906,-32.738038143542354,-0.07472542232872276,0
1727218493.0479312,1,0.330375757861564,0.3171619712013585,0.32376886453146125,12.0,0.010859306069076735,16.670200993974966,-31.596297919183467,-0.07911123917340303,0
1727218493.1269372,1,0.3225128703137763,0.30307057659870573,0.312791723456241,12.0,0.010616692370889646,18.017489015579834,-31.892488507752645,-0.07691581530372808,0
1727218493.1826115,1,0.3496418006375328,0.28965127475179975,0.3196465376946663,12.0,0.0,17.423179178753614,-32.34197364218674,-0.08387847035077481,0
1727218493.2313094,1,0.3333333333333333,0.3117305158788194,0.3225319246060764,12.0,0.0,17.329495860413758,-31.241825233468468,-0.07766931978343103,0
1727218493.311259,1,0.3333333333333333,0.28965127475179975,0.31149230404256656,12.0,0.010846522890932807,17.184927703645315,-31.87684065958487,-0.07805030382995726,0
1727218493.3564825,1,0.32787965931712626,0.30191033496668884,0.31489499714190755,12.0,0.0,16.97303199762057,-31.25518949286306,-0.08474850170867454,0
1727218493.4088635,1,0.33520076157699547,0.30579298706002644,0.3204968743185109,12.0,0.010846522890932807,16.263491765207135,-32.05290914639978,-0.07556395125173655,0
1727218493.4762094,1,0.3401555339971933,0.28965127475179975,0.3149034043744965,12.0,0.0,16.992790168178182,-31.36961034353265,-0.0742071921084925,0
1727218493.5579548,1,0.36305433237559465,0.2735095624435731,0.3182819474095839,12.0,0.0,16.245242229942175,-31.743778546651143,-0.07810656546469988,0
1727218493.5947802,1,0.3451103064173911,0.2735095624435731,0.3093099344304821,12.0,0.0,14.901623115427354,-31.69295660100804,-0.07605989913214986,0
1727218493.6578295,1,0.3548100333784039,0.24612066708752603,0.30046535023296495,12.0,0.0,13.285854542214492,-32.65653814464947,-0.08223549178929325,0
1727218493.7261784,1,0.356998888398814,0.2704588861653816,0.3137288872820978,12.0,0.010628679156203412,14.513045964671008,-32.18742137473004,-0.0788217295165912,0
1727218493.7862768,1,0.3548100333784039,0.264769886474095,0.30978995992624947,12.0,0.010859306069076735,13.098115301076438,-32.03775331820817,-0.07811745013303258,0
1727218493.833057,1,0.36103172982817666,0.2574877826992806,0.3092597562637286,12.0,0.010859306069076735,12.758544608597923,-30.974186176869264,-0.07587709993756292,0
1727218493.922619,1,0.33826050234978333,0.282842712474619,0.31055160741220117,12.0,0.0,13.459289641097769,-31.559665894222704,-0.07781756700073464,0
1727218493.9533167,1,0.3333333333333333,0.29953523924572845,0.31643428628953085,12.0,0.010859306069076735,13.314339035146912,-31.423532002692433,-0.07310417389939153,0
1727218494.013382,1,0.3496418006375328,0.282842712474619,0.3162422565560759,12.0,0.0,12.151353500041704,-31.286024783409992,-0.07051249091923047,0
1727218494.0940318,1,0.33826050234978333,0.2836782909936273,0.3109693966717053,12.0,0.037032345558813025,12.349073626463547,-31.836309517680384,-0.07699008652890571,0
1727218494.1350555,1,0.3431876713662333,0.24970570913871912,0.2964466902524762,12.0,0.0,11.853124636920143,-30.56816096959805,-0.07562518572403058,0
1727218494.2128901,1,0.3333333333333333,0.2928315475807072,0.3130824404570203,12.0,0.0,11.055575048880414,-30.630172425032413,-0.07100447321676213,0
1727218494.2546835,1,0.31254440323655724,0.24146600295498807,0.27700520309577265,12.0,0.0,10.339313434674121,-30.25791778448868,-0.07385307660440275,0
1727218494.325207,1,0.33826050234978333,0.24703262601975445,0.29264656418476886,12.0,0.010859306069076735,10.312545476095899,-30.36261208800716,-0.0838091765261062,0
1727218494.3782978,1,0.3431876713662333,0.2879498116147348,0.3155687414904841,12.0,0.010628679156203412,10.150199842834125,-30.322537942340478,-0.07267647854027572,0
1727218494.436135,1,0.3149659234671604,0.2879498116147348,0.3014578675409476,12.0,0.0,10.830425305334085,-29.74747089559358,-0.07909153354263976,0
1727218494.5053384,1,0.32317226848318364,0.2879498116147348,0.30556104004895923,12.0,0.0,10.334852980895203,-30.680287635255453,-0.0741365043233664,0
1727218494.5717103,1,0.32317226848318364,0.27203078747951254,0.2976015279813481,12.0,0.0,10.731617899980952,-30.575439301437765,-0.07103307254207541,0
1727218494.6216304,1,0.32317226848318364,0.282842712474619,0.3030074904789013,12.0,0.02220030681036019,10.782418311905676,-29.4657328585653,-0.0736686485447485,0
1727218494.6891358,1,0.31846487764924103,0.29953523924572845,0.30900005844748474,12.0,0.015357377920848781,11.03644709638385,-30.122697835869015,-0.07892174231237926,0
1727218494.753427,1,0.32317226848318364,0.2888004776086813,0.30598637304593246,12.0,0.0,9.80326071581884,-30.994533426032667,-0.07881873316483948,0
1727218494.8003452,1,0.32787965931712626,0.2836782909936273,0.3057789751553768,12.0,0.0,9.123034796339306,-29.487239595380068,-0.07997938618668267,0
1727218494.8754272,1,0.34549274328499724,0.291547594742265,0.3185201690136311,12.0,0.0,9.731143802206654,-29.753862391440652,-0.07703853902364069,0
1727218494.9284766,1,0.32317226848318364,0.2735095624435731,0.2983409154633784,12.0,0.0,10.206544613766726,-28.767153544278766,-0.07388888415879971,0
1727218494.981287,1,0.34549274328499724,0.3101135853770849,0.32780316433104106,12.0,0.0,9.20864865093348,-29.962137905887154,-0.06485118947752258,0
1727218495.0361078,1,0.3063616526325344,0.2888004776086813,0.2975810651206079,12.0,0.0,8.895531504660415,-29.33570327995584,-0.07476839339965992,0
1727218495.106835,1,0.34549274328499724,0.3004201310974929,0.32295643719124506,12.0,0.0,7.7263442470828565,-28.964622457140358,-0.06719773756630532,0
1727218495.1748989,1,0.3383914467816184,0.31622776601683794,0.3273096063992282,12.0,0.021233384741779292,7.883268322841647,-28.783420848363377,-0.06437968706806307,0
1727218495.2241032,1,0.32317226848318364,0.3046423383858442,0.3139073034345139,12.0,0.0,8.516687537176333,-28.78925951336301,-0.06874669376843796,0
1727218495.3027492,1,0.32317226848318364,0.2928315475807072,0.3080019080319454,12.0,0.010616692370889646,5.899093307984641,-28.278095024829902,-0.05663992797217388,0
1727218495.3412125,1,0.3383914467816184,0.2990633217917878,0.3187273842867031,12.0,0.0,6.5523497003596916,-28.45416933231789,-0.0684885533016597,0
1727218495.412778,1,0.3646684529190572,0.29375911261381293,0.3292137827664351,12.0,0.0,7.2517222311186345,-27.601492997180806,-0.06689762350990275,0
1727218495.4699671,1,0.3048553804248462,0.3004201310974929,0.3026377557611696,12.0,0.021233384741779292,7.035935846141798,-28.18811148824271,-0.05839245526179635,0
1727218495.5163963,1,0.31846487764924103,0.30554231771254686,0.3120035976808939,12.0,0.0,7.445654503673885,-28.297359835551298,-0.06317993283786769,0
1727218495.5894594,1,0.31622776601683794,0.3321414700550278,0.3241846180359329,12.0,0.0,4.932207345294798,-27.702586435340308,-0.0626920959727235,0
1727218495.6525466,1,0.3241202224214485,0.30554231771254686,0.3148312700669977,12.0,0.010628679156203412,6.719932440112444,-26.969731820146183,-0.05967901971397924,0
1727218495.713359,1,0.3383914467816184,0.2888004776086813,0.31359596219514985,12.0,0.010859306069076735,6.021067362717076,-27.19715256045361,-0.0683345834071052,0
1727218495.7631521,1,0.3241202224214485,0.30554231771254686,0.3148312700669977,12.0,0.0,6.878796644195098,-27.139922737590794,-0.06394756175274596,0
1727218495.8176236,1,0.3471790951068548,0.32739562317346266,0.3372873591401587,12.0,0.0,5.391725614863576,-27.726106647709585,-0.06631896500209242,0
1727218495.9081714,1,0.3425047721542767,0.3154010461419876,0.32895290914813213,12.0,0.010628679156203412,5.690698248391637,-27.99987411600736,-0.06394756175274596,0
1727218495.9465601,1,0.3471790951068548,0.2888004776086813,0.3179897863577681,12.0,0.0,5.411220544261823,-26.43785797706062,-0.05984815631793087,0
1727218495.9976323,1,0.3255764119219941,0.3154010461419876,0.3204887290319909,12.0,0.0,5.892004968121586,-26.96744348293734,-0.06615637632715839,0
1727218496.0595856,1,0.320902088969416,0.3046423383858442,0.3127722136776301,12.0,0.0,5.678068782145714,-27.279591840289825,-0.06031201103662391,0
1727218496.135103,1,0.3471790951068548,0.3154010461419876,0.3312900706244212,12.0,0.02127178149057585,6.457655565169677,-27.918418671942135,-0.05876739772369436,0
1727218496.2210872,1,0.3383914467816184,0.3046423383858442,0.3215168925837313,12.0,0.010635890745287925,6.065895845554053,-27.06366573622178,-0.05827585485205555,0
1727218496.2525823,1,0.3307706008278113,0.3101135853770849,0.3204420931024481,12.0,0.010628679156203412,5.4354571528691515,-26.805750648756774,-0.06316497865345554,0
1727218496.3094518,1,0.30936160237962834,0.2879498116147348,0.2986557069971816,12.0,0.0,6.96707226495382,-26.900316268855256,-0.06429305355056994,0
1727218496.3717713,1,0.3425047721542767,0.2836782909936273,0.313091531573952,12.0,0.01019559237857732,5.1660364940231815,-27.133343141815686,-0.05644612097800613,0
1727218496.459053,1,0.3255764119219941,0.30354723093649544,0.31456182142924477,12.0,0.0,6.508034180470485,-27.30455216535073,-0.0650381071008479,0
1727218496.4923525,1,0.3430657697341965,0.30436753096976266,0.3237166503519796,12.0,0.010635890745287925,6.088147030901354,-27.11779565701933,-0.06654648961924603,0
1727218496.5451932,1,0.3471790951068548,0.32739562317346266,0.3372873591401587,12.0,0.010859306069076735,5.874166789962264,-28.943372990378258,-0.06672016373025969,0
1727218496.6228707,1,0.32806007358304773,0.3208117263724111,0.3244358999777294,12.0,0.010859306069076735,6.2891731238426765,-27.944698844979005,-0.0651658036411274,0
1727218496.6661801,1,0.3425047721542767,0.29953523924572845,0.32102000570000255,12.0,0.010846522890932807,6.197837919715237,-26.734346162219502,-0.06399924610487365,0
1727218496.728792,1,0.3048553804248462,0.3154010461419876,0.3101282132834169,12.0,0.010859306069076735,6.460441246498966,-27.78911529677384,-0.06614138095307147,0
1727218496.7943895,1,0.3383914467816184,0.31622776601683794,0.3273096063992282,12.0,0.010859306069076735,5.596943238508495,-26.47848484096073,-0.06995225861950799,0
1727218496.8614533,1,0.32806007358304773,0.3046423383858442,0.316351205984446,12.0,0.0,5.740019796263979,-27.364805622357906,-0.06920755531665297,0
1727218496.9148052,1,0.33072821865203444,0.3046423383858442,0.31768527851893935,12.0,0.0,6.149750563383758,-27.455038666261565,-0.06795195553107798,0
1727218496.979357,1,0.3430657697341965,0.3004201310974929,0.32174295041584466,12.0,0.010616692370889646,5.105869734162218,-27.323739811896974,-0.06666775474920794,0
1727218497.0414855,1,0.3492890295968049,0.2836782909936273,0.31648366029521613,12.0,0.0,5.24929468529934,-27.79278902725414,-0.0703125844892326,0
1727218497.0875106,1,0.3605551275463989,0.2888004776086813,0.3246778025775401,12.0,0.010628679156203412,4.643577098827505,-26.727474093555475,-0.0664655232849358,0
1727218497.1420405,1,0.3407853524510546,0.2981190083456099,0.31945218039833223,12.0,0.0,5.53188309164401,-26.512436312517856,-0.06871164364262539,0
1727218497.2100325,1,0.32859741181104035,0.3101135853770849,0.31935549859406265,12.0,0.0,4.331025544907547,-26.884082120351227,-0.07136147193087271,0
1727218497.2970805,1,0.32806007358304773,0.3041191996013016,0.3160896365921747,12.0,0.0,5.470433260553332,-26.858997786611138,-0.06497634560792838,0
1727218497.326611,1,0.3425047721542767,0.30458076212204066,0.32354276713815866,12.0,0.010628679156203412,4.250419298464122,-27.39662782623991,-0.06666066929417637,0
1727218497.3818655,1,0.3492890295968049,0.32116098138213117,0.33522500548946804,0.0,0.0,6.894370027655637,-26.710389218195264,-0.0689251036304561,0
1727218497.4591188,1,0.3255764119219941,0.32116098138213117,0.32336869665206264,0.0,0.0,6.140438682410193,-27.120735273648542,-0.0632516637086027,0
1727218497.5046241,1,0.349635167835615,0.32116098138213117,0.33539807460887305,0.0,0.010628679156203412,5.300405571609325,-26.73556925569054,-0.0672932667712803,0
1727218497.5686057,1,0.3383914467816184,0.30554231771254686,0.32196688224708264,0.0,0.0,5.0127860166990335,-27.249502414584974,-0.06689197468478787,0
1727218497.6257422,1,0.32806007358304773,0.2888004776086813,0.30843027559586456,0.0,0.0,7.162788021805136,-27.401628003506033,-0.06793735648475234,0
1727218497.6942453,1,0.33469361798140945,0.2756779149413134,0.3051857664613614,0.0,0.010628679156203412,4.8714423835558565,-26.234878763101772,-0.06803323572613297,0
1727218497.7816293,1,0.32806007358304773,0.29375911261381293,0.31090959309843036,0.0,0.0,6.540633744575364,-27.09555140262165,-0.06875219020608565,0
1727218497.812606,1,0.3453491784352057,0.3164001016885067,0.3308746400618562,0.0,0.0,5.934167230625969,-26.451522822933157,-0.06782462964718564,0
1727218497.8663929,1,0.3687817782917155,0.3110958925105318,0.3399388354011237,0.0,0.010616692370889646,5.000570453198762,-27.737327583833974,-0.06411722532081385,0
1727218497.9454834,1,0.3555194116284084,0.2836782909936273,0.31959885131101784,0.0,0.021257358312406823,6.107781120413621,-25.958485718608358,-0.062370305392036,0
1727218497.9910603,1,0.32806007358304773,0.3101135853770849,0.3190868294800663,0.0,0.0,4.842157799972829,-26.83628635925527,-0.06946438383916814,0
1727218498.0823207,1,0.3449277770016724,0.2879498116147348,0.3164387943082036,0.0,0.0,4.413841876879909,-27.72148729247622,-0.06383148894581206,0
1727218498.1126819,1,0.3262219966972523,0.2879498116147348,0.30708590415599357,0.0,0.0,5.7719023597639225,-27.42801611900299,-0.06608636880417404,0
1727218498.1685133,1,0.3551388476763403,0.27426490650109264,0.31470187708871644,0.0,0.010628679156203412,4.544813214987999,-26.170796335712918,-0.06383370887552457,0
1727218498.2231703,1,0.3048553804248462,0.3158567722041563,0.31035607631450124,0.0,0.0,5.163859701141912,-27.40040300848127,-0.06592535596626724,0
1727218498.3153875,1,0.367248251803486,0.30554231771254686,0.33639528475801644,0.0,0.0,5.0684422911940255,-26.92979068847717,-0.07095389737982806,0
1727218498.352025,1,0.3646684529190572,0.2928315475807072,0.3287500002498822,0.0,0.010859306069076735,5.5324041361712055,-27.14064882747211,-0.06941608822909182,0
1727218498.4090593,1,0.32806007358304773,0.2836782909936273,0.3058691822883375,0.0,0.010859306069076735,4.852693792335048,-26.490026750937275,-0.06396380990636687,0
1727218498.4927673,1,0.34758861296965843,0.282842712474619,0.31521566272213875,0.0,0.0,5.39935134183477,-27.256251140482174,-0.06984278392655965,0
1727218498.528841,1,0.33826050234978333,0.2836782909936273,0.3109693966717053,0.0,0.02171861213815347,6.366604415605538,-28.193349595692343,-0.06344329405475406,0
1727218498.6065361,1,0.3555194116284084,0.24970570913871912,0.30261256038356377,0.0,0.0,7.8008052231778695,-27.00303665100926,-0.07037503235024674,0
1727218498.649997,1,0.367248251803486,0.282842712474619,0.3250454821390525,0.0,0.021257358312406823,6.674089818397815,-26.9115404478916,-0.07032534716164686,0
1727218498.7293847,1,0.31846487764924103,0.27968793592605257,0.2990764067876468,0.0,0.0,4.443398049834048,-27.390355077382136,-0.06407079693398686,0
1727218498.7789059,1,0.128564869306645,0.09123958466923195,0.10990222698793847,0.0,0.0,4.382644636810836,-26.982489197295582,-0.05203444365148499,0
1727218498.8265975,1,0.2484990005982027,0.16321568103654144,0.20585734081737206,0.0,0.0,6.893250109958748,-26.671658574358887,-0.06277943398174159,0
1727218498.9180715,1,0.32246149100786786,0.24232306556459435,0.2823922782862311,0.0,0.0,5.408548805965103,-26.621700711617336,-0.06308865717584267,0
1727218498.9504905,1,0.29244328628402977,0.2598382642469715,0.2761407752655006,0.0,0.010859306069076735,6.619213551290065,-27.082825002863512,-0.07601952219264718,0
1727218499.010279,1,0.33469361798140945,0.2593431765995222,0.29701839729046586,0.0,0.0,5.288323832554638,-27.355580433083396,-0.06433711906958837,0
1727218499.095073,1,0.32787965931712626,0.2765511446066676,0.3022154019618969,0.0,0.010859306069076735,6.32123955453047,-27.168198263407668,-0.06450136435271234,0
1727218499.1355064,1,0.30936160237962834,0.2670608423898883,0.2882112223847583,0.0,0.0256599013690185,5.762334001347719,-26.403876351933274,-0.07067575166864166,0
1727218499.1880898,1,0.3407853524510546,0.2765511446066676,0.3086682485288611,0.0,0.0,6.026272944494178,-26.368214680918236,-0.06502503309238666,0
1727218499.2508018,1,0.32317226848318364,0.29048257650901615,0.3068274224960999,0.0,0.0,7.620338837265899,-27.186033009480504,-0.07486877361863786,0
1727218499.3365934,1,0.3028912664076913,0.2662742108066691,0.2845827386071802,0.0,0.0,5.441647708567068,-25.931644883949122,-0.06810956453722532,0
1727218499.375548,1,0.2793987461573565,0.28163779009993894,0.2805182681286477,0.0,0.010859306069076735,5.864251815338822,-26.790738042206176,-0.07060420429132049,0
1727218499.4315932,1,0.26224651418225464,0.2644841574605451,0.26336533582139987,0.0,0.0,4.898242252168178,-25.609435176433472,-0.06477393793485038,0
1727218499.4903557,1,0.3063616526325344,0.2765511446066676,0.291456398619601,0.0,0.02171861213815347,6.905308179543138,-26.3116894867597,-0.0712926004125929,0
1727218499.571744,1,0.31846487764924103,0.2662742108066691,0.292369544227955,0.0,0.010859306069076735,5.274896698488909,-26.079672515557547,-0.06647547183070254,0
1727218499.6183944,1,0.30936160237962834,0.2879498116147348,0.2986557069971816,0.0,0.010859306069076735,6.213143431146436,-25.65812421631019,-0.06951808177247054,0
1727218499.671545,1,0.30936160237962834,0.27327460850187074,0.29131810544074954,0.0,0.0,4.959075777583935,-25.957343198387946,-0.06731642621363348,0
1727218499.7559533,1,0.3255764119219941,0.2593431765995222,0.2924597942607582,0.0,0.0,4.872620090782377,-26.78526135204933,-0.0748763440228116,0
1727218499.8028917,1,0.2880571692583326,0.2662742108066691,0.2771656900325008,0.0,0.0,5.52493277444404,-25.67019207961509,-0.06154772675110192,0
1727218499.8563786,1,0.30091675284194835,0.2662742108066691,0.2835954818243087,0.0,0.0,4.813026258056339,-26.89581970096056,-0.07311386517167563,0
1727218499.9423,1,0.28484364594794254,0.29375911261381293,0.28930137928087774,0.0,0.0,4.872321994644292,-26.8612146487736,-0.07287832648609006,0
1727218499.9741132,1,0.320902088969416,0.27426490650109264,0.29758349773525433,0.0,0.0,5.0727618367969765,-26.724450744370657,-0.07274793571709127,0
1727218500.0574658,1,0.2774360613246639,0.282842712474619,0.28013938689964146,0.0,0.010846522890932807,6.239604348066613,-26.05521034112652,-0.07450702550181312,0
1727218500.102993,1,0.2774360613246639,0.2836782909936273,0.2805571761591456,0.0,0.0,5.499226178880349,-26.430648797160096,-0.07440996608699056,0
1727218500.1492212,1,0.28690272549956497,0.2585242823019195,0.2727135039007422,0.0,0.010859306069076735,6.176572927603049,-25.798775218820683,-0.06921233269941617,0
1727218500.2255726,1,0.28484364594794254,0.2888004776086813,0.28682206177831193,0.0,0.0,5.485801215291868,-25.555278870127317,-0.07122963073283646,0
1727218500.2919352,1,0.30936160237962834,0.27426490650109264,0.2918132544403605,0.0,0.011100153405180096,5.035683024236586,-25.517423433255402,-0.06883458410399275,0
1727218500.3376803,1,0.32317226848318364,0.2836782909936273,0.3034252797384055,0.0,0.0,4.653795616602649,-25.936278060722934,-0.06987659071088863,0
1727218500.4074602,1,0.3009954992990603,0.27138130994678483,0.28618840462292255,0.0,0.011100153405180096,4.97124531691768,-25.293658866780607,-0.06852647475535076,0
1727218500.4746468,1,0.320902088969416,0.27138130994678483,0.2961416994581004,0.0,0.011100153405180096,5.591138378163036,-25.9711769806663,-0.07168639026864042,0
1727218500.5112066,1,0.30736845579728317,0.2554622858115626,0.2814153708044229,0.0,0.010859306069076735,6.467721454931475,-25.45646710463938,-0.07152873826463997,0
1727218500.5821712,1,0.27692042664329425,0.282842712474619,0.2798815695589566,0.0,0.0,5.500514211694495,-25.68892324070731,-0.06787753715464795,0
1727218500.6734257,1,0.3048553804248462,0.2670608423898883,0.28595811140736727,0.0,0.0,5.909922778599427,-26.576413039325693,-0.06766216853082112,0
1727218500.7014923,1,0.30736845579728317,0.282842712474619,0.2951055841359511,0.0,0.0,5.794677652177884,-26.298962062386465,-0.06920823782009537,0
1727218500.7583115,1,0.30936160237962834,0.272834425234709,0.2910980138071687,0.0,0.021693045781865615,6.421209260800515,-26.754452237794226,-0.07137206165037911,0
1727218500.846974,1,0.320902088969416,0.27218302900494235,0.2965425589871792,0.0,0.0,6.051924432205745,-27.08143083619545,-0.07493687972374574,0
1727218500.8796039,1,0.31622776601683794,0.2631194342581026,0.28967360013747023,0.0,0.010846522890932807,5.031489597734068,-26.688034505174546,-0.06498143406657046,0
1727218500.9374537,1,0.311845645186875,0.27218302900494235,0.2920143370959087,0.0,0.0,5.692434618350707,-25.80105882820181,-0.06252989690990948,0
1727218501.0242329,1,0.32806007358304773,0.27241172472942676,0.3002358991562373,0.0,0.0,5.984142372061328,-26.080264805543504,-0.05902323887804893,0
1727218501.0630624,1,0.31622776601683794,0.27203078747951254,0.29412927674817524,0.0,0.021233384741779292,4.1792151929112356,-26.15703241718199,-0.06609280115881756,0
1727218501.1142168,1,0.31622776601683794,0.2662742108066691,0.2912509884117535,0.0,0.010846522890932807,3.7601024326512613,-25.64453557358116,-0.06696113995631793,0
1727218501.1865895,1,0.31386782433441046,0.2670608423898883,0.2904643333621494,0.0,0.021693045781865615,5.271687286395209,-26.18704329146442,-0.06335687118934549,0
1727218501.2645466,1,0.31622776601683794,0.2662742108066691,0.2912509884117535,0.0,0.0,4.958154159298199,-26.709068677736223,-0.06390987969086637,0
1727218501.2992015,1,0.3383914467816184,0.2879498116147348,0.3131706291981766,0.0,0.0,5.816391782263905,-26.397358707189362,-0.059768389804898535,0
1727218501.3670528,1,0.2988029110483515,0.2662742108066691,0.2825385609275103,0.0,0.0,3.851929097357552,-26.75787136971841,-0.06649962638838425,0
1727218501.4158313,1,0.3471790951068548,0.29375911261381293,0.3204691038603339,0.0,0.0,3.1362061995700463,-27.017599382342993,-0.07211799255719228,0
1727218501.4999263,1,0.29412858809577336,0.2879498116147348,0.29103919985525406,0.0,0.0,4.285575528555687,-26.496444500389433,-0.0720806499896276,0
1727218501.549036,1,0.16095639727077776,0.10723297333683632,0.13409468530380703,0.0,0.010859306069076735,5.399623185434579,-26.085035280864837,-0.056938527407594135,0
1727218501.600564,1,0.29244328628402977,0.1698525089501637,0.23114789761709675,0.0,0.0,4.479388383738239,-26.45170630353064,-0.06320086275159416,0
1727218501.6843226,1,0.2862991671569341,0.25621697663097004,0.27125807189395207,0.0,0.025630962709344753,4.437005441963202,-25.589365155502794,-0.06050202231594807,0
1727218501.7240884,1,0.3048553804248462,0.25621697663097004,0.28053617852790813,0.0,0.0,7.207611844526561,-25.546505321177207,-0.06684818010538332,0
1727218501.8198638,1,0.32317226848318364,0.2662742108066691,0.29472323964492636,0.0,0.010616692370889646,5.693647211222917,-26.49158919946045,-0.06401474327335432,0
1727218501.8516936,1,0.30091675284194835,0.2670608423898883,0.28398879761591833,0.0,0.021693045781865615,4.744409686717114,-26.503874284467834,-0.06105226397989763,0
1727218501.936664,1,0.31622776601683794,0.2662742108066691,0.2912509884117535,0.0,0.010846522890932807,5.279962126264625,-27.065609554894063,-0.061844015636349045,0
1727218501.9662468,1,0.32317226848318364,0.27203078747951254,0.2976015279813481,0.0,0.0216574040912105,5.517740648051364,-26.702161579459766,-0.062242944658857664,0
1727218502.018075,1,0.31622776601683794,0.27203078747951254,0.29412927674817524,0.0,0.021233384741779292,3.7270077668623607,-26.77284497884545,-0.057863454323962595,0
1727218502.0927756,1,0.31622776601683794,0.27203078747951254,0.29412927674817524,0.0,0.0,4.602244469375626,-26.824916325381537,-0.05986315002157978,0
1727218502.1469543,1,0.3048553804248462,0.2554622858115626,0.28015883311820444,0.0,0.010846522890932807,3.9639361990002735,-26.610724950806276,-0.06065407001267734,0
1727218502.214836,1,0.32317226848318364,0.2879498116147348,0.30556104004895923,0.0,0.021693045781865615,4.070545777626799,-25.677749095236987,-0.06360316383960203,0
1727218502.2679663,1,0.3356598887956653,0.2670608423898883,0.3013603655927768,0.0,0.021693045781865615,4.90691199435431,-26.57600940827507,-0.0692191569599606,0
1727218502.3374853,1,0.29412858809577336,0.2879498116147348,0.29103919985525406,0.0,0.0,5.402813427190635,-26.785319413773152,-0.0669696042642719,0
1727218502.3792417,1,0.2932693829545082,0.2662742108066691,0.2797717968805886,0.0,0.0,3.4669243212674523,-26.409394125668936,-0.06443688934837749,0
1727218502.46264,1,0.2962093620080057,0.27203078747951254,0.2841200747437591,24.0,0.010846522890932807,5.286678102495019,-26.6972239560476,-0.0745349146129583,0
1727218502.5066376,1,0.2962093620080057,0.282842712474619,0.2895260372413123,24.0,0.0,3.7949352179680966,-25.96128478299211,-0.06743560640771597,0
1727218502.5640285,1,0.3048553804248462,0.2662742108066691,0.28556479561575765,24.0,0.0216574040912105,5.603307329602338,-26.85970051984992,-0.06957649063641837,0
1727218502.6283243,1,0.27202941017470883,0.2662742108066691,0.2691518104906889,24.0,0.0,3.1005356497149377,-26.442500703986358,-0.06538867252686847,0
1727218502.7081118,1,0.30736845579728317,0.282842712474619,0.2951055841359511,24.0,0.0,2.9110928150998165,-26.645352806963658,-0.0639054450463278,0
1727218502.7449677,1,0.30736845579728317,0.27203078747951254,0.28969962163839785,24.0,0.010846522890932807,4.565194602316192,-26.369121803548875,-0.06566835284885734,0
1727218502.8011975,1,0.31622776601683794,0.3046423383858442,0.31043505220134104,24.0,0.01082870204560525,4.768474168788072,-27.17646052917351,-0.06394977765314869,0
1727218502.8671215,1,0.3255764119219941,0.2662742108066691,0.2959253113643316,24.0,0.022173003507924643,5.504119486218122,-26.858896270386058,-0.06762306390571561,0
1727218502.9630475,1,0.31386782433441046,0.2990633217917878,0.30646557306309913,24.0,0.010616692370889646,6.3157191739454,-26.171719144452798,-0.05856530758166351,0
1727218502.9923096,1,0.30736845579728317,0.272834425234709,0.29010144051599607,24.0,0.0,5.160473457291312,-25.587826761635828,-0.0660091316572868,0
1727218503.03904,1,0.2793987461573565,0.2836782909936273,0.2815385185754919,24.0,0.0,6.797517894299343,-27.048728740664846,-0.07219719960199576,0
1727218503.1171963,1,0.31386782433441046,0.282842712474619,0.29835526840451476,24.0,0.0,5.490320859604646,-25.695333031612865,-0.06650814943191756,0
1727218503.1702602,1,0.30736845579728317,0.2888004776086813,0.2980844667029823,24.0,0.011086501753962322,4.852147944846105,-26.45892483095019,-0.06959346076077899,0
1727218503.263946,1,0.30936160237962834,0.29375911261381293,0.3015603574967206,24.0,0.015678681139726623,5.326120410750576,-26.351584973409857,-0.06749581740768898,0
1727218503.2930381,1,0.2887631609997261,0.2836782909936273,0.2862207259966767,24.0,0.010616692370889646,5.495657875517618,-26.242886579623633,-0.06385072577251649,0
1727218503.3412654,1,0.30936160237962834,0.29375911261381293,0.3015603574967206,24.0,0.0,6.418796028480128,-27.03941506051273,-0.0749986261857538,0
1727218503.408933,1,0.3262219966972523,0.2981190083456099,0.3121705025214311,24.0,0.011086501753962322,5.805679520512163,-26.32190746128499,-0.06947730232245611,0
1727218503.4843922,1,0.30936160237962834,0.29375911261381293,0.3015603574967206,24.0,0.0,6.906077674461417,-26.22548115345394,-0.06998398774698096,0
1727218503.533873,1,0.2962093620080057,0.2836782909936273,0.2899438265008165,24.0,0.010616692370889646,6.269318657483875,-27.100883819527294,-0.0664349577222902,0
1727218503.6255882,1,0.33826050234978333,0.29375911261381293,0.31600980748179813,24.0,0.010859306069076735,6.849194296750502,-28.680253445366752,-0.0678761453801703,0
1727218503.6536953,1,0.320902088969416,0.3101135853770849,0.3155078371732505,24.0,0.0,6.967518693592067,-27.774764104650163,-0.07485426153724964,0
1727218503.7010489,1,0.3356598887956653,0.282842712474619,0.30925130063514217,24.0,0.010616692370889646,5.677194410625798,-27.830448044056805,-0.06474913961519246,0
1727218503.7710989,1,0.28484364594794254,0.24970570913871912,0.26727467754333084,24.0,0.032539568672798426,7.2334551922428485,-26.805454348655733,-0.07444233328615737,0
1727218503.8646843,1,0.18156601215240262,0.18065442600799428,0.18111021908019845,24.0,0.489766513804765,1.0743872774047696,-27.47666110362331,-0.0844190244035003,0
1727218503.8957083,1,0.2484990005982027,0.2344238625808369,0.2414614315895198,24.0,0.6208393889083751,-0.42487242377908635,-27.460488379611473,-0.09541291451442925,0
1727218503.9456527,1,0.3063616526325344,0.27066912910552876,0.28851539086903155,24.0,0.6924204817871504,0.43862708946255075,-29.03850019770126,-0.12963316685220969,0
1727218504.0030668,1,0.31846487764924103,0.27066912910552876,0.2945670033773849,24.0,0.7310338084745873,2.290810338059192,-28.866842106082274,-0.137113593631585,0
1727218504.0650427,1,0.3307706008278113,0.2618362089154943,0.2963034048716528,24.0,0.7960478887952067,4.022732061750877,-28.772657578635542,-0.14489011992227158,0
1727218504.1428885,1,0.31622776601683794,0.27586915264600054,0.2960484593314192,24.0,0.8796783470748033,5.527783036358405,-29.32627519251311,-0.14985579409367722,0
1727218504.2278821,1,0.2962093620080057,0.27024807238841686,0.2832287171982113,24.0,0.912423186961118,5.823816494623008,-28.79285509483379,-0.16432703777075147,0
1727218504.2620277,1,0.31622776601683794,0.2704588861653816,0.2933433260911098,24.0,0.9620047640805036,6.370464343125079,-27.918523526039408,-0.16123905707864333,0
1727218504.3127248,1,0.32487993563611384,0.29101108785398383,0.3079455117450488,24.0,1.0108993157495785,5.744247328724354,-27.660189253709007,-0.16040139404473755,0
1727218504.3735588,1,0.31008683647302115,0.2967876371320142,0.30343723680251766,24.0,1.0322816820257121,6.210662281751881,-27.683593206129864,-0.16442129198570452,0
1727218504.4556155,1,0.3262219966972523,0.320738658577947,0.32348032763759965,24.0,1.008377170764495,8.649629945638361,-27.85301741972617,-0.1703007480449042,0
1727218504.490905,1,0.33476703170599303,0.30586777135731963,0.32031740153165633,24.0,1.017653225002254,9.219352696550697,-27.16920250364464,-0.15991476773659968,0
1727218504.5484352,1,0.3449044908473815,0.29101108785398383,0.31795778935068264,24.0,1.0343174557383783,10.740243466818587,-28.38497616825834,-0.1779433255680524,0
1727218504.6083267,1,0.32487993563611384,0.2960435813260878,0.3104617584811008,24.0,1.0441475176733472,8.956551391010398,-28.291788043715083,-0.1681621876360635,0
1727218504.6775677,1,0.3262219966972523,0.3428919861802255,0.3345569914387389,24.0,1.0320738365713216,9.687123257351626,-28.879686362125952,-0.17052249173904835,0
1727218504.7275543,1,0.32774854690031674,0.3218461559050241,0.3247973514026704,24.0,1.101312810302256,10.5511154653356,-28.366162056810367,-0.1774134997355193,0
1727218504.8032854,1,0.32487993563611384,0.31075520233124243,0.31781756898367813,24.0,1.08148495948231,9.168732658863213,-27.95653740616459,-0.17933730517703017,0
1727218504.8648589,1,0.3407853524510546,0.31692951760649135,0.32885743502877296,24.0,1.0810731783675929,9.811908322743557,-29.435354977670873,-0.1840982561249127,0
1727218504.9146829,1,0.3407853524510546,0.2951692378843426,0.31797729516769857,24.0,1.0701618588161335,11.231302836030482,-29.903301696646185,-0.17752661581269324,0
1727218504.985838,1,0.3320463127856113,0.32655856752294754,0.32930244015427945,24.0,1.1028065601764214,10.498975280674818,-30.168792100108327,-0.17784534843231695,0
1727218505.0407975,1,0.3262219966972523,0.320738658577947,0.32348032763759965,24.0,1.0925479499154538,12.33723785266126,-29.910668577636876,-0.1877854870561467,0
1727218505.0999577,1,0.3586942162008005,0.28159436014709627,0.32014428817394835,24.0,1.0093205822150373,13.509296954443252,-30.485822458204833,-0.1738777389999129,0
1727218505.1640408,1,0.30641293851417056,0.2750412121733439,0.2907270753437572,24.0,1.0359047839063975,13.328971263500613,-31.371175300378525,-0.18199699108041856,0
1727218505.216215,1,0.33447274835032853,0.285914424652679,0.31019358650150375,24.0,0.9851044207313269,13.140993253083135,-31.44163488048818,-0.16538744225718727,0
1727218505.2926695,1,0.33520076157699547,0.2716569380368592,0.3034288498069273,24.0,0.9135907947682884,17.878106342219386,-31.093050672033485,-0.16622299594872167,0
1727218505.3347719,1,0.3572185660444886,0.29725004349467865,0.3272343047695836,24.0,1.0450324692086261,19.837607886312572,-32.53396831551854,-0.17281886642848482,0
1727218505.3936355,1,0.33520076157699547,0.2858681463924339,0.3105344539847147,24.0,1.0359324613115986,22.669036700201076,-30.37055005559064,-0.16708433932904915,0
1727218505.4762592,1,0.30056995195306196,0.29316032642524326,0.2968651391891526,24.0,1.0019390411398124,26.903668098882893,-29.931118177260817,-0.16417548551768316,0
1727218505.5166433,1,0.24008172698993846,0.23025749766764794,0.2351696123287932,24.0,1.1395770592870134,27.472229941891282,-36.79716218918158,-0.15943110019013101,0
1727218505.5706174,1,0.21347047650771073,0.22587697572631282,0.21967372611701177,24.0,0.9785768056174313,30.747028782460223,-33.16791819745654,-0.14902831446766157,0
1727218505.6306374,1,0.3016921834310232,0.2525381361380527,0.27711515978453793,24.0,0.9693204921049258,36.898840530513574,-30.501262700638087,-0.1449181534765262,0
1727218505.711418,1,0.275,0.2873274635100746,0.2811637317550373,24.0,0.9553363623286384,36.74008859388482,-31.225925562222052,-0.13610812232984698,0
1727218505.7562797,1,0.3461534300569393,0.291222660705962,0.3186880453814507,24.0,0.9205601177071433,38.310922755264066,-30.948513498268476,-0.1388138029173779,2
1727218505.8090417,1,0.34210526315789475,0.2983975467231776,0.32025140494053617,24.0,0.8908974432940443,39.662910550601985,-32.835763855189455,-0.12658955030189675,2
1727218505.8846953,1,0.32884575855409237,0.2877543184223316,0.30830003848821197,24.0,0.9081063653022613,38.475739621191124,-30.1675243827561,-0.1312888641607391,2
1727218505.952553,1,0.325,0.320180405921217,0.3225902029606085,24.0,0.8442753305550572,40.075748592828205,-30.08133013101879,-0.12415572019203393,2
1727218506.006828,1,0.31121590028251134,0.2618914004394621,0.2865536503609867,24.0,0.7937399813206713,40.512755384968,-31.640191401466303,-0.11769182477856975,2
1727218506.0501578,1,0.29514979597122487,0.2600039246171614,0.27757686029419315,24.0,0.7486185893698843,39.554337937578566,-28.68802779661133,-0.1212711435469685,2
1727218506.1235616,1,0.3131864367181832,0.256271030377607,0.2847287335478951,24.0,0.7497475494629195,39.04354972749534,-27.644352604180153,-0.11825236816710508,2
1727218506.189196,1,0.321477733604472,0.2309590195207282,0.2762183765626001,24.0,0.7666402563131052,38.93416816528453,-27.508890285461895,-0.10941229164144801,2
1727218506.2433355,1,0.32867482820160654,0.2523772325625344,0.2905260303820705,24.0,0.7774653177163711,38.40366595083025,-28.670579093847493,-0.10916290946070295,2
1727218506.303783,1,0.3409090909090909,0.2561077484047529,0.2985084196569219,24.0,0.8064662605630813,39.081182871585405,-28.732810127991346,-0.1203786399131553,2
1727218506.3696098,1,0.29733551205223224,0.22665546480064913,0.2619954884264407,24.0,0.8263978115649385,39.07261822657391,-28.538220777249602,-0.11594588123485576,2
1727218506.424769,1,0.29545454545454547,0.2525381361380527,0.2739963407962991,24.0,0.8157811464995228,39.06147236272083,-28.26254294416046,-0.10943258023656546,2
1727218506.4832606,1,0.3425242684514881,0.23488982753863738,0.28870704799506275,24.0,0.8671247065318617,39.05525342012363,-27.962456454193394,-0.10792704997763942,2
1727218506.5437994,1,0.29733551205223224,0.23488982753863738,0.2661126697954348,24.0,0.814867947000188,40.57649013626836,-29.89156505619572,-0.11969197173095536,2
1727218506.6128983,1,0.29733551205223224,0.218088114494371,0.2577118132733016,24.0,0.8676789451517303,38.742896750086814,-27.861474373173923,-0.12326954090468922,2
1727218506.6508095,1,0.29733551205223224,0.2523772325625344,0.27485637230738336,24.0,0.8307781917504259,37.76712366735409,-29.36102180951177,-0.12328869849916421,2
1727218506.7220056,1,0.29733551205223224,0.23488982753863738,0.2661126697954348,24.0,0.8553662453854206,38.08631694837352,-28.22282421933878,-0.11558396578192336,2
1727218506.788777,1,0.3131864367181832,0.23474016850621632,0.27396330261219975,24.0,0.8449675900532309,39.69523928897676,-30.562450682379726,-0.12471069283606062,2
1727218506.8334727,1,0.3350254240920351,0.24743409829562057,0.2912297611938278,24.0,0.8407386357912028,39.34479647957031,-31.09557780696699,-0.12820018990101742,2
1727218506.9208078,1,0.29545454545454547,0.2472871222812885,0.271370833867917,24.0,0.8313748295603408,37.92808030885233,-31.35304834967438,-0.11847305210599192,3
1727218506.9548447,1,0.2970288224275004,0.23474016850621632,0.26588449546685833,24.0,0.8417959027289551,38.88130099754979,-30.04109723303683,-0.11332613048249106,3
1727218507.0218427,1,0.31114177726023884,0.2600039246171614,0.2855728509387001,24.0,0.8025962407231362,38.88185401996449,-29.84470579887621,-0.12480004668228657,3
1727218507.074798,1,0.2619047619047619,0.21710310444989825,0.2395039331773301,24.0,0.7920524739099365,35.98965292472145,-30.091959382336956,-0.12373728465617767,3
1727218507.1554904,1,0.3016921834310232,0.2523772325625344,0.2770347079967788,24.0,0.6983613018748277,37.791288007315494,-30.90393677229544,-0.11575792434487722,3
1727218507.218763,1,0.2795445510972751,0.2810134785932095,0.2802790148452423,24.0,0.580178226776896,37.64923541778492,-33.20458115812969,-0.11025391555338908,3
1727218507.269776,1,0.32884575855409237,0.2910371094537981,0.30994143400394525,24.0,0.5685365857031978,37.28831991263049,-34.18636830692141,-0.11069131828208098,3
1727218507.329469,1,0.27465689319140724,0.2910371094537981,0.28284700132260265,24.0,0.6825031068461993,37.035661360085605,-33.97157764147115,-0.11123703307944961,3
1727218507.3733633,1,0.3016921834310232,0.28051419455312093,0.2911031889920721,24.0,0.6562465339661431,36.549515171676795,-34.03339886971093,-0.10058046103592758,3
1727218507.442097,1,0.3157894736842105,0.2910371094537981,0.3034132915690043,24.0,0.6826793503886712,35.969114633499096,-33.68174210000062,-0.11838131671252114,3
1727218507.5362532,1,0.2774754878398196,0.2910371094537981,0.2842562986468089,0.0,0.6956170497817286,36.86698804213308,-32.73737220979287,-0.11630748274848156,3
1727218507.5678144,1,0.3,0.27379629133465155,0.28689814566732574,0.0,0.6983667900162577,36.54446433356491,-34.63854274739605,-0.11491345197237454,3
1727218507.6153166,1,0.32014539633148525,0.2685927481763403,0.2943690722539128,0.0,0.721466530732164,31.605204312360247,-35.06489556019366,-0.13696607140930656,3
1727218507.692448,1,0.32014539633148525,0.2910959284754701,0.3056206624034777,0.0,0.6855909817902465,28.99074856924306,-35.1435242499895,-0.13312598079776397,3
1727218507.7440233,1,0.3197029007553438,0.24325212770525995,0.2814775142303019,0.0,0.7210633134977411,27.990797862079514,-34.89977175596548,-0.1484322058074827,3
1727218507.7961452,1,0.35133779719023495,0.26814670400222457,0.30974225059622973,0.0,0.6807848648869497,22.051099964589472,-35.94996482500922,-0.14521217905045533,3
1727218507.8723955,1,0.3131864367181832,0.2877212680756936,0.3004538523969384,0.0,0.6682887675007806,18.15674233421095,-34.71668819762416,-0.15232025526164758,3
1727218507.9247363,1,0.3266609919029693,0.2904511969453131,0.3085560944241412,0.0,0.7176839395267139,19.62510082310017,-35.30429371255781,-0.14717210145686122,3
1727218507.9847057,1,0.3531122757732243,0.2704588861653816,0.311785580969303,0.0,0.6295463997974912,16.854020735267966,-34.349086335822975,-0.15081534447506192,3
1727218508.038569,1,0.35133779719023495,0.2674082098871901,0.30937300353871255,0.0,0.6654753334485553,17.310246720179418,-34.185756286194405,-0.15425815151736041,3
1727218508.1366498,1,0.3284354704859587,0.28051419455312093,0.30447483251953983,0.0,0.6537206860496125,16.226901800028926,-33.4936305588364,-0.14086043127239206,3
1727218508.16777,1,0.3266609919029693,0.27120580525165866,0.298933398577314,0.0,0.669466425618217,17.05258304353865,-33.464543575942194,-0.15038942409768952,3
1727218508.2179804,1,0.3037586651986931,0.2869288642904791,0.2953437647445861,0.0,0.633727701616304,16.79570802927689,-32.65395772585828,-0.1402693468943677,3
1727218508.291242,1,0.32706906325745544,0.2468477607457046,0.28695841200158,0.0,0.295378269592824,21.30887694597717,-34.769519162382906,-0.11472503878962155,3
1727218508.350364,1,0.19647491721768984,0.16968236213542165,0.18307863967655574,0.0,0.07952491873652953,28.930489783119775,-36.25799172585347,-0.10297014779893782,3
1727218508.3998032,1,0.20513217183267982,0.2065042716617691,0.20581822174722447,0.0,0.011086501753962322,26.85011443405603,-38.74899394637126,-0.08813903942632807,0
1727218508.4808266,1,0.2938507082299913,0.24325212770525995,0.2685514179676256,0.0,0.0,26.63090298649006,-39.92592785896142,-0.10210410930894345,0
1727218508.5347848,1,0.30178756151138747,0.24325212770525995,0.2725198446083237,0.0,0.0,27.840983504902365,-40.133463004247325,-0.10588623435862138,0
1727218508.5789146,1,0.34464771807319383,0.2773500981126145,0.3109989080929042,0.0,0.0,27.585274668055625,-39.44098384079248,-0.11082437615740644,0
1727218508.6579313,1,0.32650836449039417,0.2773500981126145,0.30192923130150434,0.0,0.0,25.4985786080346,-39.513608198158714,-0.1034662070942943,0
1727218508.7167516,1,0.32014539633148525,0.24612066708752603,0.28313303170950566,0.0,0.0,24.94522348022158,-39.502992712123564,-0.09504934661534259,0
1727218508.7609236,1,0.3197029007553438,0.28051419455312093,0.30010854765423234,0.0,0.2288171745713182,20.746496382853074,-38.77212578457992,-0.09973250934961919,0
1727218508.8247967,1,0.32014539633148525,0.2773500981126145,0.2987477472220499,0.0,0.3236460511298596,18.178490987999627,-35.38177901191902,-0.0905774637848202,0
1727218508.903266,1,0.3020690632574555,0.2209961987800185,0.26153263101873697,0.0,0.4233984300484649,15.33221088803544,-34.97137275677052,-0.07614244983547336,0
1727218508.9507759,1,0.3020690632574555,0.24612066708752603,0.27409486517249076,0.0,0.6334084523836095,13.95673972252939,-33.386667767765,-0.07408997919861836,0
1727218509.0084577,1,0.30413812651491096,0.24612066708752603,0.2751293968012185,0.0,0.7056878951996572,15.042385860666801,-33.48261202993048,-0.08582790408977167,0
1727218509.0839274,1,0.2795445510972751,0.2468477607457046,0.26319615592148987,0.0,0.7188820807242668,14.621169078583566,-32.38566015569015,-0.08410903746363059,0
1727218509.1268885,1,0.2795445510972751,0.27968793592605257,0.2796162435116638,0.0,0.7740542932142,14.221213095626908,-33.0431223251554,-0.09577017034400138,0
1727218509.1834664,1,0.32014539633148525,0.26942349149592976,0.2947844439137075,0.0,0.7444318159565888,14.770004526143536,-32.73357293247527,-0.0931002075343145,0
1727218509.2499073,1,0.3037586651986931,0.2634652093494436,0.28361193727406836,0.0,0.7763322087830195,14.159148200641539,-32.88471623892648,-0.0900649603091975,0
1727218509.3038554,1,0.29507796370521266,0.2504433937861493,0.272760678745681,0.0,0.7740542932142,14.575927718601722,-31.52830064831442,-0.09709464657769684,0
1727218509.3690813,1,0.2989506895946294,0.2735095624435731,0.28623012601910125,0.0,0.7357720303846622,15.838962614951724,-30.993689708635927,-0.07879655662060432,0
1727218509.4474857,1,0.32884575855409237,0.2792171220130315,0.30403144028356194,0.0,0.7394051464696547,16.193282723154564,-31.682193988248372,-0.08790722127735935,0
1727218509.4901962,1,0.3131864367181832,0.27426490650109264,0.2937256716096379,0.0,0.7357904924945526,15.567938742595505,-31.639727638631836,-0.07621127708079536,0
1727218509.5429904,1,0.32884575855409237,0.2765511446066676,0.30269845158038,0.0,0.7492973086309073,16.623060871329397,-31.690438313399554,-0.08915039493773115,0
1727218509.6040673,1,0.30413812651491096,0.2836782909936273,0.29390820875426915,0.0,0.7359080703285787,15.089288431211408,-31.64253522933588,-0.08208716734033261,0
1727218509.6640186,1,0.21932588008725848,0.2227658990258675,0.22104588955656299,0.0,0.7624746872656203,14.869909956559615,-33.468837701639615,-0.08435521433873955,0
1727218509.7240314,1,0.0703597544730292,0.12425550260950656,0.09730762854126787,0.0,0.74429420031331,16.14906349675755,-32.909969315085846,-0.07132704448429913,0
1727218509.7918587,1,0.2044169750219713,0.16959086634280354,0.18700392068238741,0.0,0.7210219384938918,18.621155010856086,-32.78058491554813,-0.08216366260649861,0
1727218509.8844028,1,0.24253562503633294,0.22530295452966648,0.2339192897829997,0.0,0.7088121181103824,17.199012738549264,-32.26110021722481,-0.08357043481394923,0
1727218509.9148216,1,0.3131864367181832,0.2391389893731479,0.27616271304566553,0.0,0.7219126410134876,17.83862842964992,-30.832826529066814,-0.09302610457102224,0
1727218509.969184,1,0.2762040184244509,0.24146600295498807,0.2588350106897195,0.0,0.6951421196602126,19.798448998747986,-31.721876686253815,-0.0773041793934634,0
1727218510.0377872,1,0.2893275086123319,0.23799925893254267,0.2636633837724373,0.0,0.7335188694100911,16.534639878546415,-31.688551394809554,-0.07723021022764082,0
1727218510.0978413,1,0.2893275086123319,0.2631510953473056,0.2762393019798187,0.0,0.7072940659187863,18.94690899513703,-30.744619911728726,-0.08466876306145879,0
1727218510.1460943,1,0.2893275086123319,0.2554622858115626,0.27239489721194726,0.0,0.7031826964083352,18.137885119361215,-31.21518448975106,-0.08009328799013833,0
1727218510.2375078,1,0.3131864367181832,0.23435502937369643,0.2737707330459398,0.0,0.6993417247452657,17.71703637614579,-30.659055195924672,-0.0824723705992826,0
1727218510.2717535,1,0.3131864367181832,0.2298483931141165,0.27151741491614984,0.0,0.6990533816717633,17.693363971556565,-32.01645905466434,-0.07757743472215824,0
1727218510.3533795,1,0.27630759931238424,0.2405416014096805,0.2584246003610324,0.0,0.6988430807775629,17.96875029429067,-31.653704942270508,-0.07694160352215028,0
1727218510.3922138,1,0.2897639839394824,0.2287928847265895,0.25927843433303593,0.0,0.6964148196742871,19.205456923766164,-31.53704557888397,-0.08412082998532344,0
1727218510.453895,1,0.2762040184244509,0.2574877826992806,0.26684590056186575,0.0,0.7058543892319966,18.249428471556726,-31.866819438574687,-0.07655325109011443,0
1727218510.5282679,1,0.2894360110172446,0.24970570913871912,0.26957086007798187,0.0,0.6785335344814936,18.14510896058747,-33.60568368186189,-0.06965519709895515,0
1727218510.5686855,1,0.2662329058069287,0.2504433937861493,0.258338149796539,0.0,0.6667829638146179,15.68913764752857,-32.779202167022774,-0.07858646891106288,0
1727218510.6399622,1,0.2639632607645147,0.262689168755476,0.26332621475999535,0.0,0.6626834882956301,14.982803194167566,-33.103231328343746,-0.06025873186453161,0
1727218510.70526,1,0.2549509756796392,0.2816852104027235,0.26831809304118137,0.0,0.6298050761801333,17.75909156662282,-33.01913977451884,-0.0708172955996689,0
1727218510.7461872,1,0.26177759028882014,0.2368033988749895,0.24929049458190483,0.0,0.6296675515589307,16.100859528591435,-33.575249373781034,-0.05626591937909166,0
1727218510.829459,1,0.11937129433613965,0.11641019661664634,0.117890745476393,0.0,0.6213658351831554,15.730131252833207,-31.98877466736278,-0.06427100946147872,0
1727218510.8817863,1,0.28154625318573645,0.23784626255015404,0.25969625786794526,0.0,0.6074600654440531,14.470115626534826,-36.52539497201149,-0.08518988866392918,0
1727218510.928403,1,0.32605707420630536,0.26638449408694254,0.29622078414662395,0.0,0.7234068829305415,16.583297499137743,-36.38114863397739,-0.11522706259926906,0
1727218511.0087032,1,0.3173215231647095,0.2704588861653816,0.29389020466504556,0.0,0.755399378983566,16.61014132053652,-37.466194749582876,-0.1340347445608271,0
1727218511.0606325,1,0.32605707420630536,0.3156277919065655,0.32084243305643545,0.0,0.8026399181339083,20.69795194193108,-39.11259908567678,-0.17011120563703067,0
1727218511.1081,1,0.3525163982158483,0.3187360252316781,0.33562621172376317,0.0,0.5180195678900629,22.494439534778074,-40.58791344657925,-0.19041076918629954,0
1727218511.1912668,1,0.32014539633148525,0.3187360252316781,0.31944071078158165,0.0,0.636891088485219,20.169029919926263,-40.86339656537098,-0.190101426428142,0
1727218511.2429547,1,0.3461534300569393,0.27676355413572656,0.3114584920963329,0.0,0.7456651988287681,18.842448884225842,-39.915691214977585,-0.16906254918544275,0
1727218511.2959385,1,0.32014539633148525,0.2704588861653816,0.29530214124843346,0.0,0.7233801950830967,19.250042431146962,-36.709559797281024,-0.14450459736832413,0
1727218511.3797655,1,0.3461534300569393,0.2735095624435731,0.3098314962502562,0.0,0.7000377275177815,21.31593950904669,-36.56080888837496,-0.14418554413208148,0
1727218511.415614,1,0.32014539633148525,0.2509703623986437,0.2855578793650645,0.0,0.6591298593410633,18.438881528285396,-36.15252990833553,-0.12773880429036708,0
1727218511.4941757,1,0.294257422207658,0.2468477607457046,0.2705525914766813,0.0,0.6412118791431761,19.07945219381081,-35.91327481547212,-0.13269240472574653,0
1727218511.540413,1,0.3461534300569393,0.2709070845461865,0.3085302573015629,0.0,0.6284974323261633,19.195684997176862,-34.95930014633099,-0.13606404142437326,0
1727218511.5919223,1,0.32014539633148525,0.31341245691952585,0.31677892662550555,0.0,0.649186142994825,19.692523918386584,-34.99594417795846,-0.12650071368524052,0
1727218511.6626458,1,0.294257422207658,0.296380462697162,0.29531894245240997,0.0,0.6527434003614087,19.00573124444624,-36.08471686205733,-0.13397693753634263,0
1727218511.7247264,1,0.3197029007553438,0.2509703623986437,0.28533663157699374,0.0,0.6615006605423404,19.20867820978678,-35.02119155304853,-0.12190243146488437,0
1727218511.7706656,1,0.30413812651491096,0.2670608423898883,0.28559948445239963,0.0,0.6544054107489604,17.789550096802923,-34.36705526818643,-0.13078709664657376,3
1727218511.850451,1,0.32014539633148525,0.2674082098871901,0.2937768031093377,0.0,0.6754190496854625,18.867991484454414,-35.31230957111363,-0.13638131373957565,3
1727218511.892557,1,0.1504142093990467,0.2298483931141165,0.19013130125658162,0.0,0.6729937680254235,18.81436115403187,-37.13824394253943,-0.12163827207828955,3
1727218511.9545376,1,0.15732919388188818,0.18525530121218914,0.17129224754703865,0.0,0.6059970298378254,20.578390080349124,-36.041207728748844,-0.14442449131997345,3
1727218512.0445633,1,0.2549509756796392,0.1985383614888746,0.2267446685842569,0.0,0.6512440052745183,21.629734581670835,-38.00979216137221,-0.14278911917819156,3
1727218512.0743966,1,0.2916757572206104,0.2634652093494436,0.277570483285027,0.0,0.6437158387239421,21.01683082233219,-37.95019036015824,-0.1360796622762639,3
1727218512.1405685,1,0.3197029007553438,0.2638967459493819,0.2917998233523629,0.0,0.7028095959136219,20.943907175175266,-35.391757554390736,-0.1360609170387877,3
1727218512.2072444,1,0.32014539633148525,0.242535625036333,0.28134051068390914,0.0,0.6868946441502367,21.053606421001906,-35.584520051241945,-0.13514865210503063,3
1727218512.2654736,1,0.3461534300569393,0.22558632928856764,0.28586987967275346,0.0,0.6578759325055246,19.42953955950114,-36.0719935340084,-0.1300373534441949,3
1727218512.311924,1,0.3461534300569393,0.2297330414274946,0.287943235742217,0.0,0.6055282941509511,23.534507245801354,-37.72639109330028,-0.14618023854442835,3
1727218512.3976953,1,0.3379312516832344,0.2773500981126145,0.30764067489792446,0.0,0.49168698897060625,28.87129603994053,-36.88721122150564,-0.1510262904503833,3
1727218512.441081,1,0.33741095691478934,0.2716569380368592,0.3045339474758243,0.0,0.37618153837697677,30.903496198048327,-36.61838661665013,-0.1360463356239825,3
1727218512.5326498,1,0.3101268346947042,0.26753618096072357,0.2888315078277139,0.0,0.32302274652930885,32.994598334706026,-37.460778906992985,-0.1306689450587144,3
1727218512.5667713,1,0.3197029007553438,0.2520820859460565,0.28589249335070016,24.0,0.3934636910666582,31.12613781442345,-36.66536068995719,-0.1199871891872753,3
1727218512.6226242,1,0.3101268346947042,0.23518021709589934,0.2726535258953018,24.0,0.5484569078067881,30.542799364027292,-35.467069170572316,-0.13030442303571596,3
1727218512.6748135,1,0.33741095691478934,0.23518021709589934,0.28629558700534435,24.0,0.6610134949927636,29.416744154541856,-36.62992199847006,-0.13510635583093553,3
1727218512.7437708,1,0.2938507082299913,0.2023096723832625,0.24808019030662692,24.0,0.7001381711095338,27.010647675999927,-35.218106945973524,-0.13079612525079906,3
1727218512.7922475,1,0.11704114719613058,0.1744326292126266,0.14573688820437858,24.0,0.686875324281063,27.455411740204717,-36.922780897323285,-0.11481434733377233,3
1727218512.8665261,1,0.08934098130931098,0.15890771018821476,0.12412434574876287,24.0,0.7000110176553984,26.892549181154802,-34.63221377178988,-0.10052597031904265,3
1727218512.9345586,1,0.2679985157046388,0.1977228851281504,0.2328607004163946,24.0,0.7155987531534335,28.038110253936516,-34.20349792078762,-0.10070624063393448,3
1727218512.9838471,1,0.25216048398934465,0.23905352437605284,0.24560700418269876,24.0,0.7416797074511395,25.44959389270197,-32.27541603179731,-0.07622862909323594,3
1727218513.0739017,1,0.27712929246129075,0.2581988798353667,0.2676640861483287,24.0,0.67177913376964,26.53258998133733,-33.4136445541787,-0.07503955244632572,3
1727218513.101059,1,0.26539634065922857,0.26753618096072357,0.26646626080997604,24.0,0.6311385932069812,26.676084340806867,-31.648626399387844,-0.06061122338363849,3
1727218513.1543033,1,0.2938507082299913,0.2581988798353667,0.276024794032679,24.0,0.6337379824186145,26.033309137106613,-31.96106194035744,-0.0639069232953662,3
1727218513.2272348,1,0.24235206811450272,0.23865653513277002,0.24050430162363637,24.0,0.6247584203975765,27.286591355731915,-33.38938200970136,-0.06645841626902758,3
1727218513.2970278,1,0.294257422207658,0.2670608423898883,0.28065913229877315,24.0,0.5889057965314604,26.383789204218274,-32.703952690551645,-0.05894315738171257,3
1727218513.3412788,1,0.25463288325922817,0.24612066708752603,0.2503767751733771,24.0,0.6225241037741317,26.603311114612026,-32.05890952751277,-0.05236382467933713,3
1727218513.4217875,1,0.2679985157046388,0.2504433937861493,0.2592209547453941,24.0,0.603761896033577,25.29144196713013,-31.05359364274723,-0.05415880268038877,3
1727218513.4545307,1,0.2774754878398196,0.27426490650109264,0.27587019717045613,24.0,0.5936813509095228,24.979507206329558,-32.723265926844476,-0.06589167249569552,3
1727218513.5165107,1,0.294257422207658,0.2216092504252031,0.25793333631643056,24.0,0.60252420694147,24.896666863718288,-33.76335731774092,-0.05936874527223607,3
1727218513.5896714,1,0.32014539633148525,0.20576237820230117,0.2629538872668932,24.0,0.5683958963653263,23.350929258358242,-32.32686650708709,-0.04999184082358102,3
1727218513.6496618,1,0.2774754878398196,0.22917137133976073,0.25332342958979015,24.0,0.5406396620027765,23.125407496079767,-32.13190567515249,-0.05615247398030732,3
1727218513.6959205,1,0.2938507082299913,0.22917137133976073,0.261511039784876,24.0,0.5526599533679678,23.21770747905445,-32.75110169389097,-0.051198954052125885,3
1727218513.7815871,1,0.294257422207658,0.2504433937861493,0.2723504079969037,24.0,0.531172244421946,24.132775835151264,-32.90446589358358,-0.051888999270286056,3
1727218513.825505,1,0.2683694480838308,0.2304117224967142,0.2493905852902725,24.0,0.5954520720248532,23.81700082785896,-33.73512636552016,-0.05333090913608863,3
1727218513.8919415,1,0.2795445510972751,0.24612066708752603,0.2628326090924006,24.0,0.6305295436428028,22.02606770021353,-32.64952333228729,-0.057306498077908725,3
1727218513.9519253,1,0.1819073399075091,0.1816450490871359,0.18177619449732252,24.0,0.6966510044064728,21.345936773494472,-33.511552211288844,-0.09095683060003491,3
1727218514.0115535,1,0.0908041471727627,0.04159964686131841,0.06620189701704055,24.0,0.7712232578962549,20.167816583634675,-32.19109556950306,-0.08250901735328418,3
1727218514.067045,1,0.19172061278384314,0.1816450490871359,0.18668283093548954,24.0,0.7874417520509639,19.890059711498267,-34.78245001440599,-0.10088057030762265,3
1727218514.1275978,1,0.2683694480838308,0.2014133092501788,0.2348913786670048,24.0,0.7955724678152291,18.500240499756252,-33.86421755224065,-0.10107095751252163,3
1727218514.1944318,1,0.2866981834358181,0.1816450490871359,0.234171616261477,24.0,0.7872900409950361,19.349806516292503,-32.73972391040447,-0.09827497059899343,3
1727218514.2496932,1,0.30413812651491096,0.2304117224967142,0.2672749245058126,24.0,0.7955724678152291,17.046876843890107,-32.07922929219635,-0.0824076263850417,3
1727218514.2976356,1,0.2938507082299913,0.2468477607457046,0.270349234487848,24.0,0.781910910146575,18.03051483288622,-32.280336848801866,-0.09478858793244474,3
1727218514.378739,1,0.27919577422896064,0.18525530121218914,0.2322255377205749,24.0,0.7617338392828824,19.616591192902785,-31.99475799284653,-0.08891749498539163,3
1727218514.434439,1,0.3131864367181832,0.22459154462439535,0.26888899067128924,24.0,0.7620355158628043,21.254160044462544,-31.733376826365,-0.105117959381618,3
1727218514.4856346,1,0.2989506895946294,0.22029838775855373,0.2596245386765916,24.0,0.7564162501584759,21.02181286556846,-31.84460331146755,-0.0928899261020193,3
1727218514.5402691,1,0.3131864367181832,0.19667333128868106,0.25492988400343214,24.0,0.7710234692848196,20.638838540103315,-32.61489392125139,-0.11045551554404055,3
1727218514.6240156,1,0.26593156682433244,0.2169304578186562,0.24143101232149433,24.0,0.7787583970595331,20.332766800396108,-33.11733472458831,-0.10178672653098118,3
1727218514.665077,1,0.3131864367181832,0.20082004342760798,0.2570032400728956,24.0,0.737078486451836,19.55904558122006,-32.83207418920429,-0.09810756619847892,3
1727218514.765494,1,0.25386928375762585,0.2134123548651261,0.23364081931137598,24.0,0.7611159172820164,20.014568356530887,-32.648064176836236,-0.10186929481122368,3
1727218514.8065681,1,0.26593156682433244,0.19123280939645143,0.22858218811039194,24.0,0.7430939147982588,18.982554395950533,-33.96719076923058,-0.09672274992086725,3
1727218514.8389878,1,0.2662329058069287,0.2335531056843124,0.24989300574562057,24.0,0.7309977110463929,20.43113687668205,-32.082314708144764,-0.10500241323866609,3
1727218514.907402,1,0.31894340790957704,0.2209961987800185,0.26996980334479775,24.0,0.7778736714843962,19.365804790157735,-33.706274864627574,-0.10818539386977202,3
1727218515.000891,1,0.28718326344709527,0.2134123548651261,0.25029780915611066,24.0,0.7454685864564201,20.925800798740614,-31.724855189569784,-0.10042630744213203,3
1727218515.0319536,1,0.3131864367181832,0.21757131728816848,0.26537887700317586,24.0,0.7465806253762499,20.99982550893687,-32.364937147566685,-0.10217810048449981,3
1727218515.0835028,1,0.3131864367181832,0.2134123548651261,0.2632993957916546,24.0,0.7394051464696547,20.891045486617855,-32.03661831221779,-0.1068206812363523,3
1727218515.1821609,1,0.27273683864525217,0.21278374567972927,0.24276029216249073,24.0,0.7251911249303646,19.521252002470945,-32.555956245587,-0.10933455581964659,3
1727218515.2126515,1,0.26593156682433244,0.23429290198015484,0.2501122344022436,24.0,0.742665906364095,20.329815578689022,-33.097353951227305,-0.10330584350301482,3
1727218515.2633357,1,0.27919577422896064,0.262689168755476,0.2709424714922183,24.0,0.7338711849483208,17.42834907685495,-33.34647974029707,-0.10824519266338667,3
1727218515.323061,1,0.2866981834358181,0.2345325149100973,0.2606153491729577,24.0,0.7016123698417532,19.088881587545686,-35.37888361504395,-0.11128033695293651,3
1727218515.4233134,1,0.31018294626587445,0.2704588861653816,0.29032091621562806,24.0,0.6883876752853477,21.14596683487408,-36.86976103693972,-0.12241515032698255,3
1727218515.4516568,1,0.3461534300569393,0.2674082098871901,0.30678081997206474,24.0,0.6011701797213127,22.394819228056612,-37.14718569184897,-0.1317015984221757,3
1727218515.5015373,1,0.3197029007553438,0.27433813635895277,0.2970205185571483,24.0,0.5574687654642583,23.423156380123274,-37.364560937671286,-0.13500947893461931,3
1727218515.5906894,1,0.30137043959605303,0.2509703623986437,0.27617040099734835,24.0,0.5452607709226132,23.333096435560247,-38.05764241673487,-0.14621933155638905,3
1727218515.6317942,1,0.32884575855409237,0.2489810484700174,0.28891340351205486,24.0,0.44278006259927594,25.112923327583417,-37.826046754598856,-0.14170194146105816,3
1727218515.694419,1,0.3037586651986931,0.2674082098871901,0.2855834375429416,24.0,0.405892938900358,26.61816817554616,-38.42533437326699,-0.1528159201153734,3
1727218515.743038,1,0.3197029007553438,0.27327479427406204,0.29648884751470295,24.0,0.36912452105851495,25.48547968536933,-39.03179608574243,-0.1441898028190042,3
1727218515.8221414,1,0.3197029007553438,0.2674082098871901,0.293555555321267,24.0,0.3822019790977791,24.75695660175227,-38.49396776507704,-0.14455884807565808,3
1727218515.8661578,1,0.31806307721853005,0.2674082098871901,0.2927356435528601,24.0,0.42995423008245537,25.30723615513274,-39.21033148678323,-0.14679225043395364,3
1727218515.9269087,1,0.23026547630526498,0.21696392113887447,0.22361469872206974,24.0,0.48932763435506754,22.92960223546716,-39.84520210849686,-0.13765578656262403,3
1727218516.0135083,1,0.14605998837058273,0.17319675579077504,0.15962837208067887,24.0,0.570223917084427,20.22115021669018,-37.60945539850226,-0.14121509848315253,3
1727218516.049785,1,0.2679985157046388,0.2335531056843124,0.2507758106944756,24.0,0.5364689635534892,22.59642347203068,-39.1864080200713,-0.1488748312963183,3
1727218516.107625,1,0.31018294626587445,0.2534630477483115,0.281822997007093,24.0,0.5699147767763696,22.911058892750944,-37.12020608870418,-0.14368640645292033,3
1727218516.1859632,1,0.30413812651491096,0.27854334442328355,0.2913407354690972,24.0,0.5984674961716897,20.578844554825825,-38.309929094472125,-0.14488522979331175,3
1727218516.2327795,1,0.32650836449039417,0.2923637711404781,0.30943606781543614,24.0,0.6334041990514572,20.215518389945004,-37.48645416007002,-0.1505843427716699,3
1727218516.2842677,1,0.32605707420630536,0.2923637711404781,0.3092104226733917,24.0,0.6302909320840837,20.81008271064971,-36.3651522924754,-0.1559979956099924,3
1727218516.3545668,1,0.30413812651491096,0.28279142038261595,0.2934647734487634,24.0,0.7052302230263395,18.709357981582304,-36.34342419776822,-0.1540093122971777,3
1727218516.4285762,1,0.32884575855409237,0.2923637711404781,0.3106047648472853,24.0,0.7105543693873916,18.915680258630164,-36.79323703144835,-0.14217582225322165,3
1727218516.471539,1,0.3197029007553438,0.28279142038261595,0.3012471605689799,24.0,0.7110310985303271,18.159263850781336,-36.81706408017142,-0.14903243476972095,3
1727218516.531602,1,0.294257422207658,0.2991983466782894,0.2967278844429737,24.0,0.6677852828673873,19.033962233220578,-37.00421378762848,-0.1483064542258076,3
1727218516.6264882,1,0.32014539633148525,0.3093260638371127,0.314735730084299,24.0,0.6773251746975603,18.199074095188557,-37.32938321033588,-0.15246376431197414,3
1727218516.654869,1,0.34464771807319383,0.306773481517891,0.3257105997955424,24.0,0.7071280225318911,18.50044807293376,-37.31147298624375,-0.15411324846292804,3
1727218516.7187948,1,0.294257422207658,0.3093260638371127,0.3017917430223853,24.0,0.7396811397007942,20.532342193835063,-37.53207900015698,-0.15859371638607156,3
1727218516.7652953,1,0.32605707420630536,0.32911542548181283,0.3275862498440591,24.0,0.6806060127302621,18.641526488856968,-36.71234838213818,-0.14865511316076524,3
1727218516.8383615,1,0.3508232077228117,0.3095626618912611,0.3301929348070364,24.0,0.5934946178185405,19.677970688836403,-38.750564796223976,-0.14074805113293382,3
1727218516.8906913,1,0.3324112476572669,0.296828703211799,0.3146199754345329,24.0,0.5035165026964347,20.23172593432653,-37.186907839677374,-0.14021714211750658,3
1727218516.9723277,1,0.34464771807319383,0.2765511446066676,0.31059943133993073,24.0,0.5266394628631573,20.569638685835297,-39.99005667009908,-0.14138357947186592,3
1727218517.0234303,1,0.39864382503183315,0.28956535736882066,0.3441045912003269,24.0,0.5521654355991806,23.274872025041944,-45.61743330917185,-0.16011195583962753,3
1727218517.0744576,1,0.44108109139123086,0.3163162826763507,0.3786986870337908,24.0,0.6075083570567609,22.088566435797,-53.33359684469415,-0.17944157504117614,3
1727218517.1319234,1,0.4714045207910317,0.28956535736882066,0.3804849390799262,24.0,0.638674685775345,26.18444198822082,-55.63748631793983,-0.20471461393599738,3
1727218517.2186158,1,0.5025381361380526,0.27707908236611806,0.3898086092520854,24.0,0.6000565637569341,24.757893617884783,-58.313222550369076,-0.21137909943760208,3
1727218517.2540445,1,0.5023689270621825,0.30663748738953356,0.40450320722585803,24.0,0.6803223093061374,26.792599057041798,-57.47968906846801,-0.20449553011174704,3
1727218517.3213801,1,0.2382138115254657,0.2298483931141165,0.2340311023197911,24.0,0.6341409524800027,23.030554346965584,-55.96286666643514,-0.20497771239640208,3
1727218517.3673177,1,0.29651742278276144,0.1379237968024615,0.21722060979261149,24.0,0.5540530152985789,23.945655024725557,-55.33189691001509,-0.1784805767995803,3
1727218517.4418697,1,0.23488808780588138,0.22573305919324013,0.23031057349956074,24.0,0.5007955404587345,25.4091550505145,-53.12916742746485,-0.18649242117043782,3
1727218517.5292065,1,0.38620975704922655,0.2340073555371589,0.3101085562931927,24.0,0.31525736476069116,30.554095392125383,-50.18595252098631,-0.17168552403004778,3
1727218517.5569036,1,0.32884575855409237,0.24612066708752603,0.2874832128208092,24.0,0.23345737236000172,30.010175804025344,-44.05048224743945,-0.14463300134448637,3
1727218517.6078684,1,0.3355664249161397,0.24836551060347684,0.29196596775980826,36.0,0.14130434782608695,27.39447549990682,-43.69425217979064,-0.1201146685787376,3
1727218517.6789813,1,0.31894340790957704,0.2735095624435731,0.29622648517657507,36.0,0.0,22.36378550051129,-36.97069318601495,-0.09731331645223311,0
1727218517.732741,1,0.32006278477950495,0.2923637711404781,0.30621327795999154,36.0,0.0,21.677520927296957,-33.684427306782986,-0.07821957120460557,0
1727218517.7993176,1,0.2989506895946294,0.29953523924572845,0.29924296442017895,36.0,0.0,21.643958773865585,-30.370295766680833,-0.06701050001395695,0
1727218517.8527935,1,0.30743773095067284,0.26942349149592976,0.28843061122330127,36.0,0.0,23.15949472291081,-29.926274089030773,-0.06397414749187379,0
1727218517.931868,1,0.3112054238988972,0.2500095754224707,0.280607499660684,36.0,0.0,22.47182080642043,-28.939917624484444,-0.055036058476660134,0
1727218517.9771893,1,0.30750044083906014,0.2620426474897779,0.284771544164419,36.0,0.031222908534136,23.358016382195302,-28.970293270519075,-0.060747448668554256,0
1727218518.048357,1,0.31149943003333785,0.262689168755476,0.2870942993944069,36.0,0.025677311685192595,23.36244594961164,-27.643491899144127,-0.05847167535243181,0
1727218518.0931249,1,0.32616312957149984,0.25304857283145793,0.28960585120147886,36.0,0.0,20.389319945329184,-27.09205515352968,-0.057918121399147024,0
1727218518.172667,1,0.3152776158367505,0.27854334442328355,0.29691048013001703,36.0,0.010414406840917835,21.163293683434922,-27.00615509267255,-0.057891202276178964,0
1727218518.2262015,1,0.31963265911623057,0.25,0.2848163295581153,36.0,0.010414406840917835,20.37205184317567,-26.23737263005767,-0.05413175926255326,0
1727218518.280421,1,0.3165265169252399,0.28504385627478446,0.3007851866000122,36.0,0.0,18.39128243223212,-26.096492601519383,-0.05171027239565818,0
1727218518.351475,1,0.2697243011007604,0.290840592071338,0.28028244658604917,36.0,0.0141393080448516,17.737055285353616,-26.420387822874826,-0.046269452812646154,0
1727218518.4084675,1,0.2740381321284103,0.26752192813739223,0.27078003013290125,36.0,0.014728195398497143,17.396420087835367,-25.34544927467352,-0.04424254705361486,0
1727218518.4513845,1,0.2989506895946294,0.25847227682101426,0.2787114832078218,36.0,0.0,18.807617014000574,-27.448722822562445,-0.052389977509558296,0
1727218518.5348709,1,0.325826705418464,0.2882957255085248,0.3070612154634944,36.0,0.014718620235236596,18.260122504722133,-28.401728507415406,-0.04327756295765924,0
1727218518.5904896,1,0.2784872937381329,0.28504385627478446,0.2817655750064587,36.0,0.014718620235236596,18.72411519351054,-28.4300698005082,-0.054109067264380466,0
1727218518.6325924,1,0.2716820219172132,0.2511009804759127,0.26139150119656296,36.0,0.0,17.76327059581664,-28.598285090386725,-0.050318634525580754,0
1727218518.6989698,1,0.2816936409357731,0.2882957255085248,0.28499468322214894,36.0,0.0,17.629785573102065,-29.136752790671846,-0.04770695230948055,0
1727218518.775115,1,0.2762040184244509,0.25847227682101426,0.26733814762273256,36.0,0.010628679156203412,17.18577562826045,-29.597310707460007,-0.05369985119156917,0
1727218518.818115,1,0.2954123297770233,0.28235945450624766,0.2888858921416355,36.0,0.0,15.694505936589668,-29.541872629856584,-0.05579551809166809,0
1727218518.8897388,1,0.3011693009684171,0.27540147844384355,0.2882853897061303,36.0,0.010407636178045333,16.564482679844264,-30.342342889011583,-0.05667327598529136,0
1727218518.9383218,1,0.2819844966053404,0.26638449408694254,0.2741844953461415,36.0,0.010407636178045333,15.875334084945314,-29.71500785550569,-0.048850668962701196,0
1727218519.0198865,1,0.2947411762588882,0.25847227682101426,0.2766067265399512,36.0,0.0,16.055168482875615,-30.194163154516712,-0.051808830818746016,0
1727218519.0633874,1,0.2819844966053404,0.30550198826745845,0.29374324243639943,36.0,0.0,15.111520564988442,-29.546115417569652,-0.05188717863558539,0
1727218519.1360545,1,0.2716820219172132,0.27540147844384355,0.2735417501805284,36.0,0.010407636178045333,14.971633504480739,-29.82639185262157,-0.05247735951070724,0
1727218519.1809773,1,0.23803114332210568,0.25847227682101426,0.24825171007155997,36.0,0.010407636178045333,15.196604183024158,-28.618603317891772,-0.046344934873983855,0
1727218519.2513638,1,0.27273683864525217,0.26752192813739223,0.2701293833913222,36.0,0.01019559237857732,14.859648466535074,-29.483627164610343,-0.05204079756216905,0
1727218519.3384628,1,0.29507796370521266,0.27540147844384355,0.2852397210745281,36.0,0.009992009587217894,15.17060587432169,-29.231312335568695,-0.04389634837124608,0
1727218519.3781435,1,0.28718326344709527,0.25953439220690955,0.2733588278270024,36.0,0.0,15.218544688378124,-28.66738145773903,-0.042138392501332486,0
1727218519.4276853,1,0.27472112789737807,0.28345388743864336,0.2790875076680107,36.0,0.0,14.712218486166865,-28.411080518018007,-0.03838906592587638,0
1727218519.4736784,1,0.27630759931238424,0.26752192813739223,0.2719147637248882,36.0,0.0,14.190509539702438,-30.079357228459823,-0.0363294641548633,0
1727218519.5434177,1,0.28718326344709527,0.28504385627478446,0.2861135598609399,36.0,0.0,13.563266435946897,-31.584351523767808,-0.03965996849122619,0
1727218519.60851,1,0.24452773755341067,0.28345388743864336,0.263990812496027,36.0,0.0,14.43479339368523,-29.1874208167875,-0.037657376319789916,0
1727218519.656986,1,0.23827691638016563,0.27396667082065707,0.2561217936004113,36.0,0.0,14.619127300106214,-30.106903304423138,-0.04882649001024901,0
1727218519.7331786,1,0.23153454909080073,0.26025116548985844,0.2458928572903296,36.0,0.01019559237857732,15.115912836409871,-30.62247640535211,-0.04039280267901237,0
1727218519.7842526,1,0.2372983622810801,0.26752192813739223,0.25241014520923616,36.0,0.020370021093167764,15.458008660602985,-30.295371522969052,-0.037493959354827106,0
1727218519.8377063,1,0.2784872937381329,0.2620426474897779,0.2702649706139554,36.0,0.00978700365857839,14.845000947680443,-31.63087483224207,-0.04135200104183184,0
1727218519.9132051,1,0.26593156682433244,0.26752192813739223,0.26672674748086234,36.0,0.010407636178045333,16.83528829500298,-32.27708359474316,-0.05592151426917189,0
1727218519.9623008,1,0.26593156682433244,0.25847227682101426,0.2622019218226733,36.0,0.0,18.998517831731437,-31.64287176970042,-0.05635567312960979,0
1727218520.0206397,1,0.2603658779889308,0.26025116548985844,0.2603085217393946,36.0,0.0,19.082355203491865,-30.448382897374643,-0.05013807817918019,0
1727218520.103762,1,0.29507796370521266,0.24154307519818496,0.2683105194516988,36.0,0.0,17.77464844116482,-31.829506675840335,-0.05937829187727816,0
1727218520.1461368,1,0.2893275086123319,0.2651845134692179,0.2772560110407749,36.0,0.01019559237857732,19.902492756065236,-30.607750565052015,-0.05616256729506476,0
1727218520.238138,1,0.2893275086123319,0.26752192813739223,0.27842471837486205,36.0,0.009992009587217894,18.979222992589513,-30.501087861816632,-0.054273804449962215,0
1727218520.2679532,1,0.25528129450831816,0.25,0.2526406472541591,36.0,0.010628679156203412,20.106454143089326,-31.982427831919132,-0.059852891577494245,0
1727218520.3199797,1,0.2689222973184121,0.26752192813739223,0.2682221127279022,36.0,0.01019559237857732,20.690602986069834,-31.490331337626753,-0.06954797150569567,0
1727218520.4013011,1,0.2689222973184121,0.2548126313889161,0.2618674643536641,36.0,0.0,19.824788675563365,-32.42649364877803,-0.06454309220136102,0
1727218520.4374964,1,0.2923777591229224,0.26752192813739223,0.2799498436301573,36.0,0.01019559237857732,18.879479715537403,-32.17962510192443,-0.06814631062633768,0
1727218520.5187268,1,0.10540925533894598,0.1637436329376953,0.13457644413832065,36.0,0.010396381025863422,18.254437529173924,-32.067130576638824,-0.052007203813131515,0
1727218520.568744,1,0.08603796100280632,0.1637436329376953,0.12489079697025082,36.0,0.0,18.355727545248413,-32.13591421357103,-0.04907448140666139,0
1727218520.6219769,1,0.2044169750219713,0.22360679774997896,0.21401188638597513,36.0,0.010396381025863422,17.77667925501618,-32.33439427876546,-0.05990889706306989,0
1727218520.6983204,1,0.30772461304701454,0.2420995930691263,0.2749121030580704,36.0,0.0,17.239083537001008,-32.30135815694365,-0.05523994402067663,0
1727218520.7502408,1,0.2493408968572527,0.2548126313889161,0.2520767641230844,36.0,0.0,17.564999183955656,-32.012562820669785,-0.05943951277493157,0
1727218520.8006275,1,0.24962343620779257,0.2679845483552766,0.25880399228153456,36.0,0.0,17.62396293316151,-32.00839783220606,-0.06624342516723507,0
1727218520.8877778,1,0.2863404812585526,0.26752192813739223,0.2769312046979724,36.0,0.010407636178045333,19.911351507923246,-32.0746527803191,-0.06500977675938215,0
1727218520.9216247,1,0.2896553585856295,0.291547594742265,0.29060147666394726,36.0,0.0,17.99021829969865,-33.015987574609966,-0.0625721846019511,0
1727218520.9846654,1,0.2795445510972751,0.28345388743864336,0.28149921926795923,36.0,0.0,14.90338722237967,-33.05635119924133,-0.05606744990922901,0
1727218521.065233,1,0.2893275086123319,0.293629772444708,0.29147864052851996,36.0,0.0,14.331100474397578,-32.91958700464192,-0.05992939302171578,0
1727218521.1085324,1,0.3525163982158483,0.31050369369538894,0.3315100459556186,36.0,0.010635890745287925,14.810975695012987,-33.88214564223937,-0.0655819811781114,0
1727218521.164023,1,0.3284354704859587,0.3149336393584103,0.3216845549221845,36.0,0.0,12.809259963310604,-34.569556968021004,-0.06431141785281155,0
1727218521.2417433,1,0.3401166302404319,0.28141231555848256,0.31076447289945724,36.0,0.010635890745287925,12.951323780213993,-33.82611899091366,-0.05747439821376411,0
1727218521.2919946,1,0.3635513389603322,0.3156277919065655,0.33958956543344887,36.0,0.025142602239414974,13.860925952287026,-32.980749014092474,-0.06087173071785013,0
1727218521.3537452,1,0.3531122757732243,0.28443649251789044,0.31877438414555737,36.0,0.0,14.401856927307348,-34.032801828709395,-0.057036332941999494,0
1727218521.42841,1,0.3580175055162441,0.3192231060765489,0.3386203057963965,36.0,0.015041420939904671,14.94782205110646,-34.06787059308023,-0.0660684978665236,0
1727218521.4685652,1,0.35116849077071005,0.28141231555848256,0.31629040316459633,36.0,0.0,16.733177051144093,-32.80424071558709,-0.07063831535102436,0
1727218521.5657115,1,0.31283195280524406,0.29773922927395485,0.30528559103959946,36.0,0.010635890745287925,15.09769215396554,-33.37220658865483,-0.06540239606219884,0
1727218521.6031165,1,0.3525163982158483,0.3192231060765489,0.33586975214619863,36.0,0.03190767223586378,14.304772611475487,-34.56270051813345,-0.06461842681626641,0
1727218521.6427276,1,0.3587794425286498,0.3192231060765489,0.33900127430259935,36.0,0.010866997704607785,14.71365891877255,-34.61520277083461,-0.07426763723103164,0
1727218521.718522,1,0.3640054944640259,0.3353094577139637,0.3496574760889948,36.0,0.010866997704607785,15.70174009273641,-34.04272452797451,-0.07237036674651195,0
1727218521.778484,1,0.33365500207951265,0.29773922927395485,0.31569711567673375,36.0,0.02082881368183567,15.472892861333738,-33.4799059811007,-0.06759232297209014,0
1727218521.8501136,1,0.38316367838318516,0.29773922927395485,0.34045145382857,36.0,0.0,15.080870629274106,-34.41195634917634,-0.06816155790178127,0
1727218521.892889,1,0.3771405769548297,0.3149336393584103,0.34603710815662003,36.0,0.0,13.159183760525888,-35.29636295168656,-0.06594398198408116,0
1727218521.9469733,1,0.388158028512896,0.3167873146852743,0.35247267159908513,36.0,0.010628679156203412,14.737044633315712,-33.61184805533742,-0.06572658956283402,0
1727218522.0459316,1,0.3531122757732243,0.33695269386655763,0.34503248481989096,36.0,0.02082881368183567,13.206090938846593,-34.71893834427566,-0.07206754274859954,0
1727218522.0776167,1,0.33969227994388246,0.29598452257987684,0.3178384012618797,36.0,0.010866997704607785,13.263494134956261,-33.1756859280503,-0.07041059614027649,0
1727218522.1456664,1,0.3401166302404319,0.30043799185654446,0.3202773110484882,36.0,0.010866997704607785,12.031277309357133,-33.841322212805345,-0.06267250351482222,0
1727218522.1954312,1,0.387673738831468,0.29773922927395485,0.3427064840527114,36.0,0.010635890745287925,11.848027929632291,-33.883988399700165,-0.06286289381189852,0
1727218522.245376,1,0.3692558924604434,0.2770921680671338,0.3231740302637886,36.0,0.010635890745287925,10.099521755471507,-33.55713286638477,-0.06123535049770637,0
1727218522.3242512,1,0.34627951464451867,0.2824366880652614,0.31435810135489006,36.0,0.0,6.858800937109319,-32.07864925740039,-0.056009289950045615,0
1727218522.3880284,1,0.3692558924604434,0.313292874068759,0.3412743832646012,36.0,0.0,5.204806730528174,-32.817266398159035,-0.05660489141382123,0
1727218522.436945,1,0.3909079031741939,0.3057786292817528,0.34834326622797335,36.0,0.0,4.3652743573999055,-33.07497450492376,-0.06121683500843355,0
1727218522.4852746,1,0.3719324495262802,0.31132189561769025,0.3416271725719852,36.0,0.0,1.4475672324949451,-33.59671444823817,-0.05383689461534068,0
1727218522.5670888,1,0.3451103064173911,0.3085502624497215,0.32683028443355633,36.0,0.0,0.6067995807389306,-32.35606860438574,-0.06248228904641758,0
1727218522.6101916,1,0.3451103064173911,0.290840592071338,0.31797544924436455,12.0,0.0,2.3317959726802435,-33.93253564700969,-0.06114889691550838,0
1727218522.673118,1,0.3621990044324821,0.3190941120626151,0.34064655824754864,12.0,0.0,3.7893393877590364,-34.20845886485389,-0.05112971447098332,0
1727218522.769815,1,0.3530662876656075,0.2939660893178147,0.3235161884917111,12.0,0.010635890745287925,3.202099352876888,-32.654369656215486,-0.0576917741336539,0
1727218522.801667,1,0.3680091047957925,0.3041458676074377,0.33607748620161515,12.0,0.025683123003969095,3.1503490387351993,-32.85047484360661,-0.05276460388282713,0
1727218522.8492258,1,0.3719324495262802,0.28443649251789044,0.3281844710220853,12.0,0.010866997704607785,3.1478520131323666,-32.51025228290444,-0.0562608822188441,0
1727218522.9171765,1,0.12044673312607088,0.1637436329376953,0.1420951830318831,12.0,0.0,6.120192404949981,-33.086321409768516,-0.046646654299076634,0
1727218522.9835007,1,0.2549509756796392,0.18142612769020247,0.21818855168492085,12.0,0.0,5.557881641884457,-33.3574045373916,-0.04920424854418672,0
1727218523.0258594,1,0.2834297266912897,0.2473882046248949,0.2654089656580923,12.0,0.010869565217391304,7.8290726337986305,-33.32469764260059,-0.05664659914536297,0
1727218523.0907896,1,0.3097959430630629,0.26942349149592976,0.28960971727949636,12.0,0.02127178149057585,7.037246839254486,-32.40998543714285,-0.05353158310973613,0
1727218523.1744092,1,0.33365500207951265,0.28668761781189944,0.3101713099457061,12.0,0.02127178149057585,6.597242666612874,-32.00230229996811,-0.06295224586769403,0
1727218523.2163985,1,0.3635513389603322,0.29516755890112695,0.32935944893072955,12.0,0.03190767223586378,7.160256625645643,-32.34831279478036,-0.06226418953904393,0
1727218523.2778482,1,0.3719324495262802,0.2983094248805669,0.3351209372034235,12.0,0.0,5.773352711047436,-31.44017472797428,-0.055354406289089025,0
1727218523.3489423,1,0.32355396672130604,0.2885424060800026,0.30604818640065434,12.0,0.0,6.454858619833791,-31.61736400809498,-0.06533302658049775,0
1727218523.4032748,1,0.32246149100786786,0.3149336393584103,0.3186975651831391,12.0,0.0,6.442119312373164,-31.362410475999155,-0.061964573849629716,0
1727218523.467831,1,0.32355396672130604,0.30462232325508826,0.31408814498819715,12.0,0.0,7.15718863123535,-31.46254731637117,-0.06724762636075914,0
1727218523.5175347,1,0.34627951464451867,0.30313675443913407,0.32470813454182634,12.0,0.011108368642573443,7.343242577026513,-32.61427804571175,-0.06503665456302903,0
1727218523.5936651,1,0.32355396672130604,0.30462232325508826,0.31408814498819715,12.0,0.02127178149057585,7.032511881092622,-31.27259489550649,-0.05580736876696344,0
1727218523.6392977,1,0.3451103064173911,0.30313675443913407,0.3241235304282626,12.0,0.0,8.080889465497785,-32.198708591162266,-0.06785317697974907,0
1727218523.718275,1,0.33969227994388246,0.30462232325508826,0.32215730159948536,12.0,0.0,7.653088870193628,-31.20129690021418,-0.06518102345434024,0
1727218523.7595634,1,0.34627951464451867,0.30462232325508826,0.3254509189498035,12.0,0.010866997704607785,8.02355041109752,-31.433725914621245,-0.059623590517098174,0
1727218523.8098445,1,0.3583318073667782,0.2885424060800026,0.32343710672339043,12.0,0.010866997704607785,9.054176516357941,-31.599686023254762,-0.06477758394587085,0
1727218523.8906345,1,0.34627951464451867,0.30462232325508826,0.3254509189498035,12.0,0.0,8.071290871669849,-32.23826856859395,-0.06623914675141339,0
1727218523.9440727,1,0.34627951464451867,0.272462488904917,0.3093710017747178,12.0,0.010416666666666666,7.691562187720424,-30.47807600189586,-0.059779452903522656,0
1727218523.9989452,1,0.3583318073667782,0.30313675443913407,0.33073428090295615,12.0,0.0,9.426733689212286,-32.10252710931458,-0.06420483178251138,0
1727218524.0679166,1,0.34627951464451867,0.30313675443913407,0.32470813454182634,12.0,0.010638297872340425,7.157675665614586,-32.72200201145482,-0.0557252087562519,0
1727218524.1256988,1,0.32355396672130604,0.2967552696911847,0.31015461820624535,12.0,0.0,6.940705459446198,-32.09091186889961,-0.06690962567981362,0
1727218524.1800594,1,0.33969227994388246,0.27396667082065707,0.3068294753822698,12.0,0.010866997704607785,7.551471996023929,-32.21448363255295,-0.060895005363703084,0
1727218524.2537239,1,0.3384286960981292,0.2770921680671338,0.3077604320826315,12.0,0.0,6.579738011999535,-31.59289595846306,-0.06484609079861672,0
1727218524.3063161,1,0.3621990044324821,0.2939660893178147,0.3280825468751484,12.0,0.0,7.203234785812916,-32.518882468688005,-0.06420483178251138,0
1727218524.351486,1,0.3635513389603322,0.27854334442328355,0.3210473416918079,12.0,0.0,5.828135610733405,-32.10536841572751,-0.05787896217238164,0
1727218524.4292538,1,0.3635513389603322,0.28992134818515547,0.32673634357274384,12.0,0.0,6.074083713581223,-32.564832179069974,-0.062002676354582946,0
1727218524.4960742,1,0.33969227994388246,0.26067743772277596,0.30018485883332924,12.0,0.0,6.722554109517434,-32.52886322652173,-0.061099439945422905,0
1727218524.5325003,1,0.34627951464451867,0.26942349149592976,0.30785150307022424,12.0,0.010869565217391304,6.088785906324129,-31.413220129304143,-0.0573287483889752,0
1727218524.602278,1,0.3097959430630629,0.293629772444708,0.30171285775388546,12.0,0.010638297872340425,6.51990742671253,-32.22413278067636,-0.0561154496273169,0
1727218524.6535816,1,0.33447274835032853,0.293629772444708,0.3140512603975183,12.0,0.010416666666666666,5.3536133742181855,-31.208676623407673,-0.05852900251709748,0
1727218524.7415726,1,0.33447274835032853,0.28668761781189944,0.310580183081114,12.0,0.0,6.1844796595880345,-32.304424111837015,-0.060678206598555884,0
1727218524.7825234,1,0.33447274835032853,0.293629772444708,0.3140512603975183,12.0,0.010869565217391304,6.854609260543695,-32.37980103220948,-0.056589869105477815,0
1727218524.840111,1,0.33365500207951265,0.29516755890112695,0.3144112804903198,12.0,0.0,5.643537951821279,-30.629330892362667,-0.05128836528683369,0
1727218524.9172122,1,0.32355396672130604,0.26942349149592976,0.2964887291086179,12.0,0.010635890745287925,6.747354211172002,-30.97578392039637,-0.06167575726217899,0
1727218524.9637597,1,0.33969227994388246,0.2983094248805669,0.31900085241222464,12.0,0.0,6.017122835307077,-33.408559930430656,-0.06097252335089404,0
1727218525.0159981,1,0.3719324495262802,0.27540147844384355,0.3236669639850619,12.0,0.0,6.059504481018305,-31.673953333184134,-0.05670743734619169,0
1727218525.100862,1,0.3635513389603322,0.27854334442328355,0.3210473416918079,12.0,0.0,7.2407232110639805,-32.22846591590076,-0.05490803050198413,0
1727218525.146317,1,0.33969227994388246,0.2770921680671338,0.30839222400550814,12.0,0.0,6.484274731504085,-32.48090944830312,-0.05916232228434949,0
1727218525.194294,1,0.33969227994388246,0.27540147844384355,0.30754687919386303,12.0,0.0,5.77413542204928,-32.064798487649,-0.06035976557157157,0
1727218525.2700143,1,0.3158332209274327,0.2939660893178147,0.30489965512262374,12.0,0.010866997704607785,6.117259504203414,-32.028845354266736,-0.06114426202393546,0
1727218525.3571823,1,0.33969227994388246,0.2616141428004542,0.3006532113721683,12.0,0.0,4.849140910782781,-31.656738240684852,-0.054478808666519815,0
1727218525.3931887,1,0.3158332209274327,0.2616141428004542,0.2887236818639435,12.0,0.02173399540921557,6.028068193560222,-32.376953391202534,-0.06072256173424396,0
1727218525.4355338,1,0.3158332209274327,0.27396667082065707,0.2948999458740449,12.0,0.015371886547533643,6.524750325161339,-32.60239183169033,-0.06561726334399968,0
1727218525.5038989,1,0.32355396672130604,0.26942349149592976,0.2964887291086179,12.0,0.0,5.071427800140393,-31.932209669284983,-0.060449692010914755,0
1727218525.5560515,1,0.3635513389603322,0.28443649251789044,0.3239939157391113,12.0,0.0,5.609405904412426,-32.78942568488786,-0.05635483497124381,0
1727218525.640254,1,0.32355396672130604,0.2638029349692527,0.2936784508452794,12.0,0.0,4.878871545712498,-30.719242423719123,-0.05611881648696037,0
1727218525.6806061,1,0.32355396672130604,0.2681095788024182,0.2958317727618621,12.0,0.0,6.729574276766407,-32.913362221571994,-0.05872800049129232,0
1727218525.7405343,1,0.3635513389603322,0.27113375576182597,0.3173425473610791,12.0,0.0,5.755759222402357,-31.757612224930778,-0.06139789217428412,0
1727218525.8243148,1,0.3635513389603322,0.2770921680671338,0.32032175351373304,12.0,0.010869565217391304,7.269471330503573,-32.36026967331181,-0.06303472755449556,0
1727218525.8611565,1,0.3254124696450489,0.2802176653136105,0.3028150674793297,12.0,0.0,6.424988230307377,-32.65746632665822,-0.0698921363405707,0
1727218525.9189365,1,0.3719324495262802,0.25712566824338173,0.31452905888483096,12.0,0.010638297872340425,3.963230405628506,-30.90620320399796,-0.05603205538440786,0
1727218525.987852,1,0.33969227994388246,0.2770921680671338,0.30839222400550814,12.0,0.0,4.67030830175572,-32.9331733665991,-0.0666294843407511,0
1727218526.0582767,1,0.33969227994388246,0.26067743772277596,0.30018485883332924,12.0,0.0,3.8955245266699974,-31.909951807146374,-0.05761476106598413,0
1727218526.1012628,1,0.3583318073667782,0.27396667082065707,0.3161492390937176,12.0,0.0,5.751152302246166,-32.92554729312596,-0.05901683635720264,0
1727218526.161154,1,0.35752266422167156,0.25712566824338173,0.3073241662325267,12.0,0.0,4.642221986069302,-31.82154552771074,-0.05682891835717,0
1727218526.2441304,1,0.3239206002289828,0.2770921680671338,0.3005063841480583,12.0,0.010635890745287925,4.372094896427206,-32.06285202262114,-0.05593587163437499,0
1727218526.291618,1,0.3635513389603322,0.28345388743864336,0.3235026131994878,12.0,0.0,4.997299230705244,-33.204791834670075,-0.0620041999677583,0
1727218526.3790402,1,0.3580175055162441,0.28345388743864336,0.3207356964774437,12.0,0.021739130434782608,3.7789607263842866,-32.478011770959334,-0.06281253042427921,0
1727218526.4069676,1,0.3158332209274327,0.27396667082065707,0.2948999458740449,12.0,0.010635890745287925,4.858090071015635,-32.19842480403121,-0.05421110645514643,0
1727218526.462146,1,0.3635513389603322,0.2841110781410722,0.32383120855070224,12.0,0.0,4.444541456597174,-32.900864114208815,-0.05738886344477685,0
1727218526.561407,1,0.33969227994388246,0.26067743772277596,0.30018485883332924,12.0,0.010869565217391304,5.022440537801779,-32.11839575260469,-0.06151778903107334,0
1727218526.5921352,1,0.3158332209274327,0.2770921680671338,0.29646269449728324,12.0,0.010869565217391304,4.075225882787492,-31.59328128149202,-0.06313580780614782,0
1727218526.6437538,1,0.33969227994388246,0.2681095788024182,0.30390092937315033,12.0,0.0,5.06211702386158,-31.749877332454016,-0.05638667623062634,0
1727218526.73489,1,0.3008284187980934,0.2650854018430103,0.28295691032055187,12.0,0.0,5.46352472691356,-32.596040251453495,-0.0571422377943748,0
1727218526.7640338,1,0.32355396672130604,0.2681095788024182,0.2958317727618621,12.0,0.0,5.51000873601997,-32.3040516578956,-0.05698579341289708,0
1727218526.8400667,1,0.32355396672130604,0.26067743772277596,0.292115702222041,12.0,0.0,4.884873267408968,-32.181296711188445,-0.05851366694880542,0
1727218526.9173112,1,0.3635513389603322,0.27113375576182597,0.3173425473610791,12.0,0.010635890745287925,4.833170099458873,-32.822835995488276,-0.05593587163437499,0
1727218526.9438994,1,0.33969227994388246,0.27396667082065707,0.3068294753822698,12.0,0.0,5.903922214917251,-31.73964309806394,-0.05903764201126774,0
1727218526.9989467,1,0.32355396672130604,0.2770921680671338,0.30032306739421993,12.0,0.0,5.163607690858482,-32.42354835127194,-0.0587995391599869,0
1727218527.0648599,1,0.31622776601683794,0.24860550508181417,0.28241663554932606,12.0,0.010635890745287925,4.2108856582166885,-32.02163853273926,-0.04822003505463011,0
1727218527.1411276,1,0.34627951464451867,0.2770921680671338,0.3116858413558262,12.0,0.010638297872340425,5.43505131037895,-32.117876979815925,-0.05568111429966458,0
1727218527.189453,1,0.32355396672130604,0.24879033966532443,0.28617215319331524,12.0,0.0,4.6521878802126,-32.05182069328156,-0.05293977141006783,0
1727218527.2444463,1,0.33969227994388246,0.25222697024844853,0.29595962509616547,12.0,0.0,3.504341986333015,-31.941564043087194,-0.052587056490760904,0
1727218527.3110344,1,0.33969227994388246,0.2939660893178147,0.3168291846308486,12.0,0.0,3.8805597675055736,-32.743821407986445,-0.057552419838680334,0
1727218527.3987443,1,0.3497078455444972,0.25712566824338173,0.30341675689393943,12.0,0.010635890745287925,4.8667216681178225,-32.12571385777104,-0.050186101816357756,0
1727218527.4295142,1,0.33969227994388246,0.25222697024844853,0.29595962509616547,12.0,0.0,3.8896741956320415,-32.76076742854641,-0.04576856199396974,0
1727218527.485135,1,0.3254124696450489,0.27396667082065707,0.299689570232853,12.0,0.0,5.549878839907096,-31.190270893409643,-0.056797325024551426,0
1727218527.5465286,1,0.3158332209274327,0.26025116548985844,0.28804219320864555,12.0,0.0,3.1080507847125567,-32.48388044442288,-0.05147773383111629,0
1727218527.6102707,1,0.3635513389603322,0.27854334442328355,0.3210473416918079,12.0,0.0,4.727511647562341,-31.58464355760646,-0.05667827649493935,0
1727218527.690259,1,0.3158332209274327,0.2770921680671338,0.29646269449728324,12.0,0.0,3.8139469998303603,-32.68331371184774,-0.05619703910919091,0
1727218527.7352242,1,0.3158332209274327,0.2770921680671338,0.29646269449728324,12.0,0.010869565217391304,5.349247766454278,-31.204488650828562,-0.05649797932043441,0
1727218527.7913558,1,0.3008284187980934,0.26025116548985844,0.28053979214397595,12.0,0.010638297872340425,3.5067683568105297,-32.3476263164637,-0.06044734780326226,0
1727218527.8455954,1,0.3158332209274327,0.2616141428004542,0.2887236818639435,12.0,0.010635890745287925,3.786155077552432,-32.53428329409519,-0.06217232920731552,0
1727218527.9200606,1,0.3158332209274327,0.27854334442328355,0.29718828267535813,12.0,0.010635890745287925,4.463812609603589,-31.833489378155654,-0.06132707389039134,0
1727218527.9784894,1,0.33969227994388246,0.27854334442328355,0.30911781218358303,12.0,0.02127659574468085,4.594941148004779,-32.15166879243289,-0.05972965282303802,0
1727218528.0299363,1,0.3178035116284253,0.27854334442328355,0.29817342802585445,12.0,0.0,5.0630938855904075,-32.64111801670183,-0.0689497701494347,0
1727218528.1059449,1,0.3097959430630629,0.27113375576182597,0.29046484941244444,12.0,0.0,5.788656970888861,-32.52789510798701,-0.06421513056745091,0
1727218528.1511035,1,0.33969227994388246,0.2802176653136105,0.3099549726287465,12.0,0.0,4.343636456738747,-32.33986161753489,-0.06505408287631098,0
1727218528.2051826,1,0.33969227994388246,0.2638029349692527,0.3017476074565676,12.0,0.010638297872340425,3.7180306961946075,-31.87789252444766,-0.05844016185435769,0
1727218528.2821069,1,0.3158332209274327,0.27540147844384355,0.29561734968563813,12.0,0.0,6.344301673144585,-32.44858504837079,-0.06816363681145378,0
1727218528.333051,1,0.33969227994388246,0.27854334442328355,0.30911781218358303,12.0,0.0,5.449936201879676,-34.0091644056908,-0.05944984255017115,0
1727218528.3850486,1,0.33969227994388246,0.290840592071338,0.31526643600761023,12.0,0.0,5.119561885758063,-32.59225790450766,-0.06866144272030932,0
1727218528.4465926,1,0.33365500207951265,0.2770921680671338,0.30537358507332324,12.0,0.010638297872340425,4.938589486877806,-32.76189504459593,-0.06455260530166287,0
1727218528.5058916,1,0.34627951464451867,0.2626128657194451,0.3044461901819819,12.0,0.0,5.219981700677758,-33.41416777097292,-0.06353852079798722,0
1727218528.5864847,1,0.3239206002289828,0.2802176653136105,0.30206913277129666,12.0,0.0,4.825151288099646,-32.45077296490183,-0.0625472685289756,0
1727218528.6330276,1,0.3239206002289828,0.293629772444708,0.3087751863368454,12.0,0.0,6.297581666812534,-33.041030530134364,-0.06352216386096807,0
1727218528.6884627,1,0.3008284187980934,0.26025116548985844,0.28053979214397595,12.0,0.0,5.453634674960648,-32.40408566988712,-0.06315226481252602,0
1727218528.776055,1,0.32355396672130604,0.27113375576182597,0.297343861241566,12.0,0.010869565217391304,5.516563025388702,-32.76591185238695,-0.062488336499881864,0
1727218528.8160725,1,0.2874797872880345,0.2770921680671338,0.2822859776775842,12.0,0.0,4.434442835996019,-31.86591906947623,-0.047957778196085786,0
1727218528.8661103,1,0.32355396672130604,0.2770921680671338,0.30032306739421993,12.0,0.0,4.64336246393363,-32.99074184420907,-0.06831107768687632,0
1727218528.9289186,1,0.32355396672130604,0.2967552696911847,0.31015461820624535,12.0,0.010638297872340425,4.527309512957477,-31.62085800488437,-0.060891902591594486,0
1727218528.9895136,1,0.3011693009684171,0.2753489343793469,0.288259117673882,12.0,0.0,5.70356787071564,-32.79421456958897,-0.06189593023284578,0
1727218529.0632281,1,0.32355396672130604,0.27113375576182597,0.297343861241566,12.0,0.0,4.586745027231361,-31.79344498485269,-0.06333226382720306,0
1727218529.1071794,1,0.31018294626587445,0.2770921680671338,0.29363755716650414,12.0,0.0,4.088734739028327,-31.92161417480272,-0.06668475676965248,0
1727218529.1919436,1,0.2954123297770233,0.290840592071338,0.29312646092418065,12.0,0.010869565217391304,5.122130074932111,-31.973598484395204,-0.06025402849926074,0
1727218529.2335472,1,0.31894340790957704,0.27396667082065707,0.2964550393651171,12.0,0.010869565217391304,5.21176842005484,-32.51649424131393,-0.06565108760527014,0
1727218529.2916036,1,0.3097959430630629,0.2681095788024182,0.2889527609327406,12.0,0.010638297872340425,4.914202231182207,-32.05455096659201,-0.06253065229804664,0
1727218529.3521748,1,0.31018294626587445,0.26025116548985844,0.28521705587786644,12.0,0.0,5.05367615967161,-31.798684666515644,-0.06330988519828074,0
1727218529.441035,1,0.3158332209274327,0.27854334442328355,0.29718828267535813,12.0,0.010869565217391304,6.128239323773995,-32.78688940007627,-0.06950245247796674,0
1727218529.4699466,1,0.29507796370521266,0.2681095788024182,0.28159377125381546,12.0,0.0,5.092317006845959,-32.70284900284979,-0.06096864979232215,0
1727218529.5325725,1,0.31622776601683794,0.2681095788024182,0.29216867240962807,12.0,0.015371886547533643,4.907179112501776,-32.05363468759751,-0.06407522013452606,0
1727218529.6106157,1,0.3239206002289828,0.2939660893178147,0.30894334477339874,12.0,0.02127659574468085,6.42552102314439,-33.570908322820394,-0.06365438577995144,0
1727218529.6535656,1,0.17326517226861535,0.23236325539535313,0.20281421383198422,12.0,0.010866997704607785,4.9454786986848305,-32.98287463462513,-0.05823450288890258,0
1727218529.7240624,1,0.12044673312607088,0.0970142500145332,0.10873049157030204,12.0,0.011111111111111112,4.31768537171382,-34.877818639967714,-0.0439178640809839,0
1727218529.784521,1,0.10999380480125832,0.12366938848016845,0.11683159664071338,12.0,0.0,2.7346648278206436,-32.613178890783146,-0.03661309509847453,0
1727218529.8446312,1,0.2788028601778872,0.21604269425499403,0.24742277721644063,12.0,0.010869565217391304,5.44510892529966,-33.87272644487519,-0.05805741149123378,0
1727218529.900195,1,0.3011693009684171,0.24868381653571225,0.2749265587520647,12.0,0.0,6.148695907513938,-32.64656429975358,-0.06410396349871536,0
1727218529.9836779,1,0.31894340790957704,0.2770921680671338,0.29801778798835543,12.0,0.02127178149057585,4.632608099070116,-32.16724366841088,-0.06279222331155293,0
1727218530.0164576,1,0.2816936409357731,0.28713525510048,0.28441444801812654,12.0,0.010635890745287925,4.684081212347736,-32.61166926202619,-0.06535109864073059,0
1727218530.0743825,1,0.34627951464451867,0.28713525510048,0.31670738487249933,12.0,0.021739130434782608,6.1336469722167095,-30.659585518833094,-0.06377966865050652,0
1727218530.1586382,1,0.31283195280524406,0.2650854018430103,0.28895867732412717,12.0,0.0,4.470764385125096,-32.64894785926367,-0.060360548118041264,0
1727218530.195161,1,0.3008284187980934,0.27113375576182597,0.2859810872799597,12.0,0.02127659574468085,7.254024576799232,-32.33341730620835,-0.06865869092411478,0
1727218530.2678816,1,0.34627951464451867,0.2854430422353522,0.31586127843993544,12.0,0.010638297872340425,6.041810399460519,-31.929363642238048,-0.06110021301844732,0
1727218530.313899,1,0.34627951464451867,0.27113375576182597,0.3087066352031723,12.0,0.010869565217391304,6.878397334044468,-31.80192236143906,-0.06591030803233869,0
1727218530.3781388,1,0.3178035116284253,0.27113375576182597,0.29446863369512566,12.0,0.021739130434782608,6.345063830244934,-33.07488924677932,-0.06478268801656378,0
1727218530.4641628,1,0.34130795582133744,0.293629772444708,0.3174688641330227,12.0,0.010869565217391304,6.186858316860127,-32.60294835057659,-0.0665897732780166,0
1727218530.4949174,1,0.3210806495339678,0.27396667082065707,0.29752366017731247,12.0,0.011111111111111112,7.616144246385035,-31.435890629160696,-0.0698988942316108,0
1727218530.5671737,1,0.325826705418464,0.27113375576182597,0.29848023059014495,12.0,0.010869565217391304,7.285260416460341,-31.743974775570692,-0.0640604749450236,0
1727218530.6281903,1,0.3033883898637056,0.2650854018430103,0.284236895853358,12.0,0.010869565217391304,6.6445164996550155,-32.042797347903814,-0.06417834160392291,0
1727218530.6832142,1,0.325826705418464,0.2626128657194451,0.29421978556895456,12.0,0.010635890745287925,6.916612671034507,-32.212230360610604,-0.06384628701925671,0
1727218530.745287,1,0.325826705418464,0.28141231555848256,0.30361951048847324,12.0,0.010869565217391304,7.942183072515241,-32.181960171489976,-0.06855197374869512,0
1727218530.8246384,1,0.33057276130296026,0.293629772444708,0.3121012668738341,12.0,0.010635890745287925,6.196769533490061,-31.625026722736607,-0.07239059697183682,0
1727218530.857424,1,0.325826705418464,0.27113375576182597,0.29848023059014495,12.0,0.0,7.930879004064985,-31.594166134922716,-0.06736622711197196,0
1727218530.9486837,1,0.3324112476572669,0.2967552696911847,0.31458325867422576,12.0,0.010869565217391304,5.262534032036933,-33.45246171322398,-0.06811095154203219,0
1727218530.9779627,1,0.33969227994388246,0.2816852104027235,0.31068874517330297,12.0,0.010416666666666666,4.141867226193932,-32.27860766438519,-0.05784712578162659,0
1727218531.0484438,1,0.34677863069527887,0.27854334442328355,0.3126609875592812,12.0,0.0,5.416657299027482,-33.455990767286295,-0.07062226513999384,0
1727218531.1068542,1,0.3384286960981292,0.2923637711404781,0.3153962336193037,12.0,0.0,5.199716688206044,-33.08045341506523,-0.07102309734120488,0
1727218531.197162,1,0.33104235544094723,0.2923637711404781,0.3117030632907127,12.0,0.010635890745287925,4.156302011609336,-32.252870944658184,-0.05911280135680176,0
1727218531.22677,1,0.3158332209274327,0.27854334442328355,0.29718828267535813,12.0,0.02127178149057585,4.521047047425795,-32.84019981755343,-0.06875356424684015,0
1727218531.2732894,1,0.3324112476572669,0.28504385627478446,0.30872755196602564,12.0,0.02173399540921557,4.64243616496446,-34.21611551287759,-0.06764192074364513,0
1727218531.3449166,1,0.3158332209274327,0.2983094248805669,0.3070713229039998,12.0,0.010866997704607785,4.686960087461837,-34.46383466887491,-0.07146531570784999,0
1727218531.4366696,1,0.3384286960981292,0.2983094248805669,0.31836906048934804,12.0,0.0,5.488161448224851,-33.608817922807155,-0.0714758900420796,0
1727218531.4689636,1,0.35632224662213496,0.27540147844384355,0.31586186253298926,12.0,0.0,5.602305361097118,-34.61471728999185,-0.07904553463332695,0
1727218531.5305204,1,0.34677863069527887,0.29516755890112695,0.3209730947982029,12.0,0.0,6.0386966811787435,-33.31224262325221,-0.06557189707238896,0
1727218531.597555,1,0.3384286960981292,0.2882957255085248,0.313362210803327,12.0,0.0,4.545457800342156,-32.769568680270986,-0.061407123320577434,0
1727218531.638766,1,0.3719324495262802,0.2939660893178147,0.33294926942204744,12.0,0.0,5.890394587328796,-32.9797685237068,-0.06939907473191977,0
1727218531.7040074,1,0.3384286960981292,0.2770921680671338,0.3077604320826315,12.0,0.0,3.9249462439477707,-32.20857353533382,-0.06177906104278842,0
1727218531.7919314,1,0.33969227994388246,0.30550198826745845,0.3225971341056705,12.0,0.0,5.059131855731886,-32.41586252845217,-0.07089662331473524,0
1727218531.8260303,1,0.33969227994388246,0.293629772444708,0.31666102619429526,12.0,0.010866997704607785,6.014625416996281,-32.07544428128536,-0.0661956338271796,0
1727218531.8809018,1,0.3451103064173911,0.293629772444708,0.3193700394310496,12.0,0.0,6.123866534552099,-33.84145421728937,-0.06311410792311943,0
1727218531.9592285,1,0.33969227994388246,0.2967552696911847,0.3182237748175336,12.0,0.0,4.4684751073344335,-34.202549652065166,-0.06994347993667203,0
1727218532.0347118,1,0.35632224662213496,0.32305816606588744,0.3396902063440112,12.0,0.0,4.593096084969103,-33.91523683223495,-0.07009661123481296,0
1727218532.0634434,1,0.3719324495262802,0.2939660893178147,0.33294926942204744,12.0,0.0,4.497545199556116,-34.32510671654528,-0.06756576272833739,0
1727218532.119196,1,0.33969227994388246,0.31132189561769025,0.32550708778078635,12.0,0.010869565217391304,4.704291226260418,-33.803382470154084,-0.06694350254406414,0
1727218532.2041636,1,0.3326781185015782,0.30313675443913407,0.31790743647035613,12.0,0.0,6.171202702709878,-33.54558175685329,-0.07041193781838216,0
1727218532.2446764,1,0.32355396672130604,0.30313675443913407,0.31334536058022006,12.0,0.0,5.699116226506568,-33.25852795741398,-0.0653069940280309,0
1727218532.3077617,1,0.3542624501695483,0.30313675443913407,0.3286996023043412,12.0,0.010638297872340425,5.07737471313081,-32.404592135138465,-0.06698935015703283,0
1727218532.3570557,1,0.34627951464451867,0.29178249789114213,0.31903100626783043,12.0,0.010869565217391304,4.790300254194755,-33.17018721900275,-0.07499736656203228,0
1727218532.4283245,1,0.34627951464451867,0.2967552696911847,0.3215173921678517,12.0,0.0,4.25782572794157,-34.27495560183827,-0.06632893552984961,0
1727218532.4857085,1,0.3542624501695483,0.2939660893178147,0.3241142697436815,12.0,0.0,5.829037176220137,-32.455022064487075,-0.0686717609739535,0
1727218532.546685,1,0.3542624501695483,0.28141231555848256,0.3178373828640154,12.0,0.0,4.095989552790714,-32.40935772468941,-0.06515782993919983,0
1727218532.5989919,1,0.3384286960981292,0.2665294925174558,0.3024790943077925,12.0,0.0,4.798434647466178,-33.44477256511589,-0.07114403531149097,0
1727218532.6816037,1,0.3324112476572669,0.293629772444708,0.3130205100509874,12.0,0.010869565217391304,4.516795177302271,-32.85154431200625,-0.07346575728688298,0
1727218532.7289438,1,0.1149834381634745,0.12054696162165518,0.11776519989256484,12.0,0.010869565217391304,4.747930262176238,-35.30143450999542,-0.05497594823898386,0
1727218532.7791934,1,0.10153461651336192,0.08977315257075452,0.09565388454205823,12.0,0.0,3.63309885788633,-33.80698617809574,-0.047121177580184956,0
1727218532.8600078,1,0.13262713312721836,0.12366938848016845,0.1281482608036934,12.0,0.010869565217391304,2.740412704538207,-34.181146469518936,-0.04460194590017723,0
1727218532.9162443,1,0.3158332209274327,0.25595503313356227,0.2858941270304975,12.0,0.0,5.644972542514692,-35.543502412692824,-0.06186005273510736,0
1727218532.9706202,1,0.3635513389603322,0.2770921680671338,0.32032175351373304,12.0,0.0,3.9617618095794978,-32.75325559389094,-0.06200572354349521,0
1727218533.034014,1,0.29981267559834457,0.24868381653571225,0.2742482460670284,12.0,0.0,2.808065707108361,-35.16194401999634,-0.05839730855983589,0
1727218533.079588,1,0.1345345587992625,0.09381300596403892,0.11417378238165071,12.0,0.0,3.815046603566914,-34.91336515757115,-0.04679728919859667,0
1727218533.1477134,1,0.2692582403567252,0.2389158488679948,0.25408704461236,12.0,0.0,4.490051595270935,-34.77603177749724,-0.05997981477372538,0
1727218533.2045534,1,0.3158332209274327,0.2816852104027235,0.2987592156650781,12.0,0.011108368642573443,4.0332841952980045,-34.5404826389512,-0.07074255296112378,0
1727218533.2696295,1,0.2788028601778872,0.24511344586694858,0.2619581530224179,12.0,0.010869565217391304,3.3845092135374824,-35.12356899537694,-0.0657919545065614,0
1727218533.3243487,1,0.12044673312607088,0.09407208683835974,0.10725940998221531,12.0,0.010869565217391304,4.381539248989216,-34.41784607751059,-0.043150770815125576,0
1727218533.3882885,1,0.15318996190976616,0.1903943276465977,0.17179214477818194,12.0,0.010869565217391304,4.137198001080052,-34.61326152304368,-0.05416752348341462,0
1727218533.4538672,1,0.12843225981358714,0.09381300596403892,0.11112263288881302,12.0,0.0,3.1393907525478775,-35.19637650961222,-0.04880229907840895,0
1727218533.5071666,1,0.21295885499998,0.16905131340301696,0.19100508420149848,12.0,0.02127659574468085,4.875739796596966,-35.716574121681624,-0.05270279920740485,0
1727218533.5846708,1,0.33287133264930313,0.2458318435942982,0.2893515881218007,12.0,0.0,2.468060627726512,-33.75757430358536,-0.05460092269110859,0
1727218533.6448638,1,0.35752266422167156,0.2784547685940997,0.3179887164078856,12.0,0.010866997704607785,4.179502825840426,-32.91835803374239,-0.0625004296513812,0
1727218533.683813,1,0.3008284187980934,0.24383643514550063,0.27233242697179705,12.0,0.0,4.851460620189318,-34.855467749612,-0.06048015844201393,0
1727218533.7490897,1,0.10090091909944687,0.1053507433969748,0.10312583124821084,12.0,0.0,1.1841692247200668,-33.37817704676137,-0.04156391790542905,0
1727218533.8464859,1,0.14622678182295862,0.1533929977694741,0.14980988979621634,12.0,0.0,3.268374103404537,-34.213900980356605,-0.04781969043985041,0
1727218533.877764,1,0.16388869433927222,0.20082004342760798,0.1823543688834401,12.0,0.0,1.4552557349683064,-33.163820150727865,-0.04831691460497394,0
1727218533.924097,1,0.3158332209274327,0.24511344586694858,0.28047333339719066,12.0,0.0,4.958082470695666,-35.42221634366966,-0.061534678766434016,0
1727218534.0055172,1,0.3081505296702964,0.2651845134692179,0.28666752156975717,12.0,0.0,5.25966867544955,-34.100034746493264,-0.05913676827412596,0
1727218534.0606697,1,0.12044673312607088,0.12844244597847712,0.124444589552274,12.0,0.0,3.383513297617335,-34.85861523049506,-0.04489854606578381,0
1727218534.1113672,1,0.15301657197088567,0.16905131340301696,0.16103394268695131,12.0,0.0,4.4697534430099655,-35.07266203458893,-0.04952670202864126,0
1727218534.188923,1,0.24643251905335212,0.22166305289675575,0.23404778597505393,12.0,0.010869565217391304,2.9860172150677737,-34.401878451061435,-0.05610282210411931,0
1727218534.2415032,1,0.17326517226861535,0.15881020420107103,0.1660376882348432,12.0,0.0,2.1918077978179316,-35.95827227364588,-0.04981863381517571,0
1727218534.2882266,1,0.12843225981358714,0.1385311931248213,0.1334817264692042,12.0,0.011111111111111112,2.6967548148925795,-34.16308901745004,-0.04586341067216158,0
1727218534.3508575,1,0.18358380069235383,0.2079121770104234,0.1957479888513886,12.0,0.010638297872340425,1.8073837021894923,-33.43088077587527,-0.05012865638483239,0
1727218534.435357,1,0.3158332209274327,0.27113375576182597,0.29348348834462934,12.0,0.0,5.07174353056153,-33.49733964680189,-0.061756884433437145,0
1727218534.4727294,1,0.2863404812585526,0.27396667082065707,0.28015357603960483,12.0,0.0,3.5193757638687906,-33.968821099236706,-0.06295674765518304,0
1727218534.5460236,1,0.12645440821508902,0.12844244597847712,0.12744842709678306,12.0,0.021739130434782608,3.972174170135341,-34.80528007160521,-0.04981009989864384,0
1727218534.5848966,1,0.12044673312607088,0.19235481451827988,0.15640077382217538,12.0,0.0,1.7281476660089288,-35.06949413223826,-0.04010881385036599,0
1727218534.6876938,1,0.24643251905335212,0.23593190807076267,0.24118221356205738,12.0,0.03792634287531425,4.82122885316154,-34.09724367112113,-0.05771469433200619,0
1727218534.7182713,1,0.19534639955948274,0.2193324647130223,0.20733943213625253,12.0,0.0,3.334732922589331,-35.03066105333417,-0.04881971775762181,0
1727218534.7679644,1,0.10635890745287926,0.09730085108210398,0.10182987926749162,12.0,0.011111111111111112,3.4374449634990794,-35.6367828321899,-0.0529174608760451,0
1727218534.8683035,1,0.17350940034472637,0.20700056269828834,0.19025498152150735,12.0,0.0,2.79331653951672,-34.45149717902237,-0.05575317368861361,0
1727218534.89893,1,0.3008284187980934,0.25712566824338173,0.2789770435207376,12.0,0.02127659574468085,3.573124340586161,-34.00704529161792,-0.058793915677047226,0
1727218534.9486904,1,0.33104235544094723,0.3041458676074377,0.3175941115241925,12.0,0.011111111111111112,3.555630893537171,-35.40646537252413,-0.06283959636639755,0
1727218535.036126,1,0.11124853987249621,0.15384615384615385,0.13254734685932504,12.0,0.0,4.698937713679123,-34.08779373717503,-0.05133991324585993,0
1727218535.0778658,1,0.16371964974107478,0.1533929977694741,0.15855632375527445,12.0,0.0,2.273925438814055,-33.89736578342445,-0.05267052450000164,0
1727218535.128263,1,0.2788028601778872,0.21505813167606566,0.2469304959269764,12.0,0.0,3.4309450693291668,-35.52781880705763,-0.05098446850563766,0
1727218535.1963248,1,0.13408030463079817,0.11066779283565621,0.12237404873322719,12.0,0.0,3.6726657601154122,-34.3521538154845,-0.051054830253415534,0
1727218535.281849,1,0.17149858514250882,0.1533929977694741,0.16244579145599147,12.0,0.0,3.6274373015194334,-34.953559052907934,-0.045302809751346186,0
1727218535.31169,1,0.21461294079653928,0.23593190807076267,0.22527242443365098,12.0,0.0,2.335880715203605,-33.24962365224919,-0.0590128344289303,0
1727218535.3728025,1,0.3008284187980934,0.2638029349692527,0.2823156768836731,12.0,0.010869565217391304,3.9043415058150357,-33.983312012864644,-0.06291997363165966,0
1727218535.4296155,1,0.2692582403567252,0.2473882046248949,0.25832322249081,12.0,0.010638297872340425,4.243653916702179,-33.778695831995435,-0.06365883791395095,0
1727218535.530133,1,0.20327890704543544,0.240498775637327,0.2218888413413812,12.0,0.0,2.6804041406961687,-35.3347320494378,-0.05355716570766468,0
1727218535.557809,1,0.10153461651336192,0.1004789057561427,0.10100676113475231,12.0,0.0,2.007108157609025,-34.05966365200158,-0.04574585165213646,0
1727218535.611605,1,0.2044169750219713,0.19729717305791356,0.2008570740399424,12.0,0.02173399540921557,5.40196948197225,-35.45427883306218,-0.053977965614928625,0
1727218535.684319,1,0.3008284187980934,0.2681095788024182,0.2844689988002558,12.0,0.011111111111111112,4.223237942781287,-32.59997806328788,-0.06562374167977239,0
1727218535.7488778,1,0.3326781185015782,0.28713525510048,0.30990668680102906,12.0,0.0,4.486676087545035,-33.04458808596688,-0.06631611600453968,0
1727218535.798913,1,0.3008284187980934,0.26067743772277596,0.2807529282604347,12.0,0.0,3.4724789513107694,-35.038000525886275,-0.06926486216222978,0
1727218535.8663979,1,0.12004004631571707,0.09285436778358058,0.10644720704964883,12.0,0.0,3.8561276659637804,-34.28148911120364,-0.045645584952055195,0
1727218535.9291518,1,0.1012220412723645,0.11034181924735083,0.10578193025985766,12.0,0.0,4.560100415363743,-33.874991238594156,-0.0437033111289214,0
1727218535.982436,1,0.12843225981358714,0.1345953817509841,0.13151382078228563,12.0,0.0,5.068306226742443,-35.7594547490942,-0.04582941144132753,0
1727218536.0513856,1,0.11462946060263023,0.1146004951752264,0.11461497788892831,12.0,0.010869565217391304,2.7240180312642432,-34.7150290058284,-0.04304445962229641,0
1727218536.111476,1,0.12044673312607088,0.17425410532750835,0.1473504192267896,12.0,0.01570960559016737,4.451437378206009,-34.24649103151488,-0.055128671417136774,0
1727218536.1618972,1,0.2784872937381329,0.26025116548985844,0.2693692296139957,12.0,0.022222222222222223,4.600838170150991,-34.27529737119329,-0.06315002092783119,0
1727218536.2258403,1,0.32355396672130604,0.28713525510048,0.30534461091089304,12.0,0.0,6.373295731339662,-33.6874802235782,-0.06369889311707717,0
1727218536.293238,1,0.34627951464451867,0.3013502377831579,0.3238148762138383,12.0,0.010416666666666666,4.914866846412277,-32.144222434905714,-0.0598426313748685,0
1727218536.3380513,1,0.32355396672130604,0.29361010975735174,0.3085820382393289,12.0,0.011111111111111112,4.80720406673701,-32.4749175514591,-0.07276027121272106,0
1727218536.391657,1,0.3239206002289828,0.28713525510048,0.30552792766473136,12.0,0.0,7.711772851299506,-33.51183076313268,-0.07662170932447471,0
1727218536.4542618,1,0.3375287204459965,0.28713525510048,0.31233198777323823,12.0,0.010869565217391304,8.126279060481762,-33.162409725593704,-0.07191663777668182,0
1727218536.5244405,1,0.31622776601683794,0.26014682565328157,0.28818729583505975,12.0,0.0,7.882278272631373,-32.46248334159864,-0.065703588634044,0
1727218536.61298,1,0.25643641938735734,0.26014682565328157,0.25829162252031945,12.0,0.0,8.102152581545258,-34.93797805074322,-0.07150231903595444,0
1727218536.6418977,1,0.1345345587992625,0.11759010854794967,0.1260623336736061,12.0,0.0,4.0844641922810885,-35.16948878051332,-0.042868524855979015,0
1727218536.692811,1,0.15365564073231122,0.17669649888473704,0.16517606980852412,12.0,0.0,3.8518978276258444,-34.24902124947694,-0.05294690879543985,0
1727218536.773664,1,0.27273683864525217,0.24868381653571225,0.2607103275904822,12.0,0.0,6.761125476478592,-34.42022177017204,-0.06721530826688601,0
1727218536.8242521,1,0.2788028601778872,0.25650204515729874,0.26765245266759297,12.0,0.0,8.455888375953984,-34.897492426620914,-0.07417026455271257,0
1727218536.875283,1,0.30919693658221087,0.26735468822908276,0.2882758124056468,12.0,0.0,6.847009175876645,-33.86859534331687,-0.07272845435893077,0
1727218536.9596462,1,0.2819844966053404,0.250577353546763,0.2662809250760517,12.0,0.010869565217391304,7.718426327518571,-33.63925299762205,-0.07088529621925396,0
1727218537.0031595,1,0.30444598027732356,0.26735468822908276,0.28590033425320316,12.0,0.0,6.838276388191998,-32.793893085422226,-0.0679067578294176,0
1727218537.0543475,1,0.25643641938735734,0.2519712206274977,0.25420382000742753,12.0,0.0,5.779100414771458,-34.39083965535792,-0.06888054448735638,0
1727218537.1584609,1,0.13408030463079817,0.07705999143709423,0.10557014803394621,12.0,0.0,3.5566752306438207,-34.766876936057,-0.04785128848769577,0
1727218537.187988,1,0.15381429399164473,0.15811388300841897,0.15596408850003185,12.0,0.0,3.392716975490502,-35.50823632643015,-0.05271265698202207,0
1727218537.2366064,1,0.27273683864525217,0.26963088779035727,0.27118386321780474,12.0,0.0,6.989471963490858,-34.155244088987715,-0.06531567269837196,0
1727218537.3139505,1,0.30444598027732356,0.27113375576182597,0.28778986801957473,12.0,0.011111111111111112,7.2918319729905985,-34.246262729644805,-0.0733248165822781,0
1727218537.3656585,1,0.30887801237502777,0.27657301661234157,0.29272551449368467,12.0,0.010869565217391304,7.032409619987722,-32.9208181177252,-0.07080729000054585,0
1727218537.4576497,1,0.3178035116284253,0.27113375576182597,0.29446863369512566,12.0,0.0,6.496162319041083,-33.493848971684194,-0.07129657557780343,0
1727218537.4881566,1,0.30887801237502777,0.27657301661234157,0.29272551449368467,12.0,0.0,8.460018775859247,-33.15791116892197,-0.07363722417975861,0
1727218537.5387924,1,0.26063471221438006,0.2611601306507649,0.26089742143257244,12.0,0.015371886547533643,5.564503051929391,-33.029232608031116,-0.07188576169244788,0
1727218537.6137915,1,0.18339444138389932,0.2141647018180013,0.1987795716009503,12.0,0.0,4.495812246597094,-35.89330804238282,-0.05691280485471685,0
1727218537.6746206,1,0.12004004631571707,0.09730085108210398,0.10867044869891053,12.0,0.0,3.2688105254535493,-35.068945911471516,-0.040909868331169316,0
1727218537.7263148,1,0.10599978800063599,0.11066779283565621,0.1083337904181461,12.0,0.0,4.410604563014882,-34.98565032785899,-0.04596834021937085,0
1727218537.781984,1,0.12044673312607088,0.09285436778358058,0.10665055045482573,180.0,0.0,4.22430340762221,-36.50842185630459,-0.04379831843915476,4
1727218537.8648844,1,0.1407195089460584,0.08992248422800979,0.1153209965870341,180.0,0.011111111111111112,4.9560645233563125,-35.99856673753483,-0.041592319038876835,4
1727218537.9042213,1,0.12004004631571707,0.10304325486309411,0.1115416505894056,180.0,0.0,5.121301901410882,-35.654968048853505,-0.04452456987378452,4
1727218537.9582682,1,0.12004004631571707,0.1349930056061822,0.12751652596094964,180.0,0.03333333333333333,3.718968148409974,-36.43534331624789,-0.04510113086269555,4
1727218538.0405743,1,0.12803687993289598,0.11066779283565621,0.11935233638427609,180.0,0.010869565217391304,2.5779625394935977,-35.30241143080551,-0.04189331480011109,4
1727218538.0901015,1,0.12843225981358714,0.11034181924735083,0.11938703953046897,180.0,0.021739130434782608,4.705883922158419,-36.051061201645304,-0.04624903110850769,4
1727218538.137575,1,0.28718326344709527,0.2802176653136105,0.2837004643803529,180.0,0.0,2.2059017886074876,-36.02972895217904,-0.05659320774082618,4
1727218538.223738,1,0.34627951464451867,0.293629772444708,0.31995464354461334,180.0,0.0,3.9083290793769674,-34.281857407584845,-0.06287641739954185,4
1727218538.2672164,1,0.37054893902963165,0.3158347416757982,0.34319184035271494,180.0,0.0,2.747081079480311,-35.54581214119303,-0.06988740542802994,4
1727218538.3204634,1,0.3384286960981292,0.2967552696911847,0.31759198289465695,180.0,0.021739130434782608,5.765456058946613,-34.71924200341643,-0.064309948901615,4
1727218538.4137206,1,0.1407195089460584,0.09407208683835974,0.11739579789220907,180.0,0.011108368642573443,5.951235105128445,-35.36080837841174,-0.053401717291728094,4
1727218538.4452338,1,0.15365564073231122,0.1349930056061822,0.1443243231692467,180.0,0.0,2.30663041786486,-35.297214322926195,-0.03678941451920482,4
1727218538.5062299,1,0.25643641938735734,0.22360679774997896,0.24002160856866817,180.0,0.010869565217391304,6.44003609315467,-34.717004699743114,-0.059547489431897166,4
1727218538.5791454,1,0.31018294626587445,0.27113375576182597,0.2906583510138502,180.0,0.010869565217391304,6.587792542105145,-35.2161995025584,-0.061345556107062,4
1727218538.6338277,1,0.25614616867817247,0.27113375576182597,0.2636399622199992,180.0,0.0,5.922556292425067,-34.36464277429463,-0.06688703157147288,4
1727218538.6825216,1,0.08681309342625525,0.10517579047791782,0.09599444195208653,180.0,0.011108368642573443,4.3679337771760345,-35.25531653445416,-0.053903533142327625,4
1727218538.7760165,1,0.20327890704543544,0.18470962903655977,0.19399426804099762,180.0,0.010638297872340425,4.737652070514977,-33.72645618583036,-0.05176596271495779,4
1727218538.8065479,1,0.2834297266912897,0.2536953767623375,0.2685625517268136,180.0,0.010869565217391304,5.457814449271911,-34.27076851280371,-0.06248909239041456,4
1727218538.8644538,1,0.3583318073667782,0.2816852104027235,0.32000850888475085,180.0,0.010638297872340425,3.7213662772544094,-35.313398314209515,-0.058127337673577896,4
1727218538.9515195,1,0.3719324495262802,0.2939660893178147,0.33294926942204744,180.0,0.010638297872340425,6.345611521779873,-34.076010061828754,-0.06276287921575358,4
1727218538.9897864,1,0.3158332209274327,0.2939660893178147,0.30489965512262374,180.0,0.02173399540921557,5.080067904285766,-34.95959786699586,-0.060596414780171984,4
1727218539.071007,1,0.11124853987249621,0.12403473458920844,0.11764163723085233,180.0,0.010638297872340425,5.542630454434518,-35.57548075330275,-0.04725630884875236,4
1727218539.1150572,1,0.16113878418172306,0.19123280939645143,0.17618579678908725,180.0,0.010866997704607785,3.4469424727460996,-34.763409182674636,-0.04838725062788609,4
1727218539.1834412,1,0.30864356730345177,0.25595503313356227,0.282299300218507,180.0,0.010869565217391304,3.4258456818178806,-35.97976615870136,-0.05510724708090726,4
1727218539.228854,1,0.34627951464451867,0.240498775637327,0.29338914514092285,180.0,0.0,5.315691280248344,-33.419324543318766,-0.0532183076944277,4
1727218539.30594,1,0.34627951464451867,0.28668761781189944,0.31648356622820906,180.0,0.0,4.532248796197457,-34.207332744688365,-0.05384128126354157,4
1727218539.3537502,1,0.3692558924604434,0.291547594742265,0.3304017436013542,180.0,0.0,4.373484026448466,-34.419097123398515,-0.05389564603869521,4
1727218539.444079,1,0.3530662876656075,0.2810504294036887,0.3170583585346481,180.0,0.0,3.2540384098265474,-35.44427378152301,-0.07062895317117887,4
1727218539.4725142,1,0.37723882798547304,0.28668761781189944,0.33196322289868624,180.0,0.011111111111111112,4.020785366264745,-35.350951542999624,-0.07172130381050436,4
1727218539.524389,1,0.16095639727077776,0.19823065593880665,0.17959352660479222,180.0,0.010866997704607785,4.098639595846187,-36.85988742774366,-0.046179529762822295,4
1727218539.6095018,1,0.12004004631571707,0.11423863606163052,0.1171393411886738,180.0,0.010866997704607785,4.743363709451611,-35.142158635784284,-0.03950364069653463,4
1727218539.6518786,1,0.17547011596044984,0.16835948986685917,0.17191480291365452,180.0,0.010869565217391304,4.576349701965808,-34.89243539231286,-0.047174275268139144,4
1727218539.7080722,1,0.3011693009684171,0.2552511472078564,0.2782102240881368,180.0,0.0,4.968690163582256,-33.90825559744765,-0.058907887034693275,4
1727218539.768255,1,0.3011693009684171,0.29786621009944353,0.29951775553393034,180.0,0.010869565217391304,7.229269542584503,-33.887341839163305,-0.0618531802019312,4
1727218539.8562958,1,0.33057276130296026,0.3013502377831579,0.3159614995430591,180.0,0.015371886547533643,4.880933020357667,-33.4390328390766,-0.06369666848882227,4
1727218539.8890972,1,0.325826705418464,0.3013502377831579,0.31358847160081094,180.0,0.010638297872340425,6.465163026706352,-33.41135962113762,-0.0594967012976583,4
1727218539.9867623,1,0.2730458889864934,0.2552511472078564,0.2641485180971749,180.0,0.011111111111111112,6.5759702164975415,-34.5543774206251,-0.06129394598147247,4
1727218540.017288,1,0.13892874629769406,0.1385311931248213,0.13872996971125767,180.0,0.0,4.638363801864135,-35.2590448316492,-0.04426176020434235,4
1727218540.066342,1,0.2392788867148091,0.2193324647130223,0.2293056757139157,180.0,0.022222222222222223,5.969558503524796,-35.16834259698085,-0.05020868528102484,4
1727218540.1667619,1,0.3081505296702964,0.2692634266334848,0.2887069781518906,180.0,0.010869565217391304,4.998395782304314,-34.51840768741902,-0.05929311373124417,4
1727218540.1950827,1,0.2923777591229224,0.26025116548985844,0.27631446230639045,180.0,0.010638297872340425,5.342623706212789,-33.76254795684933,-0.06410543716998762,4
1727218540.2442346,1,0.3158332209274327,0.28992134818515547,0.3028772845562941,180.0,0.010638297872340425,4.703182596464032,-34.76411681017021,-0.07044882395314458,4
1727218540.3166757,1,0.3324112476572669,0.3070316347601759,0.31972144120872137,180.0,0.010869565217391304,5.486595892351277,-34.83962771876805,-0.07543068856504052,4
1727218540.3804946,1,0.33969227994388246,0.26025116548985844,0.29997172271687045,180.0,0.0,6.320477700710354,-35.295039953364274,-0.06182644642187606,4
1727218540.4353278,1,0.12598402440927728,0.09730085108210398,0.11164243774569063,180.0,0.02173399540921557,5.3985985063857775,-34.45174554332627,-0.04280677685870493,4
1727218540.495564,1,0.11724457509220775,0.09617496917533094,0.10670977213376934,180.0,0.011108368642573443,7.092341137107502,-34.4342108266291,-0.0384099773496596,4
1727218540.5585408,1,0.08262024061940625,0.10865094552938113,0.09563559307439369,180.0,0.010866997704607785,8.123865029068426,-32.33804735625893,-0.05390002790541779,4
1727218540.6239622,1,0.27626152761777406,0.23112508176051214,0.2536933046891431,180.0,0.0,8.49704824333274,-32.63787214145982,-0.06565396546116656,4
1727218540.6692557,1,0.35718305857897975,0.3077145133220189,0.3324487859504993,180.0,0.0,6.893142527986566,-32.51238727117795,-0.07447468641832325,4
1727218540.7310426,1,0.39653955645041206,0.3077145133220189,0.35212703488621544,180.0,0.0,10.15894954612461,-32.9109013649782,-0.08426277208239917,4
1727218540.8150258,1,0.3381936020637012,0.2635231383473649,0.3008583702055331,180.0,0.0,9.852090067658029,-33.87427277640308,-0.08551087240021642,4
1727218540.849043,1,0.07324495714681188,0.08952591125146146,0.08138543419913667,180.0,0.0,7.926612619515976,-33.97917746623956,-0.07078193615266569,4
1727218540.9099324,1,0.1567630989332169,0.14776353114138543,0.15226331503730117,180.0,0.032600993113823355,7.267885726034869,-32.722933930042046,-0.06594971200815976,4
1727218540.9822254,1,0.39531880581699447,0.2770921680671338,0.33620548694206415,180.0,0.02173399540921557,5.4765935522087865,-33.85689654939023,-0.07720390659693159,4
1727218541.029967,1,0.3909079031741939,0.29598452257987684,0.34344621287703536,180.0,0.0,8.043679888097932,-32.99744896596709,-0.08780022876338141,4
1727218541.0982234,1,0.3782629291379619,0.3246115944680111,0.3514372618029865,180.0,0.0,6.582518133101982,-31.918611819565385,-0.0771028907804591,4
1727218541.1840446,1,0.1149834381634745,0.13940520300504322,0.12719432058425886,180.0,0.0,8.478683878214007,-34.68189319305204,-0.06530627075344271,4
1727218541.2149534,1,0.13986909565674302,0.10292060276983628,0.12139484921328965,180.0,0.011108368642573443,10.865472188763693,-32.69420355673793,-0.068673824438644,4
1727218541.2971747,1,0.3381936020637012,0.2251886745555225,0.28169113830961184,180.0,0.0,8.403853706755807,-31.229850740924302,-0.08394714430838186,4
1727218541.3310387,1,0.41397811269694773,0.27975383046362085,0.3468659715802843,180.0,0.011360702676647077,11.21681805604603,-32.73071811608756,-0.08788088847523658,4
1727218541.3916051,1,0.3812021946573519,0.29598452257987684,0.3385933586186144,180.0,0.0,10.564040075168176,-31.645543477631804,-0.08949570571409406,4
1727218541.4488335,1,0.2447802185061138,0.25045532173628826,0.24761777012120104,180.0,0.0,9.831060824502279,-33.23132113328375,-0.08791635530461157,4
1727218541.5401392,1,0.10999380480125832,0.10009201726524124,0.10504291103324978,180.0,0.0,9.59149519294867,-34.00794324625954,-0.07124222912140607,4
1727218541.5777123,1,0.22402956277577465,0.15240384276335656,0.1882167027695656,180.0,0.02173399540921557,10.597707703974951,-34.08871114608955,-0.07786793102493249,4
1727218541.638537,1,0.35901914687118436,0.28938641367337864,0.3242027802722815,180.0,0.010869565217391304,7.919626644272478,-33.324117316070435,-0.07815613889916753,4
1727218541.7133207,1,0.4153806399649413,0.30043799185654446,0.3579093159107429,180.0,0.0,9.238219730983772,-33.22453988367466,-0.08367323932690165,4
1727218541.7574365,1,0.41734916780658904,0.3140885521026847,0.3657188599546369,180.0,0.0,9.890010843593268,-32.67940220251432,-0.08762143789132212,4
1727218541.812838,1,0.2874797872880345,0.22208664515504267,0.2547832162215386,180.0,0.0,9.039005876991245,-33.59228698840632,-0.08277593301696572,4
1727218541.8916533,1,0.128564869306645,0.0813055688495369,0.10493521907809095,180.0,0.0,9.202970603916715,-33.53565344327726,-0.07237101942269393,4
1727218541.9534576,1,0.21271781490575853,0.1885315640765362,0.20062468949114737,180.0,0.011108368642573443,10.267346888053838,-33.47155180707452,-0.08139605526450372,4
1727218541.9942918,1,0.35901914687118436,0.28141231555848256,0.3202157312148335,180.0,0.026824595137478834,10.316475546986894,-32.69723202524359,-0.0869563894339012,4
1727218542.0559394,1,0.3909079031741939,0.2949593591352094,0.34293363115470166,180.0,0.0,9.418636411871594,-32.10368556994101,-0.08664512247870174,4
1727218542.132512,1,0.3909079031741939,0.33695269386655763,0.36393029852037573,180.0,0.0,11.266955354003478,-30.633540714518492,-0.09189402734626435,4
1727218542.1871462,1,0.367248251803486,0.31807552027242353,0.3426618860379548,180.0,0.0,9.992244158712555,-31.956998138882966,-0.08216078813301418,4
1727218542.232441,1,0.38654778699939973,0.33205723713484164,0.3593025120671207,180.0,0.0,12.447595057701104,-30.13837555748887,-0.08679871876556448,4
1727218542.3191714,1,0.29507796370521266,0.23363465675799888,0.2643563102316058,180.0,0.0,11.70575511420543,-29.81000046882884,-0.0786008928577572,4
1727218542.3602395,1,0.08287537321007774,0.0841848872377589,0.08353013022391831,180.0,0.0,13.062354400633716,-27.64082123196004,-0.0639364810987575,4
1727218542.415806,1,0.15318996190976616,0.11245405460403443,0.1328220082569003,180.0,0.0,13.077723227138787,-29.429639719532652,-0.07723082183339042,4
1727218542.4830735,1,0.2893275086123319,0.2345325149100973,0.2619300117612146,180.0,0.010846522890932807,13.261681334466589,-30.459403522089712,-0.07979905445512703,4
1727218542.563723,1,0.42726506110472234,0.2704588861653816,0.348861973635052,180.0,0.0,13.2428357022516,-29.174154929793108,-0.08680633703202632,4
1727218542.5983253,1,0.4096179965221536,0.3195631601966799,0.3645905783594168,180.0,0.0325779182072302,13.766099365176093,-28.92667323231684,-0.09320212960682578,4
1727218542.658003,1,0.41734916780658904,0.32078750856082294,0.369068338183706,180.0,0.0,12.262648462413475,-28.486821878251373,-0.07888941671628362,4
1727218542.7429829,1,0.4331573731958117,0.3220202951843889,0.3775888341901003,180.0,0.010866997704607785,12.967068994641057,-29.005286386415634,-0.08681558688540802,4
1727218542.7796822,1,0.42687494916218993,0.31622776601683794,0.37155135758951396,180.0,0.0,12.126086535487362,-29.404925192660315,-0.08824936791607871,4
1727218542.849583,1,0.3680091047957925,0.2500095754224707,0.3090093401091316,132.0,0.0,10.657973978260467,-30.197464131755932,-0.08845305943751389,4
1727218542.8926992,1,0.13468700594029479,0.05700782000344822,0.0958474129718715,132.0,0.0,12.973816724286882,-29.173729519388,-0.07589639544701171,4
1727218542.9670684,1,0.27198987699832244,0.20306923302672383,0.23752955501252315,132.0,0.010866997704607785,11.817094947886144,-28.579944757128274,-0.07936934767966691,4
1727218543.0330298,1,0.36103172982817666,0.2654549326034898,0.31324333121583325,132.0,0.0,10.136483612144309,-27.34875190017295,-0.08002012617719469,4
1727218543.0762012,1,0.38654778699939973,0.2960217322754893,0.34128475963744453,132.0,0.0,11.560009149140193,-29.669553506106276,-0.0825616685641228,4
1727218543.1479456,1,0.3909079031741939,0.29075089419334005,0.34082939868376694,132.0,0.021257358312406823,13.59086552580064,-29.975704835059428,-0.09263430684729314,4
1727218543.2091315,1,0.41026434366535963,0.30462232325508826,0.35744333346022394,132.0,0.010628679156203412,11.409155758028536,-30.284486948769413,-0.08774749104038702,4
1727218543.2701423,1,0.41397811269694773,0.31187992779398377,0.36292902024546575,132.0,0.0,13.52470708783496,-29.88256280675412,-0.08998100907774637,4
1727218543.3377426,1,0.4056883292480724,0.30307057659870573,0.35437945292338907,132.0,0.010635890745287925,13.623095299665287,-31.150795648631732,-0.09232376453468855,4
1727218543.3845043,1,0.3979662622130343,0.30191033496668884,0.3499382985898616,132.0,0.010866997704607785,15.599470136872021,-32.46974611653253,-0.09899330143591395,4
1727218543.4577155,1,0.41026434366535963,0.30191033496668884,0.3560873393160242,132.0,0.010866997704607785,12.807840735841339,-32.34793661157779,-0.09400046449422853,4
1727218543.5061145,1,0.34627951464451867,0.2897074372210124,0.3179934759327655,132.0,0.010869565217391304,14.228444729407485,-32.51439522356871,-0.09151493260673833,4
1727218543.5627003,1,0.24643251905335212,0.26942349149592976,0.25792800527464094,132.0,0.0,15.161743644023339,-32.62789425548232,-0.08238698922297051,4
1727218543.6582303,1,0.12004004631571707,0.06974104408145883,0.09489054519858794,132.0,0.0,15.906607948013216,-31.228333645491976,-0.06768589960230567,4
1727218543.6893022,1,0.2044169750219713,0.15768149549418212,0.1810492352580767,132.0,0.0,13.688581372862199,-33.59846098967018,-0.07748848860828987,4
1727218543.7361634,1,0.3401555339971933,0.24836551060347684,0.29426052230033506,132.0,0.0,15.225601300652036,-31.12180460540801,-0.08223664054627666,4
1727218543.8141136,1,0.4073359843566113,0.25793447709229594,0.3326352307244536,132.0,0.010635890745287925,12.97391092875904,-30.5374928789724,-0.07911900065009837,4
1727218543.8697906,1,0.4331573731958117,0.30313675443913407,0.36814706381747286,132.0,0.010866997704607785,12.892663274223736,-31.0890418647135,-0.08969498714959925,4
1727218543.9523933,1,0.39160323420960147,0.313292874068759,0.35244805413918023,132.0,0.010635890745287925,11.643840672494344,-31.59631451303376,-0.07284007678023478,4
1727218543.979554,1,0.38546993131112833,0.2923333981781109,0.3389016647446196,132.0,0.010635890745287925,12.662545179451882,-29.2233214275647,-0.07520429094295884,4
1727218544.038964,1,0.4331573731958117,0.2949593591352094,0.36405836616551057,132.0,0.0,13.018224600102979,-29.99202428066953,-0.0782998450214758,4
1727218544.1178808,1,0.27198987699832244,0.2181425064027577,0.24506619170054006,132.0,0.0,15.824181777901059,-29.93947011160011,-0.07171208301746981,4
1727218544.1743538,1,0.1149834381634745,0.07909412521841752,0.09703878169094601,132.0,0.015368255536133624,14.92825679136304,-30.65679402781553,-0.06065173370429628,4
1727218544.2189336,1,0.2263873912560039,0.20306923302672383,0.21472831214136387,132.0,0.0,13.364401870759837,-30.05905161308825,-0.06538650538956908,4
1727218544.2869258,1,0.3909079031741939,0.2704588861653816,0.33068339466978774,132.0,0.0,13.201932424354876,-29.161356834313917,-0.07789461681873015,4
1727218544.3770766,1,0.2816936409357731,0.21757131728816848,0.24963247911197078,132.0,0.0,10.230909300827955,-29.98028467882495,-0.06727712062714054,4
1727218544.4060407,1,0.13986909565674302,0.07213122508063838,0.1060001603686907,132.0,0.0,11.742577577845646,-27.966299240953614,-0.059986114512717,4
1727218544.4753647,1,0.2862991671569341,0.17910791723901853,0.23270354219797632,132.0,0.0,10.651643626592724,-28.310191213063177,-0.06475059860277961,4
1727218544.5401835,1,0.38873012632302,0.24164091047637865,0.3151855183996993,132.0,0.0,11.783207639233769,-30.401051380312666,-0.07668209912895965,4
1727218544.5909827,1,0.3713906763541037,0.264769886474095,0.3180802814140994,132.0,0.0,13.054124212383256,-29.667589122802763,-0.07115332971812957,4
1727218544.6425188,1,0.41397811269694773,0.29953523924572845,0.3567566759713381,132.0,0.0,13.696964338902886,-31.230464160322903,-0.07253400420564608,4
1727218544.7209308,1,0.3680091047957925,0.2704588861653816,0.31923399548058706,132.0,0.0,13.173989305548142,-30.256996545969223,-0.07540125146439602,4
1727218544.7754202,1,0.3979662622130343,0.2534630477483115,0.3257146549806729,132.0,0.0,12.37510063230506,-30.306669844744142,-0.07414287535455795,4
1727218544.8311594,1,0.3451103064173911,0.2181425064027577,0.2816264064100744,132.0,0.0,13.110943540447643,-30.984379250779114,-0.07552768705559226,4
1727218544.889332,1,0.14607595477733096,0.06828771804089782,0.10718183640911438,132.0,0.0,13.979425685349025,-30.783293088065857,-0.06116743296976459,4
1727218544.9526167,1,0.237410183334857,0.12407610889122393,0.18074314611304046,132.0,0.02173399540921557,14.419145232456339,-33.92370595068626,-0.07959636051114441,4
1727218545.0225205,1,0.3248236449405021,0.20576237820230117,0.2652930115714016,132.0,0.010635890745287925,11.983723261388402,-30.642717110175774,-0.06834149531562508,4
1727218545.0715594,1,0.4299008977104124,0.2500095754224707,0.33995523656644155,132.0,0.0,14.442930314156555,-31.88171517473281,-0.07545635835940795,4
1727218545.1553266,1,0.4303932964357186,0.2216092504252031,0.32600127343046087,132.0,0.015368255536133624,14.448451874441922,-31.0222164100781,-0.07863333706401358,4
1727218545.1914446,1,0.3909079031741939,0.24868381653571225,0.31979585985495307,132.0,0.010635890745287925,13.046266822627338,-32.281537909459374,-0.0741613482499151,4
1727218545.2590911,1,0.38654778699939973,0.23799925893254267,0.3122735229659712,132.0,0.010628679156203412,14.622417799915524,-31.706406982715833,-0.07505465803980486,4
1727218545.3046012,1,0.41397811269694773,0.24612066708752603,0.33004938989223687,132.0,0.011100153405180096,14.967445996005564,-31.75941532318901,-0.0833145693837361,4
1727218545.3765635,1,0.3295550900487643,0.24155791346315741,0.28555650175596087,132.0,0.02173399540921557,14.026878716695926,-30.305510880680973,-0.0759648238326929,4
1727218545.462461,1,0.367248251803486,0.23799925893254267,0.30262375536801434,132.0,0.0,13.904274319741655,-29.239202840186724,-0.07341880711437891,4
1727218545.4939084,1,0.37444116435964986,0.2704588861653816,0.32245002526251576,132.0,0.0,16.10408536365564,-28.004366674586997,-0.0724857988933871,4
1727218545.5553854,1,0.4099180245918029,0.2748071948233682,0.34236260970758553,132.0,0.010628679156203412,15.983557630286109,-26.407133833221867,-0.07418682055767821,4
1727218545.6307468,1,0.2716820219172132,0.22130192326114267,0.24649197258917793,132.0,0.02173399540921557,15.998621318954882,-30.06165557597701,-0.07663711940820041,4
1727218545.6652024,1,0.1012220412723645,0.07209372509105905,0.08665788318171178,132.0,0.010635890745287925,13.8470654793737,-26.6855986404102,-0.057883042494572455,4
1727218545.736604,1,0.24452773755341067,0.18525530121218914,0.2148915193827999,132.0,0.0,12.347356581258353,-28.493776892787857,-0.06076688449411494,4
1727218545.817709,1,0.33057276130296026,0.2504433937861493,0.29050807754455477,132.0,0.0,8.897345191013782,-27.992119738380694,-0.06274029749524866,4
1727218545.854315,1,0.3295550900487643,0.2816852104027235,0.3056201502257439,132.0,0.0,7.537799587635995,-26.732783590056428,-0.053517463338146026,4
1727218545.9117868,1,0.3108092546584881,0.2882957255085248,0.29955249008350643,132.0,0.0,8.62512035650101,-25.14039016815042,-0.05292103119355251,4
1727218545.9907968,1,0.3362598109900558,0.2687000738164234,0.3024799424032396,132.0,0.0,7.193499292333838,-23.64069578967536,-0.04956197712238562,4
1727218546.032538,1,0.3295550900487643,0.296380462697162,0.31296777637296314,132.0,0.0,7.796103840632599,-25.009446074047137,-0.047605855045556825,4
1727218546.1135347,1,0.32355396672130604,0.27722107483412195,0.300387520777714,132.0,0.01503122221281509,7.885049470963782,-26.098660030685767,-0.04931356375179319,4
1727218546.1494415,1,0.09587889365744151,0.04703604341917987,0.0714574685383107,132.0,0.010866997704607785,6.588051195627079,-23.019624419553768,-0.03666466286360605,4
1727218546.2102952,1,0.16371964974107478,0.08685537444963512,0.12528751209535494,132.0,0.0,2.06202517395716,-21.62768134684751,-0.0336385603135591,4
1727218546.2657657,1,0.2776643759450143,0.21253378656691807,0.2450990812559662,132.0,0.0,0.7208474551379568,-20.36650847702613,-0.028156455573587834,4
1727218546.3296084,1,0.3235179052268576,0.25308553412176554,0.28830171967431156,132.0,0.0,0.7198720882256013,-20.15400365582773,-0.026445337906272095,4
1727218546.4266088,1,0.3381936020637012,0.27244780335366586,0.3053207027086835,132.0,0.0,0.7805696054663379,-21.426269212509727,-0.02840365188231345,4
1727218546.4574676,1,0.3668888338897481,0.2903660772449718,0.32862745556735995,132.0,0.0,-0.634414327343674,-21.24487828561066,-0.03381223044441177,4
1727218546.5058749,1,0.18339444138389932,0.15194384018977575,0.16766914078683753,132.0,0.0,0.7274485151646011,-21.845587950850827,-0.02000193231141268,4
1727218546.5748596,1,0.1776354786043436,0.10326621467201455,0.14045084663817908,132.0,0.0,0.6609440914975058,-22.295108447474643,-0.012971111890933642,4
1727218546.6399658,1,0.31030379173419353,0.19205539685221476,0.25117959429320413,132.0,0.010616692370889646,0.8295990018680586,-20.907956960536993,-0.016485995496013706,4
1727218546.6873736,1,0.31791622322227014,0.2575131013123024,0.28771466226728626,132.0,0.010616692370889646,1.254401222671855,-19.871557165660523,-0.020787072274291635,4
1727218546.7741292,1,0.3235179052268576,0.2936101097573517,0.30856400749210466,132.0,0.021233384741779292,0.512927396691035,-19.435016238084103,-0.021209964491549632,4
1727218546.8080015,1,0.2749806661015982,0.2903660772449718,0.282673371673285,132.0,0.0,2.363466553868504,-19.828612505919235,-0.02392663133645495,4
1727218546.8737428,1,0.29619907392809386,0.2914915440650687,0.2938453089965813,132.0,0.0,1.7477304757054155,-20.071117908106487,-0.023107146750490862,4
1727218546.9314826,1,0.3100618615283908,0.28154625318573645,0.2958040573570636,132.0,0.0,1.7232728690380439,-20.011527957724965,-0.02781552086330701,4
1727218546.9881065,1,0.2749806661015982,0.2988870096012872,0.2869338378514427,132.0,0.0,0.6354409606423382,-19.45046875943287,-0.02908722486687155,4
1727218547.0931666,1,0.3308080444368773,0.27357327017376276,0.30219065730532,132.0,0.021233384741779292,2.06377680868448,-19.29720586718016,-0.030197876107422156,4
1727218547.1276278,1,0.3173238794109962,0.28357267668084957,0.3004482780459229,132.0,0.0,1.1751138373314483,-19.771757574415464,-0.029959178803728906,4
1727218547.1759574,1,0.3308080444368773,0.2556549962824568,0.29323152035966704,132.0,0.015314097295792223,0.8631207691258068,-18.149807447151453,-0.027092916300604685,4
1727218547.2539082,1,0.3173238794109962,0.2844468118252574,0.3008853456181268,132.0,0.010380684981717497,1.3155797090141843,-16.896170718703388,-0.02451172094530016,4
1727218547.2965586,1,0.3512994967648139,0.26707054531881674,0.30918502104181533,132.0,0.02161183615368384,1.4133663224423567,-19.166312892903903,-0.025807135638354677,4
1727218547.368835,1,0.3113908051818104,0.26707054531881674,0.28923067525031354,132.0,0.0,2.087984807603505,-18.707955863262548,-0.029098589918465843,4
1727218547.4183755,1,0.1393432701274719,0.1464157737903536,0.14287952195891274,132.0,0.0,0.7581996267989484,-18.978952400820177,-0.020011376094899867,4
1727218547.4896474,1,0.26504326794751365,0.19383563742320478,0.2294394526853592,132.0,0.0105999788000636,2.6705378136494384,-20.33109277867799,-0.024682630075051958,4
1727218547.535578,1,0.3385427953441915,0.2409595281052542,0.28975116172472287,132.0,0.01499063377991723,2.7385397693545324,-20.655990974729388,-0.027818916934483,4
1727218547.598389,1,0.3308080444368773,0.24840665766335387,0.2896073510501156,132.0,0.0,2.9953936041576346,-22.243336204064473,-0.03399335127366603,4
1727218547.6719842,1,0.3113908051818104,0.24840665766335387,0.27989873142258215,132.0,0.0,1.8654566549681715,-19.688330166913076,-0.02170308058593815,4
1727218547.7146056,1,0.31649885313576875,0.22001412901005074,0.2682564910729097,132.0,0.010846522890932807,2.042949978350453,-21.00187164158629,-0.02982011234263722,4
1727218547.7712612,1,0.3458144428244422,0.2575131013123024,0.30166377206837225,132.0,0.010846522890932807,0.8601783680249717,-20.5558122137627,-0.0292491636801094,4
1727218547.869794,1,0.3381936020637012,0.3045072725403405,0.32135043730202084,108.0,0.011337314689562955,1.7479466724565438,-22.063442019740656,-0.0337058936125909,4
1727218547.898704,1,0.354663880836772,0.28357267668084957,0.3191182787588108,108.0,0.0,2.0586941091957374,-24.41068229143253,-0.03326863079660273,4
1727218547.9501238,1,0.3542624501695483,0.2678893591729988,0.31107590467127355,108.0,0.011351915229662496,1.6790160318278882,-26.184661749804064,-0.044966876035763666,4
1727218548.0208647,1,0.31552450853595143,0.2948169705325204,0.3051707395342359,108.0,0.011360702676647077,0.7484179783057894,-26.465520210773057,-0.04638262984048945,4
1727218548.1074126,1,0.35901914687118436,0.2953782695928239,0.32719870823200414,108.0,0.011363636363636364,2.5987130437030577,-26.773928838497625,-0.04525064760422468,4
1727218548.1368015,1,0.3596068952294228,0.28442019684845127,0.32201354603893706,108.0,0.011108368642573443,2.6004564615773296,-25.531304514292856,-0.058084253584661884,4
1727218548.1941586,1,0.37980007882278094,0.30354723093649544,0.3416736548796382,108.0,0.022173003507924643,2.1588156095562896,-24.99556884577511,-0.054914912069939724,4
1727218548.2745142,1,0.3740753876271918,0.30458076212204066,0.33932807487461625,108.0,0.0,5.350141523108336,-22.772600192895936,-0.05869179606398819,4
1727218548.3198185,1,0.35622151780352945,0.2990633217917878,0.3276424197976586,108.0,0.0,5.624042462137267,-22.211103782512733,-0.05797436644778411,4
1727218548.3744502,1,0.35859871841265856,0.3164001016885067,0.3374994100505826,108.0,0.01157792111618723,6.058976143021143,-21.794141664676783,-0.06559566427056622,4
1727218548.4661741,1,0.3524697078552536,0.2765511446066676,0.3145104262309606,108.0,0.01157792111618723,5.9097573330402176,-22.105042055059315,-0.06558486206638962,4
1727218548.4976647,1,0.3917009099913946,0.28931451031019817,0.3405077101507964,108.0,0.015967841215554487,6.23420810642691,-22.909997478226458,-0.0700028833700295,4
1727218548.5574088,1,0.3914059881721716,0.28931451031019817,0.3403602492411849,108.0,0.011290968804428621,5.532693347000992,-22.52672868522188,-0.07478165888724043,4
1727218548.6455388,1,0.38821367941321233,0.32175947356680556,0.354986576490009,108.0,0.011316968255314816,6.461598531523659,-24.16289965363986,-0.07268037801598827,4
1727218548.681545,1,0.38300120768094376,0.29902255187996113,0.34101187978045244,108.0,0.011043152607484653,6.552529016992667,-24.63872875836475,-0.06928190861787199,4
1727218548.7361972,1,0.3905461704267407,0.29902255187996113,0.3447843611533509,108.0,0.011290968804428621,6.084348469050745,-25.496946739997696,-0.07884210168854472,4
1727218548.8056486,1,0.3425047721542767,0.28416933752497037,0.31333705483962354,108.0,0.0,8.911374433153124,-25.453273346485513,-0.07552080739875064,4
1727218548.8618662,1,0.16095639727077776,0.07710579232757896,0.11903109479917837,108.0,0.022633936510629633,11.227103577364698,-25.905478144815937,-0.060782428679899636,4
1727218548.9177332,1,0.20306923302672383,0.09043741254010677,0.1467533227834153,108.0,0.023199420949679552,9.45795957435413,-26.960267377353865,-0.06740477998141696,4
1727218549.016441,1,0.25528129450831816,0.21178878044581922,0.2335350374770687,108.0,0.0,8.833305859245586,-27.318119696178222,-0.06836844508201327,4
1727218549.04736,1,0.26792196292544174,0.23281009858985943,0.25036603075765057,108.0,0.0,11.05911465201974,-27.61443548685207,-0.07112677104835352,4
1727218549.0974774,1,0.29981267559834457,0.2825298980994224,0.2911712868488835,108.0,0.0,10.876770940792241,-27.957358357934883,-0.07390230751873586,4
1727218549.177034,1,0.35179877236514595,0.2662742108066691,0.3090364915859075,108.0,0.0,14.196451606439748,-30.045911765290704,-0.0807832665596507,4
1727218549.2261882,1,0.33322858006446116,0.282842712474619,0.30803564626954005,108.0,0.0,16.735867822327194,-30.579146420364523,-0.08571666308759715,4
1727218549.3037004,1,0.33520076157699547,0.2509703623986437,0.29308556198781954,108.0,0.0,16.424158700076703,-31.575378551311385,-0.08455152804500135,4
1727218549.3418617,1,0.3178035116284253,0.25847227682101426,0.2881378942247198,108.0,0.0,16.234341914700856,-31.193594375801602,-0.07950135549644564,4
1727218549.3975406,1,0.2893275086123319,0.262689168755476,0.27600833868390395,108.0,0.0,16.374637279276424,-31.96392424492679,-0.07683839871880165,4
1727218549.4773042,1,0.31177567983078364,0.27241172472942676,0.2920937022801052,108.0,0.0,15.218766372434603,-30.93750301515088,-0.07148315898948326,4
1727218549.5335062,1,0.2753537218400135,0.27446917413347,0.2749114479867417,108.0,0.011337314689562955,15.350133966335095,-30.24278261850035,-0.07493183694991565,4
1727218549.5834677,1,0.2753537218400135,0.28504385627478446,0.280198789057399,108.0,0.011100153405180096,14.574648276915152,-30.351182037842914,-0.07012962213012527,4
1727218549.6597927,1,0.3262219966972523,0.26602969626022877,0.2961258464787405,108.0,0.0,13.674580323383829,-29.77533392627379,-0.0692300743776319,4
1727218549.706902,1,0.3200921998322399,0.27241172472942676,0.29625196228083334,108.0,0.02171861213815347,13.595668469974116,-29.139612982004238,-0.06854715034233512,4
1727218549.7572412,1,0.3631058272528683,0.2816852104027235,0.3223955188277959,108.0,0.010628679156203412,13.592821900099354,-29.030200439611868,-0.07574688257992815,4
1727218549.842208,1,0.32317226848318364,0.2616141428004542,0.2923932056418189,108.0,0.0,14.186287405906286,-29.229014649580552,-0.06914268676913113,4
1727218549.8786454,1,0.31846487764924103,0.2928315475807072,0.3056482126149741,108.0,0.0,13.279261459775286,-29.306720950941724,-0.07028906823695992,4
1727218549.9421802,1,0.32317226848318364,0.27854334442328355,0.30085780645323357,108.0,0.0,14.87335132223608,-30.031308726066467,-0.07190284371804208,4
1727218550.0156605,1,0.3200921998322399,0.2662742108066691,0.2931832053194545,108.0,0.0,13.62758767685348,-29.59992652686617,-0.07220439593389522,4
1727218550.066178,1,0.30936160237962834,0.2756779149413134,0.29251975866047086,108.0,0.0,13.296742144287776,-29.510858711583158,-0.06672157961786619,4
1727218550.122178,1,0.3407853524510546,0.291547594742265,0.31616647359665984,108.0,0.0,13.554247139174148,-30.483906995271354,-0.06574527189234991,4
1727218550.2104907,1,0.36496126001464235,0.30875385750119866,0.3368575587579205,108.0,0.010859306069076735,13.426049514674784,-30.136006631375185,-0.06877005059451062,4
1727218550.2424903,1,0.31846487764924103,0.2735095624435731,0.2959872200464071,108.0,0.0,11.993851563225423,-31.192592045536625,-0.07075991096726432,4
1727218550.2986305,1,0.31846487764924103,0.2585242823019195,0.28849457997558026,108.0,0.0,12.653821658210596,-30.332123732331215,-0.06953166960766784,4
1727218550.376862,1,0.32317226848318364,0.2662742108066691,0.29472323964492636,108.0,0.0,13.094220009007634,-29.96530196510358,-0.06887437248771847,4
1727218550.4454117,1,0.33520076157699547,0.28956535736882066,0.31238305947290806,108.0,0.010859306069076735,15.2990929280822,-30.118307691952065,-0.06910236933413746,4
1727218550.494801,1,0.31846487764924103,0.282842712474619,0.30065379506193,108.0,0.0,14.1696286381901,-30.797366102976685,-0.069602962223143,4
1727218550.5424094,1,0.3333333333333333,0.2802176653136105,0.3067754993234719,108.0,0.0,15.033695394228026,-30.920454347790418,-0.06860156624468067,4
1727218550.6090732,1,0.32317226848318364,0.27968793592605257,0.3014301022046181,108.0,0.0,14.039603035102804,-32.03131244689681,-0.07631532997488771,4
1727218550.6631775,1,0.367248251803486,0.3058519033069538,0.33655007755521993,108.0,0.0,13.961705640794687,-30.61733526584449,-0.07733777835403742,4
1727218550.7292063,1,0.3407853524510546,0.282842712474619,0.3118140324628368,108.0,0.0,12.499658176755444,-29.98204440760466,-0.06884899289845081,4
1727218550.8126807,1,0.3200921998322399,0.2704588861653816,0.29527554299881076,108.0,0.0,12.125640224383087,-29.572871512599637,-0.06970468232860053,4
1727218550.842956,1,0.3108092546584881,0.26942349149592976,0.29011637307720894,108.0,0.0,13.725235148320127,-29.133721960493215,-0.06749511758843592,4
1727218550.90175,1,0.3108092546584881,0.282842712474619,0.29682598356655354,108.0,0.0,12.771152777343676,-28.615102173562086,-0.06582066581253491,4
1727218550.98798,1,0.30936160237962834,0.2879498116147348,0.2986557069971816,108.0,0.0,11.425289769345996,-28.970154763420574,-0.06512084820059885,4
1727218551.030654,1,0.30936160237962834,0.27426490650109264,0.2918132544403605,108.0,0.0,11.21670151451819,-28.32756797245873,-0.07123360941204673,4
1727218551.0872047,1,0.3048553804248462,0.2879498116147348,0.2964025960197905,108.0,0.0,12.699039471781182,-28.983757010629503,-0.06480965999831736,4
1727218551.1721509,1,0.31846487764924103,0.2869288642904791,0.3026968709698601,108.0,0.0,11.07528955976626,-29.350601113585558,-0.07172657230288548,4
1727218551.2041297,1,0.30936160237962834,0.29953523924572845,0.3044484208126784,108.0,0.0,10.289022358146854,-28.3545076828078,-0.0676181742374741,4
1727218551.26747,1,0.31846487764924103,0.263054405764047,0.29075964170664403,108.0,0.0,11.856376742694536,-28.421639649121655,-0.06941132487023978,4
1727218551.3468015,1,0.3048553804248462,0.28965127475179975,0.297253327588323,108.0,0.0,11.932581803568961,-27.787424671151747,-0.06784482290625839,4
1727218551.3856802,1,0.31846487764924103,0.31622776601683794,0.31734632183303946,108.0,0.011100153405180096,12.096081190711274,-28.549120991725392,-0.07444740921704211,4
1727218551.4820068,1,0.30936160237962834,0.29953523924572845,0.3044484208126784,108.0,0.011086501753962322,11.945783084865141,-27.221632743701328,-0.06739076330801759,4
1727218551.5248191,1,0.3048553804248462,0.282842712474619,0.29384904644973264,108.0,0.010616692370889646,13.188689768566682,-27.683527302846542,-0.0658902387745666,4
1727218551.5629673,1,0.3631058272528683,0.29953523924572845,0.33132053324929833,108.0,0.0,13.117955466811452,-28.504144525948544,-0.07019425153545591,4
1727218551.6356957,1,0.31846487764924103,0.28965127475179975,0.3040580762005204,108.0,0.011100153405180096,12.859555202869526,-26.984300053293264,-0.07219261974456477,4
1727218551.7072952,1,0.31846487764924103,0.28965127475179975,0.3040580762005204,108.0,0.011086501753962322,12.787761277889619,-27.461621726326154,-0.06970400468607105,4
1727218551.7664487,1,0.30936160237962834,0.30579298706002644,0.3075772947198274,108.0,0.0,12.53589530657334,-27.705761590394147,-0.06791371327983883,4
1727218551.8028283,1,0.31846487764924103,0.24703262601975445,0.28274875183449777,108.0,0.0,12.621044577610869,-28.364875679836672,-0.062428592226269626,4
1727218551.8703892,1,0.30936160237962834,0.2504433937861493,0.2799024980828888,108.0,0.010859306069076735,11.569624907334768,-27.51205075343533,-0.06184019666650884,4
1727218551.924592,1,0.2977229608361267,0.29375911261381293,0.2957410367249698,108.0,0.0,13.002374588821965,-26.83208902140155,-0.06213661130174199,4
1727218552.0034325,1,0.3262219966972523,0.2581988798353667,0.29221043826630955,108.0,0.0,14.016720448483472,-27.838517025883736,-0.07001030525519968,4
1727218552.053541,1,0.3108092546584881,0.27738215938405286,0.29409570702127047,108.0,0.01082870204560525,13.492546862384366,-27.728848864747047,-0.06382038813897832,4
1727218552.104346,1,0.3048553804248462,0.2704588861653816,0.2876571332951139,108.0,0.0,14.628295017018347,-27.06615326334348,-0.06921096776656194,4
1727218552.184625,1,0.2820189718368567,0.2816852104027235,0.2818520911197901,108.0,0.0,13.169534263017379,-28.05929331288592,-0.06705841499380112,4
1727218552.2338536,1,0.30736845579728317,0.2662742108066691,0.2868213333019761,108.0,0.0,13.541033696262563,-27.28537487201705,-0.06931598895276697,4
1727218552.2871964,1,0.30936160237962834,0.22917137133976073,0.26926648685969456,108.0,0.0,13.23998275255544,-27.6812500667476,-0.06032845538917038,4
1727218552.3677943,1,0.1374903330507991,0.15229038106102033,0.14489035705590972,108.0,0.0,14.830054220157741,-28.88938956636267,-0.05547118696759144,4
1727218552.4073298,1,0.2493408968572527,0.1918385531035219,0.22058972498038731,108.0,0.0,14.147204860543813,-27.38381758536699,-0.061029823272457845,4
1727218552.4797714,1,0.29507796370521266,0.2340073555371589,0.2645426596211858,108.0,0.0,14.101354586332885,-26.753092822676553,-0.065740961056766,4
1727218552.5250218,1,0.3108092546584881,0.2468477607457046,0.27882850770209633,108.0,0.0,13.298199858342834,-26.760555138034114,-0.06444715105005984,4
1727218552.6008754,1,0.3200921998322399,0.23865653513277002,0.279374367482505,108.0,0.0216574040912105,14.732019042626295,-26.085317491599724,-0.06727009935570061,4
1727218552.6559694,1,0.30628194591584446,0.2504433937861493,0.2783626698509969,108.0,0.0,12.884712829533258,-26.529170702973307,-0.05895677891019334,4
1727218552.7096572,1,0.31846487764924103,0.2736294950075073,0.2960471863283741,108.0,0.0,14.593998288633712,-26.533058271817115,-0.06569999401153079,4
1727218552.770061,1,0.31846487764924103,0.24612066708752603,0.2822927723683835,108.0,0.0,13.450296668640405,-26.23117848419039,-0.059964062530689394,4
1727218552.840484,1,0.2966740862007017,0.2704588861653816,0.28356648618304164,108.0,0.011067473785474295,14.173564885848037,-26.12013952637808,-0.06960499808204987,4
1727218552.8857486,1,0.30936160237962834,0.27426490650109264,0.2918132544403605,24.0,0.0105999788000636,13.827580156533122,-26.076919125517012,-0.06325838430756715,0
1727218552.9550912,1,0.30091675284194835,0.27844813921985956,0.289682446030904,24.0,0.0105999788000636,13.847966253523689,-25.67023177882384,-0.06185470749751527,0
1727218553.038862,1,0.30736845579728317,0.27024807238841686,0.28880826409285,24.0,0.0,14.803405715280809,-25.678795160642874,-0.06378040923687854,0
1727218553.0777702,1,0.3079271286028492,0.27844813921985956,0.2931876339113544,24.0,0.0105999788000636,12.922465952031395,-25.97633403076923,-0.06076610718044895,0
1727218553.1324608,1,0.2835509473035504,0.2869288642904791,0.28523990579701475,24.0,0.010846522890932807,14.486158054930613,-26.38311036235789,-0.06345073879058447,0
1727218553.189937,1,0.2962093620080057,0.2792171220130315,0.2877132420105186,24.0,0.011086501753962322,13.233254291551994,-25.490526393814477,-0.067814182498563,0
1727218553.2550159,1,0.2923526731023431,0.27426490650109264,0.28330878980171786,24.0,0.011086501753962322,14.754815761163062,-24.998417058561714,-0.06701684366947024,0
1727218553.3312154,1,0.28176687428019115,0.2704588861653816,0.27611288022278635,24.0,0.0,13.2196242542058,-26.744843572625527,-0.06591604098366467,0
1727218553.3732176,1,0.2514912786715739,0.2638967459493819,0.2576940123104779,24.0,0.0,14.10874365710704,-25.494742978116594,-0.06109557443356961,0
1727218553.456199,1,0.2848778190674648,0.2581988798353667,0.27153834945141575,24.0,0.0,14.578547825417694,-25.68291885621306,-0.06279297554395101,0
1727218553.4988055,1,0.2977229608361267,0.2940839751036747,0.2959034679699007,24.0,0.0,14.008330144250234,-25.124652212264603,-0.06287867104803749,0
1727218553.5549247,1,0.2977229608361267,0.264769886474095,0.2812464236551109,24.0,0.011067473785474295,15.264483161496113,-26.280863854357133,-0.06370408361422299,0
1727218553.6528504,1,0.2634736922190852,0.2581988798353667,0.26083628602722597,24.0,0.0,13.542490837908387,-25.18779299706597,-0.061226093452982626,0
1727218553.6851878,1,0.27309153816991716,0.2551397785859326,0.2641156583779249,24.0,0.0,14.839960591856137,-25.35520617368764,-0.06085931393387275,0
1727218553.7421012,1,0.2848778190674648,0.2638967459493819,0.27438728250842337,24.0,0.0,13.189284902527413,-24.980150588727437,-0.06381076587763979,0
1727218553.830422,1,0.26224651418225464,0.27426490650109264,0.2682557103416736,24.0,0.010846522890932807,13.814419924888245,-24.808658318110734,-0.058175261676083445,0
1727218553.8585632,1,0.3048553804248462,0.27120580525165866,0.28803059283825244,24.0,0.0,13.930317806545641,-25.672670287367417,-0.06031201103662391,0
1727218553.91337,1,0.2835509473035504,0.2638967459493819,0.27372384662646615,24.0,0.0,12.974740899760073,-25.206637947218603,-0.0637774468397921,0
1727218553.9975538,1,0.2719219758869585,0.29540341245725193,0.2836626941721052,24.0,0.0,12.466373471788877,-25.313305394660762,-0.06414079512299156,0
1727218554.06131,1,0.2514912786715739,0.2581988798353667,0.25484507925347033,24.0,0.0,13.870689222350034,-25.688393271389355,-0.06489196448672421,0
1727218554.0948002,1,0.2634736922190852,0.2581988798353667,0.26083628602722597,24.0,0.0,11.89765915636837,-25.995670034880078,-0.06251176485619914,0
1727218554.1580741,1,0.268710296379291,0.2472871222812885,0.25799870933028973,24.0,0.0,12.898968670564589,-26.203989946616602,-0.062091744845841894,0
1727218554.231862,1,0.2634736922190852,0.2468477607457046,0.2551607264823949,24.0,0.0,13.007882516923477,-25.636506218365298,-0.05745549283717316,0
1727218554.2815795,1,0.2848778190674648,0.24253562503633297,0.2637067220518989,24.0,0.0,14.009322626583074,-25.313086651864452,-0.06157611574851378,0
1727218554.337854,1,0.2634736922190852,0.2340073555371589,0.24874052387812204,24.0,0.010846522890932807,15.03830482285899,-25.48592032591817,-0.06712529777017194,0
1727218554.416639,1,0.2848778190674648,0.2508891551482873,0.267883487107876,24.0,0.0,12.951903107311303,-24.764994613379756,-0.05595529044129027,0
1727218554.4607072,1,0.25386928375762585,0.19220477402821104,0.22303702889291843,24.0,0.0,13.652120164672862,-26.297295127137716,-0.057208328769269144,0
1727218554.5287697,1,0.23803114332210568,0.2085707538165942,0.22330094856934996,24.0,0.0,14.095942687790316,-26.486646739695985,-0.0655228950544132,0
1727218554.5720599,1,0.2634736922190852,0.22530295452966648,0.24438832337437583,24.0,0.0,13.095087082245742,-25.83484172391256,-0.06386034201283286,0
1727218554.6427674,1,0.24836553643542017,0.19890560054038234,0.22363556848790125,24.0,0.01082870204560525,12.076327280958218,-26.42025901086501,-0.05400858446452636,0
1727218554.7016337,1,0.268710296379291,0.20896891661072559,0.2388396064950083,24.0,0.0,13.05063500592442,-26.06913356301511,-0.057810369698756275,0
1727218554.754794,1,0.2634736922190852,0.21669809301183912,0.24008589261546215,24.0,0.010846522890932807,13.178146691335806,-26.345131935787233,-0.06001996428115106,0
1727218554.840114,1,0.25308774485712743,0.20896891661072559,0.2310283307339265,24.0,0.0,14.145907261527583,-26.252253713581396,-0.06609137180077593,0
1727218554.88119,1,0.26421832024808,0.20016018574974573,0.23218925299891285,24.0,0.0,14.428017292068471,-26.61114793524043,-0.060000286507050755,0
1727218554.9367006,1,0.268710296379291,0.20896891661072559,0.2388396064950083,24.0,0.0,12.221647491529538,-25.593564487030534,-0.0612037164811884,0
1727218554.9978397,1,0.253602140595626,0.21669809301183912,0.23515011680373257,24.0,0.0,14.12885604460865,-26.88747172408673,-0.06078475996492034,0
1727218555.065967,1,0.2634736922190852,0.20896891661072559,0.23622130441490538,24.0,0.0,13.46033857313592,-26.96294773012034,-0.06563669643308441,0
1727218555.128275,1,0.25308774485712743,0.2085707538165942,0.23082924933686083,24.0,0.0,13.362966842936128,-26.324765135032262,-0.06201181747211371,0
1727218555.1790574,1,0.24285278722463768,0.19220477402821104,0.21752878062642436,24.0,0.0,12.333960690743162,-25.185589096839603,-0.05635315861711326,0
1727218555.2390835,1,0.2940816368414582,0.20896891661072559,0.25152527672609193,24.0,0.0,12.662666319173608,-27.102776214220196,-0.067836467803962,0
1727218555.3401837,1,0.26421832024808,0.21669809301183912,0.24045820662995956,24.0,0.011067473785474295,13.013249912424607,-26.052484734482043,-0.0618325580192143,0
1727218555.3698156,1,0.24810419104928666,0.19220477402821104,0.22015448253874886,24.0,0.0,13.610551094584514,-25.980850200491027,-0.061471702530137506,0
1727218555.414341,1,0.25308774485712743,0.20896891661072559,0.2310283307339265,24.0,0.0,13.394329585732908,-27.227223289768485,-0.06201105576378658,0
1727218555.4847167,1,0.26946972407272907,0.21710310444989825,0.24328641426131364,24.0,0.0,14.17783811694096,-26.34434940565268,-0.06440242739133359,0
1727218555.5652964,1,0.2848778190674648,0.24278566172010582,0.2638317403937853,24.0,0.010846522890932807,12.120383852844407,-26.174952418213245,-0.061155076224511905,0
1727218555.602568,1,0.23082176787424136,0.2344238625808369,0.23262281522753914,24.0,0.0,12.909255125854813,-25.900507137803714,-0.06774658537656647,0
1727218555.6592412,1,0.3108092546584881,0.22624221706273817,0.2685257358606131,24.0,0.011316968255314816,12.213288283930265,-26.822095913244098,-0.06698723480407039,0
1727218555.7490768,1,0.2880571692583326,0.2504433937861493,0.26925028152224095,24.0,0.0,11.478012923760335,-26.104187040361882,-0.06553586974250838,0
1727218555.7783105,1,0.2932693829545082,0.23799925893254267,0.26563432094352546,24.0,0.0,13.065568526951951,-26.575165202378198,-0.06419821026261475,0
1727218555.837418,1,0.30936160237962834,0.28338671599614595,0.2963741591878871,24.0,0.0,12.950783179195495,-26.747163713368728,-0.0635890520023422,0
1727218555.9180427,1,0.2674587278784303,0.27426490650109264,0.27086181718976143,24.0,0.0,13.83447485825579,-26.50489897259634,-0.06913722137612842,0
1727218555.973602,1,0.2880571692583326,0.2574877826992806,0.2727724759788066,24.0,0.0,12.220775264195428,-26.42795833620783,-0.06515130527539717,0
1727218556.025408,1,0.30936160237962834,0.23865653513277002,0.2740090687561992,24.0,0.0,13.208699280205266,-26.59869672307469,-0.06739987447730252,0
1727218556.0966926,1,0.3048553804248462,0.2631510953473056,0.2840032378860759,24.0,0.0,12.417665448104211,-26.469959029934103,-0.06887505829276873,0
1727218556.146427,1,0.2674587278784303,0.28416933752497037,0.27581403270170035,24.0,0.0,12.295046649207976,-26.29811453086543,-0.06721320002534188,0
1727218556.216522,1,0.26224651418225464,0.26873309160639414,0.2654898028943244,24.0,0.011086501753962322,10.807535089530996,-26.55123995118075,-0.06837397192627219,0
1727218556.2603703,1,0.2719219758869585,0.2504433937861493,0.26118268483655394,24.0,0.0,12.10268305502054,-26.138314323903884,-0.065435609544196,0
1727218556.3238394,1,0.2835509473035504,0.2504433937861493,0.26699717054484984,24.0,0.0,11.128098431429363,-26.406946644358868,-0.074787974959084,0
1727218556.4198797,1,0.3262219966972523,0.24213285316964073,0.28417742493344655,24.0,0.0,11.303601886156505,-25.975739871052838,-0.06291697072163878,0
1727218556.4502475,1,0.30936160237962834,0.27203078747951254,0.29069619492957044,24.0,0.0,12.226686291802029,-26.440691060596766,-0.07640007773001253,0
1727218556.501053,1,0.2848778190674648,0.27844813921985956,0.2816629791436622,24.0,0.0,12.88491216366294,-26.215353837526962,-0.06992929665948576,0
1727218556.5618365,1,0.3171644163161968,0.2750412121733439,0.29610281424477036,24.0,0.0,13.985258758986914,-25.630161330308205,-0.07688940411954924,0
1727218556.6289303,1,0.2923526731023431,0.261201761147843,0.27677721712509307,24.0,0.011086501753962322,12.575777035874973,-25.110369561390936,-0.07330613288409814,0
1727218556.6895032,1,0.3128430032178382,0.28946763837840317,0.3011553207981207,24.0,0.010846522890932807,13.258969684562418,-27.389360023631898,-0.07577493871370584,0
1727218556.74351,1,0.3371361039855863,0.28118317322517616,0.3091596386053812,24.0,0.011086501753962322,12.713105225172303,-24.804331340417598,-0.07251251120103219,0
1727218556.8042257,1,0.3009954992990603,0.28613378861681443,0.29356464395793735,24.0,0.0,12.842607668431842,-26.8202155030638,-0.07300719042133885,0
1727218556.8719928,1,0.35725729163228853,0.2960435813260878,0.3266504364791882,24.0,0.010846522890932807,15.372261633164658,-25.307428258514477,-0.07313970228647312,0
1727218556.9358563,1,0.3333333333333333,0.280501846386185,0.30691758985975914,24.0,0.010846522890932807,12.522670078851794,-26.227410372276626,-0.0743731392120821,0
1727218556.9832118,1,0.3333333333333333,0.28946763837840317,0.3114004858558682,24.0,0.0,13.198488913920372,-25.832124636255532,-0.07433883572180561,0
1727218557.0654604,1,0.3141885707316724,0.28468686800709037,0.29943771936938135,24.0,0.021233384741779292,12.90830394054268,-26.102448538407273,-0.06635527899850173,0
1727218557.1005244,1,0.3371361039855863,0.280501846386185,0.30881897518588564,24.0,0.0,13.116661289322163,-25.70765333989065,-0.07267907821399741,0
1727218557.1634703,1,0.3141885707316724,0.3010897981337934,0.30763918443273286,24.0,0.011086501753962322,13.184807622120381,-26.58721664531713,-0.07537994937459774,0
1727218557.2231908,1,0.3180076974622125,0.2917179411854445,0.3048628193238285,24.0,0.0,14.723327203545004,-25.672241821777526,-0.07166464305585396,0
1727218557.323043,1,0.3262219966972523,0.28946763837840317,0.3078448175378278,24.0,0.0,12.125585006484433,-26.619345680509117,-0.07415115687675009,0
1727218557.3557332,1,0.34758861296965843,0.31041580777846184,0.32900221037406013,24.0,0.0,12.34080991901256,-27.19127771971535,-0.07347668658203962,0
1727218557.4131947,1,0.33072821865203444,0.2750412121733439,0.30288471541268913,24.0,0.0,11.463330588699588,-26.602935101865675,-0.07200393878155016,0
1727218557.462555,1,0.3171644163161968,0.29902255187996113,0.30809348409807896,24.0,0.0,12.146527857983083,-25.481443832650523,-0.07565078952173189,0
1727218557.5376625,1,0.3301873960266273,0.280501846386185,0.30534462120640615,24.0,0.011086501753962322,11.90926954081603,-26.228417497166454,-0.0725509336035206,0
1727218557.5884445,1,0.3209671869684498,0.3010897981337934,0.3110284925511216,24.0,0.0,11.124771419856652,-26.274626613845836,-0.07129922556481684,0
1727218557.6477022,1,0.3128430032178382,0.2792171220130315,0.29603006261543485,24.0,0.0,10.77254230126952,-25.930828244734432,-0.07701523656521253,0
1727218557.7359014,1,0.3262219966972523,0.280501846386185,0.3033619215417187,24.0,0.0,12.212627217306215,-27.49713869639539,-0.0775530760696103,0
1727218557.769377,1,0.3301873960266273,0.2902165856544582,0.31020199084054273,24.0,0.0,12.050677730299014,-26.894369078722566,-0.07928479499149499,0
1727218557.828908,1,0.3262219966972523,0.28946763837840317,0.3078448175378278,24.0,0.0,12.74811459232534,-27.356804111462118,-0.08015400872300171,0
1727218557.9070132,1,0.33469361798140945,0.2902165856544582,0.3124551018179338,0.0,0.011316968255314816,12.064166080376888,-26.242310289622907,-0.0807627991844767,0
1727218557.9516816,1,0.3333333333333333,0.2618362089154943,0.29758477112441384,0.0,0.0,12.43167236159745,-27.366017366967384,-0.0797333243041712,0
1727218558.0470498,1,0.3555194116284084,0.29588619118217685,0.3257028014052926,0.0,0.0,11.75376367528223,-26.1192128156088,-0.07607045571924027,0
1727218558.0784516,1,0.3333333333333333,0.2792171220130315,0.3062752276731824,0.0,0.011067473785474295,11.684204252613027,-26.035777364353144,-0.0708172955996689,0
1727218558.1409261,1,0.3362598109900558,0.2750412121733439,0.30565051158169987,0.0,0.0,12.5567280421527,-26.388500423474262,-0.0735544305325414,0
1727218558.1984417,1,0.35155401229903344,0.29665912971752517,0.32410657100827933,0.0,0.0,12.614949894276435,-27.76322509385964,-0.07530032650854807,0
1727218558.2588725,1,0.3362598109900558,0.27653922687249494,0.30639951893127537,0.0,0.010846522890932807,13.334468622339434,-26.508901198914543,-0.06990565146935476,0
1727218558.3145516,1,0.3333333333333333,0.2750412121733439,0.30418727275333857,0.0,0.0,14.07096738454907,-27.112170656464436,-0.07508800546027901,0
1727218558.386315,1,0.3362598109900558,0.28118317322517616,0.308721492107616,0.0,0.0,13.165119421865363,-26.589097811707948,-0.07073053338454348,0
1727218558.4270103,1,0.3362598109900558,0.27024807238841686,0.30325394168923636,0.0,0.0,13.376292270220107,-26.948932694562547,-0.07647732039019366,0
1727218558.5005713,1,0.3141885707316724,0.285914424652679,0.3000514976921757,0.0,0.011067473785474295,12.939309255858081,-26.10405562759277,-0.07083463529015066,0
1727218558.570796,1,0.32774854690031674,0.2952795966167792,0.31151407175854795,0.0,0.0,12.328581075558064,-27.089946368312134,-0.06808806234969675,0
1727218558.6143389,1,0.3141885707316724,0.2750412121733439,0.29461489145250813,0.0,0.022173003507924643,11.820848768904927,-26.21922132509048,-0.07240299334826973,0
1727218558.6904461,1,0.3322758556429604,0.24617233018214466,0.2892240929125525,0.0,0.01082870204560525,12.607279721262607,-28.082777370913675,-0.07080061881557541,0
1727218558.7341807,1,0.3185285706388111,0.2631510953473056,0.2908398329930584,0.0,0.0,13.286622366664563,-27.10689343291183,-0.07100779931152906,0
1727218558.7887168,1,0.31852983680981933,0.2952795966167792,0.3069047167132993,0.0,0.0,12.593176785293178,-28.78097986799345,-0.07624287957774165,0
1727218558.8712707,1,0.32234769736935126,0.28946763837840317,0.30590766787387724,0.0,0.0,12.638149350616889,-28.203389125957013,-0.0703125844892326,0
1727218558.923653,1,0.32563021358578825,0.2851765797461049,0.30540339666594657,0.0,0.0,13.085278636675081,-28.91948982636851,-0.07389975087625537,0
1727218558.9737508,1,0.3322758556429604,0.28338671599614595,0.3078312858195532,0.0,0.011086501753962322,14.080633741108366,-27.912368147702793,-0.07177002260812512,0
1727218559.0544925,1,0.32774854690031674,0.28468686800709037,0.3062177074537036,0.0,0.0,11.717635666086446,-27.952042525542197,-0.0743921898717783,0
1727218559.1019511,1,0.3322758556429604,0.28946763837840317,0.31087174701068176,0.0,0.0,14.313680088190697,-28.357379854072843,-0.07166134744788477,0
1727218559.1609159,1,0.32774854690031674,0.28946763837840317,0.30860809263935995,0.0,0.011086501753962322,12.575368845870695,-28.216995862736965,-0.07683040685399663,0
1727218559.2293057,1,0.2856829393325278,0.2735095624435731,0.27959625088805046,0.0,0.011086501753962322,14.116446907673673,-28.440339250776802,-0.07506976059372522,0
1727218559.2842462,1,0.33072821865203444,0.27426490650109264,0.30249656257656354,0.0,0.0,11.415722596202574,-28.368647887875127,-0.07156372871966786,0
1727218559.3289938,1,0.311581024212143,0.28416933752497037,0.2978751808685567,0.0,0.0,11.399944849512964,-27.66204265993744,-0.06958463681261258,0
1727218559.3946846,1,0.30936160237962834,0.27426490650109264,0.2918132544403605,0.0,0.0,13.748555038423136,-28.76892348588859,-0.07289906369482879,0
1727218559.4843118,1,0.2962093620080057,0.27844813921985956,0.2873287506139326,0.0,0.011100153405180096,13.481817476162053,-28.729898381115916,-0.07420973815913857,0
1727218559.5140722,1,0.29011442322767067,0.2581988798353667,0.2741566515315187,0.0,0.0,14.128181384505776,-28.819702865687724,-0.06977444426025123,0
1727218559.5710728,1,0.30936160237962834,0.24146600295498807,0.2754138026673082,0.0,0.011351915229662496,13.14857283808086,-27.62339058077453,-0.07515339890220525,0
1727218559.6524937,1,0.29011442322767067,0.27426490650109264,0.2821896648643817,0.0,0.0,11.370112533682342,-28.403275887274635,-0.0668248583835155,0
1727218559.709944,1,0.2977229608361267,0.282842712474619,0.29028283665537286,0.0,0.0,12.595198591509932,-28.271062682090413,-0.07250404251047614,0
1727218559.7668793,1,0.2793987461573565,0.2574877826992806,0.26844326442831856,0.0,0.0,11.977413321980602,-28.2948901945416,-0.07324102486745976,0
1727218559.824212,1,0.3108092546584881,0.2662742108066691,0.28854173273257855,0.0,0.0,12.58961845066445,-27.56799685487499,-0.0761908214213556,0
1727218559.8900383,1,0.3248236449405021,0.27844813921985956,0.3016358920801808,0.0,0.0,11.985594176390785,-29.481103767343843,-0.07542380006064298,0
1727218559.9400187,1,0.3153365634011318,0.2581988798353667,0.28676772161824926,0.0,0.0,14.915869624415386,-28.666692472692198,-0.07208654747055716,0
1727218560.0343745,1,0.3200921998322399,0.27426490650109264,0.2971785531666663,0.0,0.0,13.482560127104847,-29.44055503875486,-0.06533736433083155,0
1727218560.0650017,1,0.3295550900487643,0.2735095624435731,0.3015323262461687,0.0,0.0,12.117854648354863,-29.362292656561895,-0.06981843290579744,0
1727218560.1141243,1,0.3200921998322399,0.27218302900494235,0.2961376144185911,0.0,0.022173003507924643,12.596590967168595,-28.19813223788479,-0.07075056487775196,0
1727218560.1890202,1,0.3295550900487643,0.28338671599614595,0.30647090302245517,0.0,0.011337314689562955,11.812587608435672,-30.02187181794691,-0.07196850603056226,0
1727218560.2506733,1,0.2848778190674648,0.24970570913871912,0.26729176410309197,0.0,0.0,12.68307734139876,-28.01947262586848,-0.06860294330226588,0
1727218560.2999957,1,0.3248236449405021,0.27426490650109264,0.29954427572079734,0.0,0.010846522890932807,13.106018102207479,-29.17771870246718,-0.06541106207470042,0
1727218560.362146,1,0.3295550900487643,0.263054405764047,0.29630474790640565,0.0,0.0,10.90271048242192,-28.80940210615435,-0.07393873006852257,0
1727218560.4316852,1,0.3108092546584881,0.2735095624435731,0.2921594085510306,0.0,0.022173003507924643,12.440951553007737,-28.750548250186007,-0.06842507407278986,0
1727218560.4936705,1,0.3248236449405021,0.27844813921985956,0.3016358920801808,0.0,0.011086501753962322,11.999979272752965,-28.75259955833036,-0.06895045520455376,0
1727218560.5475175,1,0.31846487764924103,0.29953523924572845,0.30900005844748474,0.0,0.0,12.844814807889541,-28.024991827264177,-0.067789799557256,0
1727218560.6062958,1,0.31846487764924103,0.29540341245725193,0.30693414505324645,0.0,0.011086501753962322,12.233283505950332,-29.862269964609062,-0.07287962273450471,0
1727218560.6569328,1,0.3248236449405021,0.27138130994678483,0.2981024774436435,0.0,0.0,13.72302805888014,-28.399734351022843,-0.07137537061551422,0
1727218560.7376919,1,0.3200921998322399,0.27426490650109264,0.2971785531666663,0.0,0.0,11.238703976526082,-29.147895440683836,-0.074186183856577,0
1727218560.7819486,1,0.3248236449405021,0.2637808760944553,0.29430226051747865,0.0,0.011337314689562955,12.373782965312984,-28.614524013974176,-0.07672582123346626,0
1727218560.8434083,1,0.29864233397920936,0.24146600295498807,0.27005416846709873,0.0,0.0,12.71115549767963,-28.628239012220284,-0.06921233269941617,0
1727218560.9180672,1,0.2753537218400135,0.2662742108066691,0.2708139663233413,0.0,0.0,12.874252579815087,-29.26371755923023,-0.06587159756018998,0
1727218560.9594977,1,0.30936160237962834,0.27426490650109264,0.2918132544403605,0.0,0.0,12.825328746833078,-29.716477274322123,-0.07299683791187703,0
