0,1,2,3,4
0.8113931603042585,-0.32890761780603606,-1.350845447443433,-3.100709954793376,-0.38653832299478363
0.13853445505766207,-0.33768834520330415,-0.25077499387032665,-0.5517928415291674,-0.5269518290126085
0.4030800282035916,-0.41806044523780417,-0.41951693791667766,-0.3029449782195226,-0.6673653350304334
-1.0504489397927035,-0.4610487242677152,-0.49958368046104784,-0.44993501152542015,-0.8077788410482583
0.3692388707926625,-0.4199188825846354,-0.46132913592586383,-0.4006194116379644,-0.5269518290126085
0.6278836537544488,-0.4610487242677152,2.319602228534756,1.4723331886966649,-0.24612481697695876
0.2778476928590337,-0.4610487242677152,-0.4950465530301877,-0.449794688257094,-0.8077788410482583
-1.008830382504795,-0.4610487242677152,-0.5787663763605717,-0.4179712108420098,-0.8077788410482583
0.2516107885797459,-0.4610487242677152,0.3482645861448583,-0.33564151327299657,0.03470219505869099
0.4826535146531543,-0.42176877872059876,-0.12215348413410841,-0.08799621853607349,-0.6673653350304334
-0.1345181241212289,-0.4610487242677152,3.4524711572340516,1.8793247964333482,-0.38653832299478363
0.31991906146009264,-0.3382166576055562,2.952540858072623,2.3112236580071226,-0.24612481697695876
-1.4434944957679359,-0.31423965809814824,-0.5575109759543369,-0.47263748775206005,-0.6673653350304334
-1.234644485198768,-0.417061252074116,-0.5871354228449892,-0.46355338167315974,-0.6673653350304334
-1.1976086852013452,-0.4610487242677152,-0.47644736157473794,-0.4450399726529825,-0.8077788410482583
0.12312377163377777,-0.4610487242677152,-0.28483376452747955,-0.5603866641121515,-0.5269518290126085
0.4556623785294729,-0.4610487242677152,-0.1065306730574898,-0.15831885116862499,-0.6673653350304334
0.45215054282250117,-0.4610487242677152,-0.5174917173268452,-0.14227332927979106,-0.5269518290126085
-1.5334152418830291,-0.4610487242677152,-0.5434481993262259,0.04844316838347208,-0.38653832299478363
0.28823540341131676,-0.4199577026420658,-0.5235983152362287,0.06353737361161403,-0.5269518290126085
0.4608260996745347,-0.4199577026420658,-0.46293668465356436,0.01895099085393036,-0.38653832299478363
2.022168652307746,-0.4610487242677152,0.56677569076209,3.247356389709421,-0.38653832299478363
0.5816769086442528,-0.41806044523780417,-0.4913602123405523,-0.4386322909909278,-0.6673653350304334
0.49063295609157287,-0.4610487242677152,-0.49102473966736687,0.19468837186218454,0.5963562191299905
0.3837957599238574,-0.4610487242677152,-0.48565697001347646,-0.13371435295565823,-0.5269518290126085
0.02517909771248523,1.9747368850081015,0.1590031588637448,-0.2877220223988696,0.17511570107651586
-0.23210251766237427,2.305006727327219,0.1342696670645674,-0.10786887826640221,-0.10571131095913389
0.2502598928174617,-0.39549575490035027,3.0061562542060747,2.2549011698216934,-0.10571131095913389
-1.3866228528357407,-0.4610487242677152,-0.5555151440623302,-0.466363415290646,-0.8077788410482583
0.31469588951891536,-0.4610487242677152,0.2904653042292331,2.486196870452322,-0.6673653350304334
-0.36818892402750264,-0.413984143850285,3.231276641917406,1.6535064871622676,-0.38653832299478363
0.49215674659717323,-0.3730737798805167,-0.5017366902762643,-0.44875395938162865,-0.8077788410482583
-1.4759520898799283,-0.31750208179080525,-0.5183294868778647,-0.4490194588081883,-0.8077788410482583
0.2530922728345257,-0.417061252074116,-0.5381988651064767,-0.4786616311480264,-0.6673653350304334
0.323603834757758,-0.19422353112942647,3.1132145914701943,2.2336013833829034,-0.24612481697695876
-0.02293161409272594,2.1997562296674396,0.03742706871709247,-0.08129092989136007,0.03470219505869099
0.3266648775429161,-0.4610487242677152,-0.3787527618332285,-0.424722090212142,-0.6673653350304334
-0.03643293244270241,2.315879795780561,0.0074638020333825245,-0.14661613012012842,-0.10571131095913389
-1.3780934375478238,-0.4610487242677152,-0.5429319671203672,-0.48209567729486114,-0.8077788410482583
0.3378082044817073,-0.4610487242677152,0.11865292992503183,2.481742607245196,-0.6673653350304334
-1.3119579015874088,-0.4610487242677152,-0.5650882660374277,-0.4599604968949183,-0.6673653350304334
-0.32867625234649667,2.536034618540168,0.7912961429903078,-0.04686355291249792,-0.10571131095913389
0.1298582391188287,0.7612517228124224,0.6648168466096597,-0.2727213315447601,0.17511570107651586
0.9986460994080931,-0.4610487242677152,0.0930407781774036,2.5189154336743895,-0.38653832299478363
0.42406024651106894,-0.4610487242677152,-0.501111433323642,-0.4145680599958597,-0.6673653350304334
-0.04335792310708122,-0.3730737798805167,3.0868280136654276,0.6291049182074575,-0.24612481697695876
-0.24281564699788116,-0.42000607349064617,-0.09346628337199357,0.09431370704010626,-0.6673653350304334
4.447656357679193,-0.3838735473913166,1.961996058155649,-2.3250634032492132,-0.6673653350304334
0.2409760886349312,-0.4610487242677152,0.048127879962237274,0.07559938008443653,-0.24612481697695876
0.37065619976082037,2.10191277843359,0.04001104118780986,-0.2686939917422972,-0.10571131095913389
1.066678255102299,-0.30185694337373237,1.6564751375574382,-2.728222873624037,-0.6673653350304334
-1.3866228528357407,-0.4610487242677152,-0.5225557958463236,-0.5023714492853169,-0.6673653350304334
1.1607305123497993,-0.30488336112860853,0.24290532117023841,2.4694066234132923,-0.38653832299478363
0.016220301093520448,-0.4610487242677152,-0.05052476215141002,-0.04999614652197897,-0.24612481697695876
-1.103079431533132,-0.4180493443263138,-0.5291335002657311,-0.5019058677667396,-0.8077788410482583
0.3498178891490602,-0.4610487242677152,-0.4509003085450971,-0.4130361656978632,-0.6673653350304334
0.40013944083066466,-0.4610487242677152,-0.4679185023167036,-0.1527187004205851,1.2984237492191149
0.18498514993638246,-0.4610487242677152,-0.429012148944783,0.6984440255728865,-0.6673653350304334
-1.1598817878433918,-0.4610487242677152,-0.5296638102094348,-0.4627418475478391,-0.8077788410482583
0.33092662843079185,3.4899485085353597,-0.35029495600625143,0.008312543928818316,-0.38653832299478363
0.19859975341566544,-0.4610487242677152,0.21588421890206555,-0.2576999740655705,-0.24612481697695876
-1.320165733385872,-0.417061252074116,-0.5778967634104912,-0.47455722922503757,-0.6673653350304334
0.4073957495508681,3.0223005306290833,0.8893219271798194,-0.07311733878081783,-0.10571131095913389
0.3276433657371616,0.7318679419192456,0.5617559221038023,-0.6627538782165514,-0.24612481697695876
-1.3525674257169102,-0.35723903803955004,-0.45318068099670455,-0.5159082868195594,-0.8077788410482583
-0.37158989553434524,-0.417061252074116,2.957362109335039,0.46426408956065524,-0.24612481697695876
0.008252312108758675,-0.4239797127155563,-0.46232625393633225,1.1054327211122434,-0.6673653350304334
0.32802692584061516,-0.4190048861027892,-0.40626367026940874,-0.25758737142806426,-0.5269518290126085
0.5399638549052473,-0.4610487242677152,-0.538596019877407,-0.1766115064793215,1.2984237492191149
0.21981193897149628,2.5905756007451415,0.9218495338108214,-0.005204990046483635,-0.10571131095913389
0.2940204500946288,-0.4610487242677152,-0.3813559445697648,-0.4021874903246476,-0.6673653350304334
0.18133379424433974,2.268941261088524,0.6061435994082229,-0.19928638192229872,-0.10571131095913389
-1.4455698301218887,-0.4199188825846354,-0.6196588041747544,-0.20656635488768418,2.8429723154151882
-1.1754242223706282,-0.41806044523780417,-0.595373530724249,-0.4704236856069206,-0.6673653350304334
0.33591981177367397,-0.4610487242677152,0.436384465599333,-0.3334155426172556,0.03470219505869099
3.020070898821656,-0.21791910326746022,1.9241664077305969,-2.460839807330646,-0.6673653350304334
0.9214227444145603,-0.4610487242677152,-0.0658521899559032,-1.0782719166814454,-0.5269518290126085
0.24202810640348474,-0.4610487242677152,-0.28546202741415866,-0.4649685436107182,-0.5269518290126085
-0.23677286907591139,1.7921094253387397,0.27725260020143944,-0.1585283316813289,0.03470219505869099
0.5952955549043063,-0.4208030940365905,-0.19379313853830404,-0.02023939170946014,1.8600777732904143
0.3409906222434177,-0.4199188825846354,-0.42731009827055255,-0.2996377428631021,-0.5269518290126085
-0.021770140185616727,-0.4610487242677152,0.4471828910672718,-0.3546403541469341,0.03470219505869099
-1.2214408725531265,-0.4180493443263138,-0.5142488443089812,-0.4470720638296566,-0.8077788410482583
-0.9159636195276166,-0.4610487242677152,-0.5153738391063407,-0.47062150999114966,-0.8077788410482583
-0.008045069907941373,2.6258226208604256,0.9210171712552916,0.009208919962887977,-0.10571131095913389
-1.665380725555563,-0.4180493443263138,-0.5351678436403349,-0.47132572152808483,-0.8077788410482583
-0.8748990862400077,-0.378808471558108,-0.11961300857777828,-0.1643083845186248,1.5792507612547646
0.3539703338875978,-0.4610487242677152,0.10827427837713811,2.431171154057839,-0.6673653350304334
0.33225597316057964,2.227650237983698,0.07027287469037155,-0.2522608595994164,-0.10571131095913389
0.10255321916522447,-0.4610487242677152,-0.4901408753638073,-0.21395590669243963,1.4388372552369397
0.2792229666750026,-0.4610487242677152,-0.42859481430443414,-0.3943875226263937,-0.6673653350304334
0.025238376496730733,2.3716831694173246,0.941830578572161,-0.00383239056109514,-0.10571131095913389
-1.2764761822923794,-0.4170493587462813,-0.5860180453268264,-0.47258078171198215,-0.8077788410482583
0.23974928609265508,-0.4610487242677152,-0.5237483512189959,-0.09482475969937182,-0.38653832299478363
-0.10101321710303672,-0.4190463494641235,2.6693208654576415,0.33623073308271784,-0.24612481697695876
0.4191696700963851,-0.4610487242677152,-0.5634782509208186,-0.17528589485095966,2.7025588093973636
-1.003565392048791,-0.379725251738338,3.0343107237809646,1.0462302661938105,-0.38653832299478363
-0.09069926046776632,-0.4610487242677152,0.2709551656170933,2.418167750737392,-0.38653832299478363
0.1660557691818557,-0.4610487242677152,-0.3712632201586713,-0.14083641486069853,2.8429723154151882
0.43608199847768714,-0.4610487242677152,-0.23288080341800815,-0.4409919776705843,-0.5269518290126085
1.0439597991059677,-0.4610487242677152,-0.11769406592421275,2.547188235100969,-0.38653832299478363
0.06545765776106868,-0.3349172097729371,-0.2324352597529879,-0.7891547039827352,-0.5269518290126085
0.06928900883382565,-0.4199188825846354,-0.5636466436773514,-0.16613533831381283,2.140904785326064
-1.5717162971910883,-0.4610487242677152,-0.5359543519403136,-0.16281525571786953,2.2813182913438887
0.19781161054466853,-0.4190463494641235,-0.49241425871085426,0.07944036270846429,-0.38653832299478363
-0.08894863487092333,-0.4208030940365905,-0.22245936681028652,-0.06374453589193019,1.5792507612547646
0.2967097167070999,1.8137464328527002,0.2171947539544434,-0.26310955224556726,0.03470219505869099
-1.0449269632344909,-0.4610487242677152,-0.4665740560062223,-0.45600383224467345,-0.8077788410482583
0.36429357273170127,-0.42163262598809725,-0.502444792201598,-0.08109146073201451,-0.38653832299478363
0.48432118784104217,-0.4610487242677152,-0.45315698050493053,-0.4257262126209296,-0.5269518290126085
-1.5416605455407337,-0.4170493587462813,-0.5062121055631988,-0.47141441631899866,-0.6673653350304334
0.23468625384966452,0.4047829788651774,0.14758710327438782,-0.31291472911639673,0.03470219505869099
-1.0196060066082842,-0.4610487242677152,-0.5658613076567977,-0.17427945118596633,2.5621453033795385
0.35017331242788313,0.37115636769717986,-0.2379928281839619,-0.856482681399596,-0.5269518290126085
-1.3348080180195667,-0.4180493443263138,-0.5100948247873534,-0.4544913363621227,-0.8077788410482583
0.12885592096686913,-0.4208030940365905,-0.5686375831875121,-0.12172192765820324,-0.38653832299478363
0.4241343702481651,-0.4610487242677152,-0.479708849357295,0.048904326593619346,-0.5269518290126085
0.2383844238017816,-0.4208030940365905,-0.5438937083146658,-0.10727233781594404,-0.5269518290126085
0.37328929253616555,-0.375049964384912,-0.4756915105303403,-0.42812653709389603,-0.6673653350304334
0.513988165972052,-0.4190048861027892,-0.6003894719608585,-0.43503071541510296,-0.8077788410482583
-0.3795500634333724,1.9385060379162027,0.24404145344103303,-0.8398190094597096,-0.24612481697695876
-0.46597147237080094,-0.39882422481149193,2.9366147715108886,0.5968483870775333,-0.24612481697695876
0.4227888877080627,-0.2628370645751966,3.0565935687814934,2.446307319316362,-0.38653832299478363
0.3266648775429161,-0.4610487242677152,-0.4421702528733886,-0.38438668885083327,-0.5269518290126085
-0.11994849001695687,-0.4199188825846354,-0.5855988387332907,-0.20108475026215006,1.4388372552369397
-1.2310928957656697,-0.4610487242677152,-0.6386576568042368,-0.46226707437764497,-0.6673653350304334
0.03825406413781907,-0.3805392469306229,-0.5776337389867312,-0.1668627744521169,1.8600777732904143
4.522864230107199,-0.317204702219507,1.8978707423921244,-2.394925258933246,-0.5269518290126085
0.30795460662764984,-0.4610487242677152,-0.30433298658570296,-0.5026398595421496,-0.5269518290126085
-1.3197710697217528,-0.37304999322484694,-0.49492781404891995,-0.452515985348634,-0.8077788410482583
0.25673003550741846,-0.4610487242677152,-0.4247475518508862,0.1508707055442868,1.15801024320129
0.2041725124927412,-0.4610487242677152,-0.1892067070893615,-0.0015971859707039854,-0.10571131095913389
0.45194338285447405,3.6730931031623237,-0.2075306650385257,-0.041306904619102976,-0.24612481697695876
0.3681938296720819,-0.38070275500778744,2.617422358702857,0.5209874799147971,-0.24612481697695876
-0.15736199138209453,1.8188699979710683,0.32284622677399166,-0.1593936236233991,0.03470219505869099
0.1901635056484166,2.00889668565396,0.07407567192898284,-0.23054438370536465,0.17511570107651586
0.24930805008812018,-0.4610487242677152,-0.3580018270363019,-0.3926841282235678,-0.5269518290126085
-0.19203046791435877,-0.4610487242677152,-0.4844767385682299,-0.17862625192036788,2.7025588093973636
1.083639004754026,-0.4610487242677152,-0.31163322269886606,2.2895343304571694,-0.38653832299478363
-1.1624454546786018,-0.4610487242677152,-0.5905031523520379,-0.1732029984458843,1.7196642672725895
-1.5630913545534306,-0.41901526345409257,-0.4290193979597498,-0.1799555986857773,2.140904785326064
-0.38058943958475383,2.2210576542177094,-0.00222092918991984,-0.1133487380726229,0.03470219505869099
-1.292137938869559,-0.3730737798805167,-0.4998719059806019,-0.4869016079738222,-0.8077788410482583
1.1768768709407638,-0.4610487242677152,0.1591752859706457,-1.6622715293802088,-0.6673653350304334
0.2372795051946746,-0.404171399595418,-0.3955438170352959,0.0755329473627198,1.15801024320129
0.4273369024626711,-0.4610487242677152,-0.07680997135868974,-0.4755305489107176,-0.5269518290126085
-1.8907863044205657,-0.4199285979129118,-0.4503152491882757,0.16990683467710146,1.15801024320129
-1.311561916213666,-0.4610487242677152,-0.5783042609497893,-0.4579938841921674,-0.8077788410482583
0.03902602098454377,-0.4610487242677152,0.20872207268986417,2.4653438791634903,-0.38653832299478363
0.11188627837850863,2.1815331026605054,0.81472548442816,-0.18621846800611688,-0.10571131095913389
-1.1635089183804832,-0.4610487242677152,-0.6504679706740614,-0.4304313482139376,-0.6673653350304334
0.14370333737425398,2.1437726770307006,0.1644564925218859,-0.2546063563013635,-0.10571131095913389
-1.4681312078423259,-0.4180493443263138,-0.5363336972082275,-0.5040419226523989,-0.6673653350304334
0.279986099615797,-0.41806044523780417,-0.38222075185450766,-0.40967918413325743,-0.5269518290126085
0.4669061259463644,-0.4610487242677152,-4.395403688027219,-0.4476372163514541,-0.38653832299478363
3.890806570667148,-0.27220062337425593,1.561192956934606,-2.23595776808685,-0.5269518290126085
0.09949185209312295,-0.3790982889262216,-0.49190037144453724,0.05220669900547709,-0.38653832299478363
0.28537100462354426,-0.4610487242677152,-0.29209013534284534,-0.06489609012774115,-0.5269518290126085
1.0773587611142503,-0.3949781710368758,2.961720063378649,2.3142195588509082,-0.10571131095913389
-0.9936670621611875,-0.4610487242677152,-0.5857729086056782,-0.4466449908316842,-0.8077788410482583
1.314996420577175,-0.26938658665133536,0.7538001199397101,-2.3790599958058953,-0.5269518290126085
0.4822103404660362,-0.4610487242677152,-0.4265721472374458,-0.44631394135211083,-0.6673653350304334
0.05389026210422437,1.767338676070289,0.38564648019355036,-0.12692237433182707,0.17511570107651586
-0.005703433287248382,-0.4610487242677152,-0.6099416902256815,-0.20226096278662495,1.4388372552369397
-1.0173817193977954,-0.32905062770341265,-0.5183615087867934,-0.4829570193995424,-0.8077788410482583
0.9345421807901912,-0.4610487242677152,-0.3488372785468351,2.2325587668672617,-0.38653832299478363
0.2797390592316568,-0.3533887424100328,2.77427224852691,1.7130209818431572,-0.24612481697695876
0.10261025516424928,-0.41575717737701606,0.2541300779822596,2.3874412036394066,-0.38653832299478363
-0.9883007973786273,-0.4610487242677152,-0.5990187375635871,-0.4700392328524881,-0.6673653350304334
0.19931477606812995,2.5511530504555915,-0.5586470839822469,-0.006426333120030881,-0.38653832299478363
-0.8714868848998968,1.3922010397829663,-0.6831538542610917,0.033296567404550635,-0.24612481697695876
1.6960109978578226,-0.4610487242677152,1.3898778620948915,-2.2482786029991924,-0.6673653350304334
0.34708844953842355,-0.417096874273664,-0.46031732816185217,-0.4214202227448384,-0.6673653350304334
-1.3203597587552334,-0.4610487242677152,-0.17626042727514782,-0.02656314423985731,2.140904785326064
-0.23006463314662867,2.3491585417324985,0.1299909315379252,-0.13898030770229913,-0.10571131095913389
-0.38317801842730054,2.418972376318177,0.1166782370122772,-0.1252093651426912,0.03470219505869099
0.5808166163232695,-0.41901526345409257,-0.4562160699375266,-0.2576477572357466,-0.6673653350304334
-1.2580381720486962,-0.4170493587462813,-0.5953039919229284,-0.45322750015288216,-0.8077788410482583
0.8189773837552438,-0.417061252074116,-0.5262867848591775,-0.4518332757480147,-0.8077788410482583
0.01350349953457186,-0.4207939855991691,-0.5029088790604529,-0.15936881633201763,2.2813182913438887
0.3867854433485935,-0.4610487242677152,0.16302065210958838,2.4652632484771884,-0.6673653350304334
0.4727130265939971,-0.4610487242677152,-0.2059317433546513,-0.0534445294075975,1.5792507612547646
-0.3918906682504646,-0.4610487242677152,-0.27871226299909374,0.007748478146660643,1.7196642672725895
-0.15942120383372815,2.822201059148865,0.9075639208656964,0.021501859994753365,-0.10571131095913389
1.9136908920896278,-0.3665681154368169,-0.5709208822895212,-2.9617050391064126,-0.38653832299478363
0.37034151236286755,-0.42083038229618475,-0.536599920923797,0.07332193574034833,-0.5269518290126085
0.1745338471360228,-0.4610487242677152,-0.5558598318870362,-0.10294333145877453,0.03470219505869099
-1.2189437247763495,-0.4610487242677152,-0.5465720427531721,-0.4884559896142468,-0.8077788410482583
0.37273439911106704,-0.4610487242677152,-0.23389042334740134,-0.09309854450479853,-0.6673653350304334
1.7476376672955265,-0.4610487242677152,1.0728863631391061,2.6488383048355875,-0.10571131095913389
-1.3696779472896277,-0.3349172097729371,-0.5714748455039466,-0.2412912491711576,2.8429723154151882
0.3192945822110661,1.9239377708150112,0.15027231443079142,-0.23913986133269396,-0.10571131095913389
0.08133866063870893,2.476549993078643,-0.13059252185764259,-0.1324628619712677,0.03470219505869099
0.13705630526388857,-0.4610487242677152,0.13250376400826247,0.04508492037563967,-0.24612481697695876
-1.2386540417119636,-0.4610487242677152,-0.5034888269020876,-0.46246655004252746,-0.8077788410482583
-1.6084533900823053,-0.4190048861027892,-0.5833633948683125,-0.21681499535202772,2.000491279308239
0.11221806232712939,-0.4610487242677152,-0.7016902847749353,0.27930313164032516,0.7367697251478154
0.5549087615333601,3.4442623580475953,-0.31944335953840225,-0.009706815591880393,-0.24612481697695876
2.3380112456760376,-0.34887949542258323,0.8819248385168174,2.4352581663852524,-0.38653832299478363
0.45490558815839904,-0.4610487242677152,2.3116878329716184,1.481060588329507,-0.24612481697695876
0.25404092710905885,-0.38070275500778744,-0.6413725484445614,0.28400071125604637,0.7367697251478154
-1.1853079630183916,-0.4016044339116121,-0.5405431245550469,-0.17420189881730613,2.421731797361714
0.341104624289854,-0.37896342271357714,2.538972696246532,0.560239281689785,-0.24612481697695876
-1.455111197909033,-0.3750721662078928,-0.6073719178482939,-0.4106108461516079,-0.8077788410482583
0.6012078408268563,-0.3884948825618733,0.37060402181656116,3.4202770480344564,-0.38653832299478363
0.054762161521271106,-0.4610487242677152,-0.5818839313077474,-0.19846203649158492,2.2813182913438887
0.17910472640432568,-0.4610487242677152,-0.5341746346971552,0.0532728508996651,-0.38653832299478363
-0.05552148059517472,2.422452087169838,0.1690254246099793,-0.09717376833790882,0.03470219505869099
0.2866410059918818,-0.4610487242677152,-0.38072028882200304,-0.24589692018926837,-0.6673653350304334
0.07012113219284812,-0.3725459734609323,2.7361216194427627,1.883083860737097,-0.24612481697695876
-0.036572385939221665,-0.4610487242677152,-0.3119024200161468,-0.5491071167816084,-0.5269518290126085
-1.3726730728273304,-0.4610487242677152,-0.3704750044711934,-0.18754717952168862,2.140904785326064
0.3250678978210174,2.1878558389913048,0.17163433305439454,-0.24513682787214616,0.17511570107651586
1.3674441573737808,-0.4610487242677152,1.1723542945670882,2.5210447023788976,-0.38653832299478363
-0.01905910987337747,-0.41806044523780417,2.7244247876293697,0.3238328005991663,-0.24612481697695876
0.49759715162721235,-0.378808471558108,-0.4595314407515037,-0.2626636885517381,-0.6673653350304334
-1.3229129295761173,-0.4610487242677152,-0.5300913390053043,-0.1693377522257636,2.000491279308239
0.3846604226424718,-0.4610487242677152,-0.21538044587586688,-0.0834622181567231,-0.5269518290126085
0.7550484842939997,-0.4199285979129118,-0.18765739737330617,-0.11601031433560187,2.000491279308239
-1.4944269130185392,-0.4180493443263138,-0.5320300248824231,-0.41512997257700757,-0.6673653350304334
-1.372807173502575,-0.375049964384912,-0.5595771128789347,-0.47585001021553935,-0.8077788410482583
-0.023688989391274166,-0.4190048861027892,-0.36401264210434,-0.3759034255951031,-0.6673653350304334
-1.2363425596885929,-0.4610487242677152,-0.49180259388047554,-0.45027524680442427,-0.6673653350304334
0.10253803296277238,1.027796413320579,0.585912918544982,-0.24834138968538536,0.17511570107651586
0.07261403341930282,-0.4610487242677152,-0.6287168365153922,0.2677128482442776,0.8771832311656402
-0.7642595548922023,-0.4610487242677152,3.063177656336073,1.2942700368986686,-0.38653832299478363
-1.1456896602925226,-0.4170493587462813,-0.6786149923247318,-0.40621960233286875,-0.6673653350304334
2.0260119993893126,-0.3914042461087655,1.1451705378905757,-2.1731074349780783,-0.6673653350304334
-0.4063514784940281,-0.4610487242677152,-0.539362770939913,0.0647119133188898,-0.38653832299478363
-0.041947487537805486,2.4976594946356236,0.0328928881613131,-0.11393834986347001,0.03470219505869099
-1.146826290124193,-0.4170493587462813,-0.42696595542572197,-0.49710486539392384,-0.8077788410482583
0.4930914157850268,-0.3787890409015555,-0.198920980234908,-0.4222190329170571,-0.5269518290126085
3.8461996287895888,-0.3107690530535442,1.67872899836344,-2.384962724925714,-0.5269518290126085
0.24165114123387074,-0.4610487242677152,-0.10043216732077433,-0.04500458181787312,0.17511570107651586
0.14180196507645748,-0.4610487242677152,-0.1489164007381638,-0.01749312597019368,-0.10571131095913389
-1.2502915178229912,-0.375049964384912,-0.5490728850444118,-0.4360123563013733,-0.8077788410482583
-0.2637175123159577,-0.378808471558108,-0.052912713786367915,-0.04593472701770442,1.2984237492191149
0.32468178848276646,-0.4199577026420658,-0.1753992826496127,-0.10650305074000264,-0.5269518290126085
-1.2968030693981905,-0.3750721662078928,-0.5061039744841801,-0.5004194695548911,-0.8077788410482583
1.9394106972397616,-0.4610487242677152,1.1153112498055506,-2.399097222136947,-0.6673653350304334
0.18225928784785947,-0.4610487242677152,-0.45419565941336787,-0.15113306626281314,2.8429723154151882
0.5045897637339375,-0.4610487242677152,-0.20752057224003734,-0.07451484475603856,-0.6673653350304334
0.10974246522637682,-0.4610487242677152,-0.5064120185214654,-0.16971294490941963,1.8600777732904143
0.08772344215236674,-0.4610487242677152,0.1897875442487988,-0.24124379546275826,-0.6673653350304334
0.2295173077333108,-0.4610487242677152,-0.3642910828826039,0.10490436862745481,1.2984237492191149
-1.0581099907740725,-0.4610487242677152,-0.5397696485067006,-0.1995244280094434,1.8600777732904143
0.7873458659764938,-0.41377894072027704,2.931052814733155,2.0256994067532617,-0.24612481697695876
1.1930553828803634,-0.4164544996574221,-0.3381558219825152,2.296342243855674,-0.38653832299478363
0.22713331024538638,-0.4610487242677152,0.26973583519323924,2.4590216115600225,-0.38653832299478363
-0.354590628957907,-0.4180493443263138,-0.44122250253078577,-0.346619731599453,-0.6673653350304334
-0.10748069537101165,2.3368200042158107,0.15369132220834983,-0.10646826227342897,-0.10571131095913389
-1.4024503809156261,-0.375049964384912,-0.5495102056328519,-0.5108081529646534,-0.6673653350304334
-1.1681613296991975,-0.4610487242677152,-0.5626738794367732,-0.4997630659320483,-0.6673653350304334
-1.2982206916630628,-0.35482485929005764,-0.6375554436985205,-0.4122415835993896,-0.8077788410482583
0.36958017889741,1.4442302474787465,0.12584866673829342,-0.26432705472897144,-0.10571131095913389
0.6051286360860092,-0.4610487242677152,-0.5300531484853301,-0.4191369396605626,-0.8077788410482583
0.189760077210529,-0.4610487242677152,-0.21646630154734117,-0.030953265955199052,-0.10571131095913389
0.15056062914029322,-0.4610487242677152,-0.3564160090724149,-0.43973748144711144,-0.6673653350304334
-1.7984988826724422,-0.4610487242677152,-0.39378863106914674,-0.166008612518281,2.140904785326064
0.20598085201919922,1.6483826658785212,0.2606207936229899,-0.26977220560365206,0.03470219505869099
-1.4614719816451482,-0.4207939855991691,-0.4944627182222508,-0.21493605784831157,2.5621453033795385
0.1770497439551896,2.3235872589164868,-0.0913132772355254,-0.09438943073216978,0.03470219505869099
-0.22014277243726108,-0.4208757396377513,-0.6934911112030281,0.23463043387881008,0.8771832311656402
-0.02351231890138558,-0.4610487242677152,-0.5236503913305437,-0.19286732118624397,1.7196642672725895
-0.12390401625046966,1.1410678322340135,-0.08105481265975824,-0.1964198640815597,0.17511570107651586
0.12385698456655288,-0.4144574550255223,0.25305194992320734,2.4615357611335225,-0.6673653350304334
0.41803994251608084,-0.4202643563427493,2.367958281738553,1.4976654746162603,-0.24612481697695876
0.19467298979970968,-0.4610487242677152,-0.6557518184735254,0.2621064037542034,0.8771832311656402
-0.04918302499788267,2.106485145921653,0.03773212704841931,-0.15456085264436337,0.03470219505869099
-0.9079670971590069,-0.3269386014514727,2.575232022436521,0.4521443249106641,-0.24612481697695876
-1.4514942090066023,-0.4170493587462813,-0.5081921764727307,-0.4783511964711298,-0.8077788410482583
0.13469275115110368,-0.4610487242677152,-0.6242998936953021,-0.1592163715239816,1.5792507612547646
0.2946081315098223,-0.38282527964924196,2.085118346103183,0.7501059742750865,-0.24612481697695876
0.2414428958507386,-0.41806044523780417,-0.49337363304215487,-0.45280639517081317,-0.6673653350304334
-1.2144534181274806,-0.3730737798805167,-0.5712853983264224,-0.45344874429282733,-0.8077788410482583
-1.4287985148223195,-0.4610487242677152,-0.6283884824927893,-0.45525530252970414,-0.8077788410482583
0.07777636056926839,2.991510828679025,-0.48258840627025473,-0.007045396475723204,-0.38653832299478363
1.205108020531816,2.1132537722533264,0.40291026654020584,-0.8863103283414524,-0.24612481697695876
0.6978888269957341,-0.4199285979129118,-0.06976862046254122,-0.11974383286096645,2.000491279308239
0.5353115091181367,-0.4610487242677152,-0.4374314315853172,-0.12105080427400015,2.140904785326064
0.3075363456995911,3.364139126649165,-0.48594856275955767,0.0276713434244887,-0.38653832299478363
0.4279264739124848,-0.4610487242677152,-0.476602201060394,-0.26715163445513546,-0.6673653350304334
-0.11069244005583104,1.6897303329675533,0.2575706871004258,-0.11536450573900142,0.03470219505869099
-1.2547707927610308,-0.4610487242677152,-0.42552453604448415,-0.4785138106717481,-0.6673653350304334
0.9601442984060516,-0.4610487242677152,-0.17364353592197798,2.3825909925249578,-0.38653832299478363
0.0620647758940221,-0.4610487242677152,-0.4414696005141029,0.0464128952748773,-0.38653832299478363
0.32821999386711953,-0.4239797127155563,-0.5541284131389916,1.234339713933201,-0.6673653350304334
-1.0925964227619456,-0.4610487242677152,-0.6159879288265427,-0.4646904925361012,-0.6673653350304334
0.5915898551164492,-0.4610487242677152,0.3456375974802137,-1.558595691758348,-0.6673653350304334
0.7391724793600853,-0.4208030940365905,-0.1532297031512005,-0.07931738167576624,2.000491279308239
0.4124707396116448,-0.4610487242677152,-0.1721951705338753,-0.05192201947488698,1.5792507612547646
0.14503650059611695,-0.37896342271357714,-0.5059044800408823,0.07282395891742684,-0.38653832299478363
-1.1635089183804832,-0.375049964384912,-0.5857159332817986,-0.453007038367363,-0.8077788410482583
0.28592523633274297,2.133190141447256,0.4957367561038731,-0.2016963881864814,-0.10571131095913389
0.2911758225156223,-0.378808471558108,-0.2561494858813786,-0.46329881159344344,-0.5269518290126085
0.15234901242515841,-0.42000607349064617,-0.5697377702114615,0.08945207521773628,-0.38653832299478363
0.5189009558145166,-0.4610487242677152,-0.17101514997026404,-0.018340147829399762,1.7196642672725895
-1.213437653697596,-0.4610487242677152,-0.6311169912620537,-0.2064070610907595,2.5621453033795385
-1.448555996539036,-0.3754031435357842,-0.2544109464516358,0.08145406287770288,0.4559427131121656
-0.36896681234701695,3.8510486868735847,0.43161065697745543,-0.25238116752708945,-0.24612481697695876
-1.125226146369376,-0.4610487242677152,-0.4788528888002676,-0.4417780196715483,-0.8077788410482583
-0.14164107626154174,2.401189092360773,0.15921354745738253,-0.10058291233529956,0.03470219505869099
-1.2310928957656697,-0.4610487242677152,-0.556064349940697,-0.4820328548204615,-0.6673653350304334
0.09647005565355633,-0.42323950520525144,-0.08787929208468746,-0.020484316792100284,-0.38653832299478363
0.19039424630819346,1.936942319197065,-0.019252236741315397,-0.12539000518767032,0.03470219505869099
-1.0943363497577225,-0.4610487242677152,-0.5115517011243021,-0.4911434504322818,-0.6673653350304334
-1.5844298346278063,-0.4610487242677152,-0.5135581971507621,-0.49344982438825735,-0.6673653350304334
-0.019421753957151,-0.4610487242677152,-0.21244880786401313,0.06543979966874737,-0.6673653350304334
-1.5964066051622214,-0.4610487242677152,-0.678517830764884,-0.1475876674474709,1.7196642672725895
0.4010374715122755,-0.4610487242677152,-0.4508675875090554,-0.41631045769666153,-0.5269518290126085
0.6693293871096959,-0.41806044523780417,-0.25484529763295655,-0.12774274719283438,2.140904785326064
0.19854675833354365,2.2762834479315623,-0.028222201591172,-0.23963015671118623,0.17511570107651586
-1.2069212402361469,-0.41806044523780417,-0.5787077503438206,-0.4350705893401848,-0.8077788410482583
0.07022749062098589,-0.4208030940365905,-0.5507014743857415,-0.10600912499830621,-0.5269518290126085
-1.5655320816351301,-0.4610487242677152,-0.5656826842091418,-0.17527460639393358,2.2813182913438887
1.2996118887543537,-0.4610487242677152,0.388621034085977,3.1292712782822605,-0.38653832299478363
0.22376241686396584,2.07217570073123,-0.008404564324957559,-0.15023484212228685,0.03470219505869099
0.47301347417971973,-0.4144574550255223,0.3525186719184201,2.3650902439341555,-0.38653832299478363
0.2938288207398256,-0.4181489441047613,-0.22968631921484775,-0.04471533615268776,-0.8077788410482583
-0.05201238808439612,-0.4610487242677152,-0.16940830822724418,0.027025819615258417,-0.38653832299478363
-1.1976086852013452,-0.4190048861027892,-0.5014253719990496,-0.4468162562391568,-0.8077788410482583
-0.6414449872105865,-0.4610487242677152,-0.4374268884654054,0.057970272934270824,-0.38653832299478363
-1.223062476683422,-0.4610487242677152,-0.49584561667892463,-0.516009085288247,-0.8077788410482583
0.4537414494196921,-0.3750721662078928,-0.4079266314290001,-0.3193182361014668,-0.5269518290126085
-1.2460206743210385,-0.4610487242677152,-0.43778484027548126,-0.4755911792105519,-0.8077788410482583
0.012610314982559863,2.4398761737753922,0.9156411940120979,0.032308727847232,-0.10571131095913389
0.32576684686130525,-0.4610487242677152,-0.5390550157314481,-0.1373630091546209,2.140904785326064
-1.3353067496832007,-0.4170493587462813,-0.625212998384965,-0.4377160328197094,-0.8077788410482583
0.9652368606858456,1.837729750046397,0.20426188862079192,-0.7592306547882082,-0.24612481697695876
0.3108319210656889,2.9751762110699604,0.8962820411301995,-0.04917965565865786,-0.10571131095913389
-0.06701597082140376,-0.4610487242677152,-0.3714376443830343,-0.19415539727023728,2.7025588093973636
0.5143417865193549,1.784702525430848,0.1024639264233185,-0.31225387469882065,-0.10571131095913389
0.5924613346689601,-0.37304999322484694,-0.3956832838691068,-0.47217540493419713,-0.8077788410482583
0.34744966749907075,-0.4153893745532582,0.1931332939625716,2.3262818325463788,-0.6673653350304334
0.3972268651390599,-0.4190048861027892,-0.5783724763978637,-0.20975565706232185,2.000491279308239
5.0653318013690605,-0.4610487242677152,2.1370477147545883,-2.4534362649207866,-0.6673653350304334
0.31297196681603945,1.9171512655936356,0.08209730100723936,-0.19604983290261147,0.17511570107651586
-0.7848932808818916,-0.31342295272717313,-4.283570098722628,1.1037590137028417,-0.38653832299478363
2.174729003034531,-0.4610487242677152,1.8277109981136543,-2.32185828912056,-0.6673653350304334
0.4835821510821235,-0.4199188825846354,-0.4546869829797636,-0.3715922125122036,-0.6673653350304334
0.31345330704276664,-0.4190048861027892,-0.5255193181138954,-0.11990233976983415,2.421731797361714
-1.6529900109559812,-0.4028960838902565,-0.0981135434379984,-0.06417600002773462,1.7196642672725895
0.020946545610973023,3.206807126732825,0.8296905712728325,-0.059408891816373655,-0.24612481697695876
0.49978955620695303,-0.4610487242677152,-0.7553154854190709,0.22430363705601392,1.017596737183465
-1.350293515437922,-0.4610487242677152,-0.6055530848978221,-0.47503452112044353,-0.8077788410482583
-1.1184964551783247,-0.41806044523780417,-0.516580580915401,-0.4257382398322079,-0.8077788410482583
0.0998143092214511,2.015185642272599,0.022717096917318817,-0.17789724928504627,0.17511570107651586
2.2590537080218316,-0.37442124445419034,1.3453157121019041,2.5669198237121393,-0.10571131095913389
0.1086839522713782,2.5424200545032822,0.9823039525096052,-0.09431759130736804,-0.10571131095913389
-0.21935607647156347,-0.4167973488643238,0.2782557361956204,2.3771000365653734,-0.38653832299478363
0.45790140392199813,-0.39736073870257027,-0.388873403921006,-0.3352786589043503,-0.5269518290126085
0.17075944950835018,-0.4031010157165555,-0.6920755077778584,0.31916901161769057,0.7367697251478154
0.1468400310937841,-0.4199188825846354,-0.4503261719659672,-0.20392391880408298,2.7025588093973636
-0.09700035971535755,-0.3108661001298192,2.975825251695704,0.6106933022491233,-0.24612481697695876
-1.1681613296991975,-0.3709547853428737,-0.5348860682048305,-0.48878269943045816,-0.8077788410482583
0.6489112569851747,-0.4610487242677152,-0.5132631018570839,-0.4464591272036724,-0.8077788410482583
-1.2696631542858805,-0.4610487242677152,-0.49968246368783636,-0.48120330524059807,-0.8077788410482583
0.437269109786661,-0.3232455593075466,0.273207595354485,-1.946801747163646,-0.6673653350304334
-1.1013813570433062,-0.35723903803955004,-0.6722587343261338,-0.45996574037849874,-0.8077788410482583
0.023986423294297943,-0.33777565939076654,2.9950609063382596,0.6589253950589112,-0.38653832299478363
-1.2987558594369497,-0.31082549376862334,-0.49539402743234767,-0.4385201197403912,-0.6673653350304334
-0.1184026843831782,-0.34120996995602887,3.493051867688544,2.1611464355476526,-0.38653832299478363
-0.6678397426427215,-0.3949781710368758,3.283925161863038,2.3237473873083343,-0.38653832299478363
-0.051057321938753675,-0.37696104793786317,-0.5342340218405567,-0.17508482665513997,2.421731797361714
0.5487713237206507,-0.4126002675363488,-0.43066968066585826,-0.8301248154187275,-0.6673653350304334
0.324238296713025,2.1150040573317024,0.20267970279620254,-0.22641417049386944,0.03470219505869099
0.5162828110881611,-0.4610487242677152,-0.5438350462160664,-0.1794923565847671,2.5621453033795385
0.45426139019750666,-0.4190048861027892,-0.378347239611481,-0.3853034875384303,-0.6673653350304334
-0.007129216553014418,1.9357342975204335,-0.13914010625842335,-0.14784791203324862,0.03470219505869099
-1.2892925835792552,-0.4160017548052944,-0.5104024901630949,-0.4849031349555873,-0.8077788410482583
-1.4937081309191496,-0.4610487242677152,-0.5674175119761704,-0.19464190392727407,1.4388372552369397
0.12870129745938041,2.8201038504533997,0.9207545491693544,0.018406711793008505,-0.10571131095913389
0.4143923036879543,1.9489124024983393,0.12320105296402299,-0.37701316055274986,0.17511570107651586
-1.2150752783545533,-0.4610487242677152,-0.649095439223705,-0.44323322323361636,-0.6673653350304334
0.18818019007227624,-0.4610487242677152,-0.6055909194015593,0.058776557057422935,-0.38653832299478363
0.39934276567418886,-0.4610487242677152,-0.5017454189103404,-0.24538292213764865,-0.6673653350304334
0.40174615612010317,-0.4610487242677152,-0.17725699902095396,-0.03385640518479396,1.7196642672725895
-0.9581049376177596,-0.4199188825846354,-0.5538132584105303,-0.18544358660832658,1.5792507612547646
0.3184337025884659,-0.4610487242677152,-0.3874634947910661,-0.2611330955356338,-0.6673653350304334
0.6050892458158369,-0.4610487242677152,-0.11860857934038534,-0.10172040837112317,1.5792507612547646
-1.4830439682070027,-0.4190048861027892,-0.519233033424836,-0.2279038419349442,2.8429723154151882
0.1851949658941321,2.3558406472733613,-0.10479643837498302,-0.1278302486556635,0.03470219505869099
-1.2751065871260314,-0.4170493587462813,-0.6310402089365444,-0.4357955238711445,-0.8077788410482583
-0.4609681331214722,-0.4610487242677152,-0.6298817693603687,-0.14364744554041944,2.000491279308239
0.3603399453929968,-0.4180493443263138,-0.4129982048912786,-0.38941726126162163,-0.6673653350304334
0.2836284788144991,-0.4207939855991691,-0.5199709933690039,-0.12869833469147196,-0.24612481697695876
0.280948351453434,-0.4031010157165555,-0.09491120888104525,-0.10068886355569598,-0.6673653350304334
0.22214326421658545,-0.41901526345409257,-0.5582014739319979,-0.18321287963586466,1.4388372552369397
3.264291120714461,-0.29896231026754533,1.7130475697657137,-2.5277150969677984,-0.6673653350304334
0.417693664050935,-0.4208030940365905,-0.17758881171346047,-0.11397516293660874,1.4388372552369397
0.09172006728841826,2.3759550928074855,0.920260309493852,0.028156744169017152,-0.10571131095913389
0.1246926594289067,-0.4610487242677152,-0.43937961441109785,-0.16261921852427827,2.7025588093973636
-0.3252289693293811,-0.40920899114213416,3.466524118299988,1.974102816883277,-0.38653832299478363
0.30581590009713455,-0.4610487242677152,-0.45066630977308114,-0.0928679637706372,-0.5269518290126085
0.8186467193174007,-0.4610487242677152,-0.1573845762696854,-0.04044544954382429,2.000491279308239
-1.2386948517778362,-0.41806044523780417,-0.52895675853043,-0.4605290473979207,-0.8077788410482583
0.3175383051972832,-0.4610487242677152,-0.325021806287441,-0.3785317763566747,-0.5269518290126085
-1.2690488015733228,-0.4610487242677152,-0.5580621400276672,-0.45650625996072913,-0.6673653350304334
-1.292137938869559,-0.375049964384912,-0.5907566138441743,-0.44293331261244584,-0.6673653350304334
-1.3740207726608789,-0.4610487242677152,-0.538664110278628,-0.44686889842390487,-0.8077788410482583
0.38193964013610343,-0.41901526345409257,-0.40884280747526724,-0.34264750626412577,-0.5269518290126085
-1.3278615127218367,-0.4610487242677152,-0.5445541789110824,-0.4474680924176303,-0.8077788410482583
0.07688689666971019,-0.4610487242677152,0.3248967425510445,-0.3353161436412695,0.03470219505869099
-1.6640646209204966,-0.4610487242677152,-0.18064833439840838,-0.018719376436803978,2.000491279308239
1.171387187206374,-0.3442179859963787,0.4064677072914084,2.661572983198409,-0.5269518290126085
-0.0813293353291101,2.7756104750775408,0.8798369633620553,0.010426317529528752,-0.24612481697695876
-0.08718737441451518,-0.38536981557084826,-0.35426298938255,0.40032233074633267,-0.6673653350304334
0.14561001777905072,2.4808376154541794,0.8932384147651902,-0.0032975796279370705,-0.10571131095913389
1.9746305623805402,-0.4043631861075619,0.6580467087850166,2.5228060980345073,-0.38653832299478363
-0.5130119707454239,3.241832511991949,0.569903379428698,-0.1411431349843173,-0.24612481697695876
0.17688238328613284,2.3973413073206484,-0.027088603674792208,-0.272887329663276,0.17511570107651586
-1.2109188906105552,-0.4610487242677152,-0.5128531229576906,-0.44797778585243825,-0.6673653350304334
-1.160136495533403,-0.39882422481149193,-0.5068494787010256,-0.4344694575285008,-0.8077788410482583
0.6602913907969927,-0.4610487242677152,-3.8662954840531962,-0.8999819988176733,-0.38653832299478363
0.7849357757906178,-0.4610487242677152,-0.20287034876565857,-0.04828623047670466,2.000491279308239
0.2378442867246491,-0.4610487242677152,-0.6789002341538521,0.269455478592431,0.7367697251478154
-0.6269941999002822,-0.4199285979129118,2.98574203206439,0.6073299555982073,-0.38653832299478363
-0.7795071559415833,-0.3805392469306229,-0.522625096780328,-0.21926063584281524,1.5792507612547646
-0.8054271220247468,-0.378808471558108,-0.28098994353455997,-0.1693658712397844,2.2813182913438887
1.618594628973381,-0.4610487242677152,0.6451916565004361,2.631146755761581,-0.5269518290126085
-0.15403146918505486,-0.4610487242677152,-0.3863756874259275,-0.19539630066055763,2.5621453033795385
-1.2267046462437619,-0.4170493587462813,-0.5600157380811506,-0.459983819107383,-0.8077788410482583
-1.2188807592087287,-0.4610487242677152,-0.4111543196782676,-0.42108084168542625,-0.8077788410482583
0.22830895996636366,-0.4610487242677152,-0.4021093046843463,0.5545266365432513,-0.6673653350304334
0.49908468062777617,-0.4610487242677152,-0.500174706070485,-0.7182168985968974,-0.6673653350304334
-1.0922576615853605,-0.4180493443263138,-0.5316686746700371,-0.4179513895640357,-0.6673653350304334
0.6306640257630245,-0.4208030940365905,-0.2281896964476382,-0.16309102293059594,-0.5269518290126085
-1.1589662709949098,-0.4610487242677152,-0.6208032910514408,-0.4856719007224402,-0.6673653350304334
0.14544313353065624,-0.4610487242677152,-0.3527951970842965,0.017497518203579084,1.2984237492191149
0.05018885328989855,-0.4610487242677152,-0.36075336668361974,-0.4288170141909613,-0.6673653350304334
0.26540617229534735,2.122172687097319,0.7904288236995932,-0.15689207887532455,-0.10571131095913389
0.5244672851035664,-0.4190048861027892,-0.5311719754390797,-0.21319881977026342,-0.6673653350304334
2.4177743089925974,-0.4610487242677152,1.8085416157251581,-2.530627865492747,-0.6673653350304334
0.38898411740243,-0.3787890409015555,-0.4695044575055246,-0.06426156053823287,0.5963562191299905
-1.1052378503511782,-0.4610487242677152,-0.5852522300403677,-0.21287498458847307,2.7025588093973636
0.7182346698982794,-0.4610487242677152,-0.29951842821433167,-0.13326544838059134,2.140904785326064
0.13098537199017038,-0.4207939855991691,-0.5210008520404674,-0.10701790655069611,0.17511570107651586
0.6026795546594163,-0.379725251738338,2.3185217007523047,1.4374543678182055,-0.24612481697695876
0.06022415331088163,2.1381231286829183,0.16055616956986984,-0.21521311657476172,0.17511570107651586
0.48761206404570084,-0.4610487242677152,2.1631008841337,1.3622641584848814,-0.24612481697695876
-0.6900861606696821,-0.41901526345409257,-0.29494087574418765,-0.15044964769737146,2.140904785326064
0.2220366569745079,0.7636102734101935,0.0391418293466426,-0.20899900851771727,0.03470219505869099
-1.1464076741468123,-0.4180493443263138,-0.46968707537371135,-0.48083632174524193,-0.6673653350304334
-1.323582883824593,-0.4610487242677152,-0.6290963729642804,-0.4297673245610154,-0.6673653350304334
0.19408716871092188,-0.4610487242677152,-0.17944235350424637,0.053053004398544504,-0.38653832299478363
-1.5018795502562519,-0.37304999322484694,-0.5332356845840576,-0.4160661486896444,-0.6673653350304334
0.45783632049211376,-0.4610487242677152,-0.4823679401267549,-0.11929253375175035,1.2984237492191149
0.09211802207164563,-0.34290294205743993,0.2578699719412641,-0.012483959880722645,-0.24612481697695876
-1.4287200321708966,-0.4610487242677152,-0.5383095313889465,-0.436267513751524,-0.8077788410482583
0.3118893112358078,-0.4610487242677152,-0.4073094865997794,-0.32525291283498237,-0.5269518290126085
-0.012758761580247148,-0.4180936964577055,2.819286513102597,0.23801335375001847,-0.24612481697695876
0.050388703534796526,-0.4075463541395552,0.0205002736120351,0.06567183945731565,-0.24612481697695876
0.3322445203680206,-0.417061252074116,-0.23227410187538824,-0.5332361484907114,-0.5269518290126085
0.5962214957870081,-0.4199285979129118,-0.10717587840194621,-0.1855030867646767,-0.5269518290126085
0.12017546466457255,-0.4190048861027892,-0.42059502377939423,-0.1741949012577839,2.8429723154151882
-0.31076269665993317,2.4857305571316273,0.13011555979886558,-0.1395927277882534,0.03470219505869099
0.30176050225648804,-0.4610487242677152,-0.532486408980229,-0.09987618043583163,-0.5269518290126085
-1.1576539220161488,-0.37304999322484694,-0.5109611978374142,-0.4716533404049906,-0.8077788410482583
0.4546255361700088,-0.4199577026420658,-0.02455232094302839,-0.09297223546418788,-0.6673653350304334
-1.2369721742594206,-0.4610487242677152,-0.5405927021532672,-0.5104888740050789,-0.6673653350304334
0.42159666357702563,-0.35954591995573126,-0.2928662029703783,-0.1267163827842897,2.140904785326064
-1.278493429756786,-0.35723903803955004,-0.6638296942289066,-0.4450495481309254,-0.8077788410482583
0.4170018904061279,-0.4199188825846354,-0.4968290229997706,-0.19238181680282004,2.140904785326064
0.12341061295888636,-0.4610487242677152,-0.04295837933391158,-0.08062918276066611,0.31552920709434074
-0.10662653776874925,-0.3442179859963787,3.6425981953189286,1.9716708531047435,-0.38653832299478363
0.7719850378797445,-0.4610487242677152,-0.33840027683369117,-0.14287861625493983,2.2813182913438887
0.4586590880923571,-0.4199188825846354,-0.394083644467659,-0.14593071131678273,2.2813182913438887
0.47267533079677204,2.2146851284416376,0.05273787721267637,-0.26814503496370884,-0.10571131095913389
-1.277484121249995,-0.3709547853428737,-0.641354838698791,-0.4587728889920957,-0.8077788410482583
0.721447606181702,-0.42083038229618475,-0.1061883141917184,-0.15474979358601404,-0.5269518290126085
-1.2696631542858805,-0.37304999322484694,-0.4973602612836589,-0.47679620999005334,-0.8077788410482583
-1.2038083046864498,-0.4610487242677152,-0.6096334646525092,-0.48694259305119125,-0.6673653350304334
0.099427560679712,2.0330626979548385,0.0501379602449952,-0.23262288541699352,0.17511570107651586
0.40060750625934166,3.452752090552307,-0.2749707467380671,0.005456284152904057,-0.38653832299478363
0.6690292703042819,-0.4180493443263138,-0.5588463855674648,-0.448183338969361,-0.8077788410482583
0.11916221539251191,-0.4610487242677152,-0.5463901489764279,-0.4047338848186161,-0.6673653350304334
0.5430743325361239,-0.41806044523780417,-0.46874657982944007,-0.4650488570659551,-0.8077788410482583
0.34247986450653867,-0.4610487242677152,-0.1362334469739734,-0.44772764571990725,-0.5269518290126085
0.09966514191452255,1.074828008919444,0.3955441586795436,-0.30228540951563726,0.03470219505869099
0.19874758194146866,0.16356849232774962,-0.2843252924299595,-0.7485591293116467,-0.5269518290126085
-0.03794293909953321,-0.40531803652609133,0.006115460644612865,0.09861921072222231,-0.24612481697695876
0.3567833028858861,-0.4610487242677152,-0.30046715066227475,0.03721704455306232,2.000491279308239
0.33160238425332444,3.45886318351834,0.22877478760315703,-0.05540248786648976,-0.24612481697695876
-0.8855856079335916,-0.4199285979129118,-0.5554415559313157,-0.25430372554312003,2.5621453033795385
-1.3621306542669638,-0.375049964384912,-0.6025601968099191,-0.45947851937358564,-0.6673653350304334
-1.272863454315061,-0.4610487242677152,-0.5191437333486685,-0.4783941963842578,-0.6673653350304334
0.7748344595372718,-0.3157033540736153,2.9713208361665897,2.081752229296142,-0.24612481697695876
0.516888551199558,-0.4610487242677152,2.68371301927426,2.8264618693110433,-0.10571131095913389
-1.1805773334578182,-0.37304999322484694,-0.4748988353287155,-0.4729548306612374,-0.8077788410482583
0.8509588535305972,-0.32890761780603606,2.7318675154701255,2.4844949557749882,-0.38653832299478363
-0.20021431590006467,1.5847022566629407,0.24804704305514047,-0.10938886469178738,0.03470219505869099
0.20495796746458822,-0.421641177045423,0.16518819458226722,0.04771779757729342,-0.24612481697695876
-1.4261369716586005,-0.4170493587462813,-0.506938281324305,-0.49553376436615443,-0.8077788410482583
0.2940204500946288,-0.4610487242677152,-0.3913011879472355,-0.4038183371251192,-0.5269518290126085
0.7992146017326698,-0.36647963662033284,-0.1225834974330779,-1.05685046243587,-0.5269518290126085
0.8061375498429134,-0.4126002675363488,3.010191065498649,1.9266466254819603,-0.24612481697695876
0.35492480793746095,-0.4610487242677152,0.03475527619639928,2.43512538013129,-0.6673653350304334
0.11372647756153717,-0.378808471558108,-0.135204969330804,-0.4047340979910314,-0.5269518290126085
0.20262927216100005,-0.4610487242677152,-0.4528788376347229,-0.41795018878451684,-0.5269518290126085
-1.0711757578979129,1.6966474636223934,0.1254020607465946,-0.2772783358240434,-0.10571131095913389
-0.5854595150975166,-0.4153893745532582,0.15733750197572144,2.3790531788739733,-0.6673653350304334
0.2655176107595113,-0.4610487242677152,-0.5319976617462697,0.08051003099233266,-0.38653832299478363
0.19694487800460433,2.8676061412765277,-0.49508971547218295,-0.023394972949477188,-0.38653832299478363
0.582273638163921,-0.4610487242677152,0.7902943157172921,2.811111249778331,-0.10571131095913389
-1.0777508279380552,-0.4610487242677152,-0.5563003613320429,-0.5070654279900757,-0.8077788410482583
2.33703558992139,-0.4610487242677152,2.0180521119837422,-2.4380211742019746,-0.6673653350304334
0.2940204500946288,-0.4610487242677152,-0.3599525283390551,-0.3500534710425352,-0.5269518290126085
0.06913677621572012,-0.4199188825846354,-0.5838532253343246,-0.2273275953654468,2.5621453033795385
-0.07052765623710737,-0.3379207719365081,-0.42306023899735956,0.05386936962513735,-0.24612481697695876
1.9355757110458307,-0.4610487242677152,0.5942247635899858,2.494108662413182,-0.38653832299478363
3.2919024150204406,-0.38590888866062967,1.8206108614513121,-2.3693876491345685,-0.6673653350304334
0.17222468268528485,-0.4610487242677152,-0.5040462186926462,-0.1488488575387244,2.5621453033795385
0.5060640125633362,3.7119111246271492,-0.28515935248977137,-0.049218511790789975,-0.24612481697695876
0.8279543049397471,-0.4610487242677152,-0.25272803065918414,-0.06346327505604321,2.140904785326064
0.2908356509537214,-0.4610487242677152,-0.17284368670894423,-0.1012266979976342,-0.6673653350304334
0.302907655856562,-0.4610487242677152,-0.4653189184240435,-0.4032973763976745,-0.6673653350304334
-0.500256746726782,2.424113887794637,-0.10057749405732153,-0.15036645909131996,0.03470219505869099
-1.2188807592087287,-0.4170493587462813,-0.5976821874316324,-0.4753663987416584,-0.6673653350304334
0.26993910857141856,-0.4610487242677152,-0.5147545021526412,-0.09767951659773574,-0.5269518290126085
0.14192648622483417,-0.4180493443263138,-0.4539017181542376,-0.4984676976608214,-0.6673653350304334
-1.5220707108959484,-0.4610487242677152,-0.5959500392019649,-0.20331633476193253,1.5792507612547646
1.8837808867983108,-0.3163905512891302,0.5203800405814965,2.542166134503975,-0.5269518290126085
-0.9964311588414884,-0.4610487242677152,-0.6978048628542551,0.20589160373912968,1.017596737183465
0.27457314281644407,-0.41901526345409257,-0.17280510135688107,-0.48680331058283743,-0.5269518290126085
0.4819166760205822,-0.4199188825846354,-0.4564317229826116,-0.24123551427653347,-0.6673653350304334
-1.3703109741163328,-0.3787890409015555,-0.5607821123651483,-0.19132904528853795,2.000491279308239
-0.3184026048705251,-0.37704397466053147,2.892424680363222,0.6329546007469008,-0.38653832299478363
0.22889390640565524,-0.4610487242677152,-0.17262806448386692,-0.5901001777152273,-0.5269518290126085
0.2250306862602158,-0.35933564084427977,-1.5261500199538733,-3.22322356780324,-0.38653832299478363
0.4925807232397195,-0.41909800656742685,-0.076777740296048,-0.14302205873841362,-0.6673653350304334
-0.9172628527438301,-0.4199285979129118,-0.582962320947678,-0.19004568288136084,2.7025588093973636
0.14504129764647394,-0.4610487242677152,-0.484073171134908,-0.12152612675426525,-0.38653832299478363
0.41443862152824595,-0.4610487242677152,-0.4510199923777067,-0.24580627897104138,-0.6673653350304334
-1.1647571624683364,-0.4180493443263138,-0.5409879868855556,-0.462444824155616,-0.6673653350304334
2.4558228068431993,-0.24242052588876264,0.689218475389755,-2.299695251170607,-0.6673653350304334
0.20262927216100005,-0.4610487242677152,-0.4130328988942061,-0.37362704857145207,-0.5269518290126085
0.052580830593108675,-0.4199577026420658,-0.4808808477736212,0.054320431328202176,-0.38653832299478363
-1.12516505099265,-0.40023841798095144,-0.6094371239814895,-0.4180172909230443,-0.6673653350304334
0.27139989883090854,-0.4190463494641235,-0.1854735275285861,0.04838766479681344,-0.38653832299478363
1.544851009946887,-0.4610487242677152,0.49794977030489423,2.5307035613488096,-0.38653832299478363
0.14015435808331872,-0.4610487242677152,-0.48774689905287827,-0.44276346736918526,-0.6673653350304334
0.2567221518638924,-0.4610487242677152,-0.5258896452467429,-0.1496288513565201,1.4388372552369397
-0.5635647317766231,-0.38082924148784136,2.91661241599267,0.9377294761374291,-0.38653832299478363
2.9763343007663146,-0.2277699252025995,1.611362428146207,-2.3268571321838554,-0.5269518290126085
0.24888399425365706,-0.41909800656742685,-0.22177288554006194,-0.005811545378964375,-0.8077788410482583
0.1124464963321714,0.6566465305099785,0.17133608539952544,-0.19023295662850298,0.03470219505869099
0.2758234569476613,0.9624016905461931,0.5765109012735602,-0.2469016122807491,0.17511570107651586
0.13104036900826746,-0.4610487242677152,-0.5397269570486452,-0.12523645042404563,0.7367697251478154
-0.27666541668116296,-0.4610487242677152,-0.6980836215220669,0.25122608414821734,1.017596737183465
-1.3363767198255774,-0.3730737798805167,-0.5288419001790676,-0.4752488062384567,-0.8077788410482583
0.2850632017289007,-0.4610487242677152,-0.40286118113524105,-0.15168421661447995,2.421731797361714
0.27115229925351503,2.3368200042158107,-0.04469228350849511,-0.09560499031553533,0.03470219505869099
-0.08470320087016056,-0.2735111097838449,2.8437579629515994,2.727234151033185,-0.10571131095913389
-1.166496230668591,-0.375049964384912,-0.5935253060441923,-0.45415262797820755,-0.8077788410482583
0.19311720003816674,-0.4610487242677152,-0.20218826752992805,-0.5280630182964918,-0.5269518290126085
0.3174253783834088,-0.4610487242677152,-0.27844493617725635,-0.05009732302441204,2.000491279308239
0.25806687813826856,-0.4610487242677152,-0.14135568765418205,-0.020726164463813968,1.4388372552369397
0.1052887363105255,-0.4190463494641235,-0.5185919579350794,0.10020661104353742,-0.38653832299478363
0.4882529568177175,-0.4610487242677152,-0.4694331743786713,-0.4149008576381513,-0.6673653350304334
-0.5879580874980411,-0.4610487242677152,-0.4138211095570856,-0.5401604853735583,-0.5269518290126085
0.3905956004949204,-0.375049964384912,-0.41957781477098544,-0.34635172905829587,-0.6673653350304334
0.4835821510821235,-0.4610487242677152,-0.3933125875299566,-0.40568513834536385,-0.6673653350304334
-1.3525674257169102,-0.375049964384912,-0.6620552141492249,-0.4590413297069089,-0.6673653350304334
-1.2337935544413028,-0.375049964384912,-0.5747281086841362,-0.4705018372131556,-0.8077788410482583
-0.10984163777630512,-0.4610487242677152,-0.48628794172937245,0.9097560823726969,-0.6673653350304334
0.8473783687068738,-0.3959628841487944,0.386568574072975,3.455528405652448,-0.38653832299478363
0.20452588759311474,-0.3750721662078928,-0.44665530826740363,-0.4100596196936262,-0.6673653350304334
0.28105675369182676,-0.4610487242677152,-0.32703792493712597,-0.26946865841680373,-0.6673653350304334
0.15097511289284163,2.022152352065241,0.8149387781866958,-0.16767052399560656,-0.10571131095913389
1.7619865470727167,-0.3207552009416565,0.6785683749521126,2.5162871508172615,-0.38653832299478363
0.19870088745386127,-0.4132996404170453,0.18410672598929198,2.4751659342240155,-0.6673653350304334
-1.207737686685926,-0.3522957196477325,-0.5066771343986236,-0.4909862020386944,-0.8077788410482583
-0.06690782943778684,2.080926862182932,0.39193024465435605,-0.1486747632044097,0.17511570107651586
-0.0400571413344596,1.9652620385834298,0.0771888618638936,-0.2252896044729053,0.17511570107651586
-0.07617727863751271,-0.40023841798095144,3.0412313294331046,0.5649139110690491,-0.24612481697695876
0.49426953746498997,-0.4610487242677152,-2.9418298276554835,-2.2004160028600666,-0.38653832299478363
0.33446646599348073,-0.4610487242677152,-0.4659119434817892,-0.28436169583858706,-0.6673653350304334
0.12478168717125857,-0.42166679686429026,-0.029016739732046392,-0.054537924965506836,-0.24612481697695876
0.24074822748961372,-0.4610487242677152,0.24643211041165142,2.5101801688958965,-0.6673653350304334
0.19637561578950954,-0.4610487242677152,-0.22203165491009347,-0.08059846086737704,0.03470219505869099
0.12613162328706676,-0.4610487242677152,0.24948652548712372,-0.041785220871258674,-0.10571131095913389
0.48432118784104217,-0.4610487242677152,-0.4210691725758998,-0.43777102074541985,-0.6673653350304334
-1.4385144485824184,-0.4610487242677152,-0.5333395231880033,-0.45342171772904233,-0.8077788410482583
6.315143017935578,-0.3713606159598796,1.6840669387516691,-2.486169372865252,-0.5269518290126085
-1.0622335627662907,-0.4610487242677152,-0.5616718613832603,-0.42211909632702,-0.8077788410482583
0.19677386759372698,-0.4610487242677152,-0.2736067870062855,0.08067707041146871,-0.8077788410482583
0.44124060791881836,-0.4610487242677152,-0.43260410409749805,-0.4015290181386136,-0.6673653350304334
-1.3471610562105678,-0.4610487242677152,-0.5174462786034042,-0.4644698916717331,-0.8077788410482583
1.7613353528291464,-0.3181310776508246,1.3591852662000536,2.5880639354958492,-0.38653832299478363
-1.259553248905851,-0.4170493587462813,-0.4457589959001892,-0.4757905918119389,-0.6673653350304334
0.2113817431586939,-0.3790982889262216,-0.49551379929732914,0.0570353415045293,-0.38653832299478363
-0.03350647312246026,-0.3163905512891302,3.486460975223205,1.918953148988435,-0.38653832299478363
0.5241889484592389,-0.4610487242677152,0.4444322062451758,2.6088129259435235,-0.5269518290126085
0.21838829039080832,-0.4610487242677152,-0.49667171994465514,0.08789510927592997,-0.38653832299478363
-1.3902964493642889,-0.4180493443263138,-0.5576930369011573,-0.43906607458400143,-0.8077788410482583
0.3972070780307633,-0.3787890409015555,-0.4850529312460017,-0.18869193809736468,2.7025588093973636
-1.6626978831647607,-0.41901526345409257,-0.5440694297979398,-0.20512287420000513,2.7025588093973636
-0.5106857473525236,-0.41411465749663123,3.3776164385915135,1.8190660698400891,-0.38653832299478363
0.22919442567111672,-0.4199188825846354,-0.423236996384503,-0.16319380742482711,2.421731797361714
0.2604236102144643,-0.4180493443263138,-0.4235362041434641,-0.39797179788290693,-0.6673653350304334
-0.058555960122305274,-0.4199188825846354,-0.4980444454770882,-0.17494601501886806,2.7025588093973636
0.29931618996233617,-0.40535426842139916,0.04258907763118707,0.004942817091287226,-0.24612481697695876
-1.4010807857492793,-0.3320505844435106,-0.476246510322091,-0.4128957810175682,-0.6673653350304334
-0.3164452716252434,-0.3750721662078928,-0.4656295336685086,-0.3635795804400683,-0.5269518290126085
0.4008949950026586,-0.4199285979129118,-0.5520267519184495,-0.13349399877966706,1.7196642672725895
0.06149769760977358,2.267415509075079,0.4535094583848271,-0.1942252597849607,0.03470219505869099
0.43921991008330885,-0.4190048861027892,-0.4359819036967054,-0.4194658139710011,-0.6673653350304334
0.3994882433009585,-0.4610487242677152,-0.5555534656047326,-0.11789290029419304,1.2984237492191149
-0.12980873600671633,-0.4028823443412456,-0.4935390520058182,-0.13689235654536616,2.8429723154151882
0.010440371078213866,-0.4068149810649696,-4.395133950589137,0.8219437346624827,-0.38653832299478363
0.3713169753402497,-0.4610487242677152,-0.4439989904594207,-0.2888158763986576,-0.5269518290126085
0.2604236102144643,-0.4207939855991691,-0.5299120802399905,-0.19006737199638296,2.2813182913438887
-0.14485835950100906,2.174146953396056,0.08250996340191426,-0.09115612341068606,0.03470219505869099
0.279986099615797,-0.4170493587462813,-0.5720971243629359,-0.4008840521696296,-0.8077788410482583
0.012487582880227707,-0.4180936964577055,2.9091820290809474,0.3581596358000907,-0.24612481697695876
0.5550870609855751,-0.3750721662078928,-0.42184908759046563,-0.3953294937034872,-0.5269518290126085
0.09737090691739109,2.042033680337332,0.08264599631119293,-0.19794683358106174,0.17511570107651586
-1.3079652380255444,-0.417061252074116,-0.534353805011734,-0.4740864030916588,-0.8077788410482583
-1.351237147283761,-0.4610487242677152,-0.5322060579473817,-0.45943998782662476,-0.8077788410482583
0.016949693611180396,-0.40151621577201985,3.354789914236734,2.0444235009299354,-0.38653832299478363
-1.939640537209133,2.4572180016938314,0.12314981452551681,-0.11120306274763174,0.03470219505869099
-0.06251273925222092,-0.4610487242677152,-0.4997635590727103,0.8123342849934103,-0.6673653350304334
0.4209325502762357,3.3581652850983037,-0.15803533663813168,-0.05893564113546757,-0.24612481697695876
0.3230077825951389,-0.4610487242677152,-0.0725530542233607,-0.11825491974922439,-0.6673653350304334
0.4058352206683358,-0.4610487242677152,-0.31758439925162896,-0.03650072138017626,-0.5269518290126085
-0.39042977210317203,2.2467379109068104,0.45550743132732635,-0.17288413978509495,0.17511570107651586
0.4191696700963851,-0.41901526345409257,-0.4895931920475273,-0.2368614131577931,-0.6673653350304334
-1.3348080180195667,-0.417061252074116,-0.4245446706828353,-0.4347069403399197,-0.8077788410482583
-0.40135407868909584,-0.31356007612488235,-4.013453611807786,0.6427618594706263,-0.38653832299478363
-0.09958750647386475,-0.4190048861027892,-0.4508254214385536,-0.18363876121878955,2.421731797361714
-0.10409717114849282,2.314546653008052,-0.030276982708171946,-0.09579984781190463,0.03470219505869099
-1.3756705664892246,-0.4180493443263138,-0.5716432307193879,-0.44496563138119133,-0.8077788410482583
1.344631519642519,-0.32890761780603606,1.0737137751498467,2.661206042532438,-0.38653832299478363
0.4901108168765002,2.114327290529893,0.0586955311532584,-0.24978158451490257,-0.10571131095913389
-1.1674689503145257,-0.4170493587462813,-0.6173432534243259,-0.4769516434113146,-0.8077788410482583
0.10261091966493287,-0.4610487242677152,-0.4397483946147969,-0.12967908966822636,2.7025588093973636
0.8270064489025852,-0.4610487242677152,0.1343004540914536,2.597266726986331,-0.5269518290126085
0.3881156466728541,-0.4610487242677152,0.008034104157048576,2.168519643435538,-0.6673653350304334
0.2352521244318156,-0.4610487242677152,-0.45754174151653093,-0.37909336970679114,-0.6673653350304334
0.05497638472250859,-0.41901526345409257,-0.1590668986990529,-0.43751316192717893,-0.5269518290126085
0.40078882654418047,3.588385355943064,-0.2542336143645549,-0.0410811062574469,-0.24612481697695876
-0.119601431183868,2.665995502167966,0.9214878541678474,0.0007592649277316461,-0.10571131095913389
-0.24895391186391264,2.188235912061775,0.41211832438146667,-0.2039823828404411,0.17511570107651586
-0.05307838556993551,-0.4610487242677152,-0.5975908660782064,0.06499406926762646,-0.38653832299478363
0.2966602575371723,-0.4610487242677152,-0.09366093668212176,-0.07225731264283478,0.03470219505869099
0.5812160534814317,-0.4610487242677152,-0.12942928573008602,-0.10084467587846585,-0.6673653350304334
0.40040314903038354,-0.41806044523780417,-0.44848325504569897,-0.3724170137894339,-0.5269518290126085
0.29813498114847636,-0.41909800656742685,-0.2119205925782573,-0.03982346440309964,-0.8077788410482583
0.632775517796377,-0.4610487242677152,-0.33078139237993365,-0.10852390521564503,2.140904785326064
-1.3860790003059922,-0.4610487242677152,-0.545261482206817,-0.44787812964330304,-0.6673653350304334
0.45084304781705703,-0.41806044523780417,-0.44934640999811404,-0.25063708383857436,-0.6673653350304334
0.5399638549052473,-0.4207939855991691,-0.46055332613858285,-0.16897657704309976,2.5621453033795385
0.05278091145037258,-0.4207939855991691,-0.5804359109960716,-0.11600080364464867,-0.38653832299478363
0.37483729842482144,-0.4610487242677152,-0.2309270170788299,-0.056337367791830226,1.7196642672725895
0.31681190533260783,-0.3805392469306229,-0.45717879749379425,-0.15349497156015832,0.31552920709434074
-1.3634606208152458,-0.37304999322484694,-0.4878615875451602,-0.4229989684292758,-0.8077788410482583
0.212066376962161,-0.4036898760712709,3.0026792854392994,2.301980065264793,-0.24612481697695876
0.5592189189684019,-0.4610487242677152,-0.3132495687839428,-0.3311274903955717,-0.5269518290126085
0.7078731817400273,-0.24475569574742978,0.055097972459116726,-0.9560816588831739,-0.5269518290126085
0.018756765013798787,-0.4144574550255223,0.21927739080764908,2.4005699028136176,-0.38653832299478363
0.9818413294724988,1.9556614373219106,0.3772281709918241,-0.8298459489883755,-0.24612481697695876
-1.1062167659946907,-0.40023841798095144,-0.4599480928148818,-0.4853368453429154,-0.8077788410482583
-1.124733413859872,-0.37304999322484694,-0.4430193889198486,-0.4390864543101969,-0.8077788410482583
0.7118227440700479,-0.4610487242677152,-0.45054890698447664,-0.1028513078609241,2.140904785326064
0.33994968269127057,-0.41901526345409257,-0.4634616870249965,-0.29260281244923686,-0.5269518290126085
-0.9361230051562797,-0.4170493587462813,-0.619052059555489,-0.48250635675373643,-0.8077788410482583
0.6132151973706621,-0.38061204032465423,-0.15459074649728757,-0.04330029644839987,2.000491279308239
0.26348408218496205,-0.4242053154898775,2.0439672332110055,0.663012016395963,-0.24612481697695876
-1.3214978126103567,-0.375049964384912,-0.5073763921014602,-0.4449166664184851,-0.8077788410482583
0.08484184250865477,-0.37896342271357714,-0.5281710858072297,0.06311294020646906,-0.38653832299478363
0.7612704391547191,-0.4610487242677152,-0.15011025947286746,-0.08175925896931374,1.5792507612547646
2.448490465061789,-0.38817265814139784,1.5526515105557002,2.7688704705452607,-0.10571131095913389
-0.0813293353291101,2.6223671237838166,0.9849954314984485,-0.040721372716426125,-0.10571131095913389
-0.07804245821851837,1.9271452742512933,0.39798992239138364,-0.09457612795451381,0.17511570107651586
1.758348852801051,-0.34198370727632443,1.6874303927025762,2.4678370191094436,-0.38653832299478363
0.24190713713594425,-0.42176877872059876,-0.6729684475763543,0.3575935660190705,0.7367697251478154
0.434780775629222,-0.4192620373723454,-0.0428567654111928,-0.08992215055508951,-0.6673653350304334
0.5702326863899456,-0.378808471558108,-0.4972514156157849,-0.16226064499698442,2.000491279308239
0.14334193218280658,-0.4610487242677152,-3.808502489595725,-1.3978310021566611,-0.38653832299478363
-0.2283395853210198,2.3597637302731784,0.1551590174675383,-0.09691257616860159,-0.10571131095913389
-1.1976086852013452,-0.4610487242677152,-0.5776322596371599,-0.45199658364574735,-0.6673653350304334
0.45194338285447405,3.354595467646846,-0.36325605814582446,0.02176106958908724,-0.38653832299478363
-1.1553010865820188,-0.4180493443263138,-0.5421088651615121,-0.43688382236656587,-0.6673653350304334
-0.07052536054718535,2.549354083408776,-0.008645533594419691,-0.10777430881875416,0.03470219505869099
-0.020527478624058307,1.614282288236079,0.5612788978483827,-0.21161319193042974,0.17511570107651586
0.5654980414983989,-0.4190048861027892,-0.5628725848179172,-0.4379545283535555,-0.8077788410482583
0.17377158232427173,0.9851827097274182,0.31694634912584274,-0.30438905520302956,0.03470219505869099
-1.3471610562105678,-0.375049964384912,-0.5202947876392415,-0.4461647365081559,-0.6673653350304334
0.03112593831640065,-0.4610487242677152,-0.5186998604745144,-0.1638348239367866,2.421731797361714
0.7530996861055591,-0.4610487242677152,-0.35047953627971357,2.287892051585328,-0.38653832299478363
0.46335671137178885,-0.4207939855991691,-0.42626036137240836,-0.12747559449299012,-0.5269518290126085
-1.3323820355382205,-0.4170493587462813,-0.5244027010846145,-0.4759043207316423,-0.8077788410482583
0.22570184963323223,-0.4610487242677152,-0.36959440030986673,0.17890024363694937,-0.6673653350304334
-1.4012106476013328,2.187754770329475,0.40713109824494786,-0.18602448193186913,0.17511570107651586
0.31328569856884864,-0.38070275500778744,-0.7068639565394846,0.2797767586757577,0.8771832311656402
-1.259553248905851,-0.4170493587462813,-0.6093096070572777,-0.43329026094895834,-0.8077788410482583
-1.0522970364559792,-0.4610487242677152,-0.5671738008481083,-0.47864786693082306,-0.8077788410482583
0.34019196824581754,2.3605077007619584,0.06718035920216495,-0.3479655465459797,0.17511570107651586
0.06602823302106658,-0.375049964384912,-0.44006845168321657,-0.4295412376353233,-0.5269518290126085
0.320805885674296,2.0570736257357995,0.0024764128141627375,-0.17234035035381345,0.03470219505869099
-0.07310727891931774,-0.4610487242677152,-0.2585918723144595,0.0660838178904494,-0.6673653350304334
-0.687925982885524,-0.378808471558108,-0.5004027437845742,-0.21122116207974184,2.140904785326064
0.4688429286733087,-0.4200735065969686,0.11800721950486023,-0.05286968844276509,-0.6673653350304334
-0.00866343141489424,-0.4610487242677152,-0.49291200732287416,-0.34480122791775014,-0.6673653350304334
0.5009286951992998,-0.4199577026420658,-0.49489456929528974,0.04359550145100813,-0.5269518290126085
0.0978584492755169,-0.4610487242677152,-4.465834092612303,0.31596070418277106,-0.38653832299478363
-0.16600788997057842,2.328016049662953,0.09744179294252933,-0.13084935842797696,0.03470219505869099
0.07422804309882662,2.1215057911493616,0.8354684299843824,-0.1657756743204537,-0.10571131095913389
0.354712023480109,-0.4199188825846354,-0.537783105265168,-0.13144612683450843,1.4388372552369397
0.6240238747602485,-0.41806044523780417,-0.5110224280522192,-0.4546786756007168,-0.8077788410482583
0.15745081911592704,2.1983444377537316,0.15592363850619742,-0.2093048555301333,0.17511570107651586
-1.225359250479829,-0.4170493587462813,-0.575103660271928,-0.42713283522980044,-0.8077788410482583
-0.060828375498393615,1.9220993185852662,0.021430852092663318,-0.1365830064588887,0.03470219505869099
-1.4026188755236597,-0.4180493443263138,-0.6110622045107765,-0.4304687223944659,-0.8077788410482583
-0.7517205902842249,-0.4207939855991691,-0.5284564557451621,-0.15826258660255085,2.7025588093973636
-1.1805773334578182,-0.37304999322484694,-0.536416671616795,-0.4618249172650285,-0.8077788410482583
0.4225417606622133,3.3896955507331734,-0.3391970199875022,0.042720317868273544,-0.38653832299478363
-0.8674586424415376,-0.4170493587462813,-0.6481729132356273,-0.46916911929384025,-0.6673653350304334
-1.3323820355382205,-0.4610487242677152,-0.4833277195428166,-0.4481869352927044,-0.6673653350304334
-1.4362468770386303,-0.4610487242677152,-0.5601353897568775,-0.4619050885300893,-0.6673653350304334
0.6174480976258969,-0.4610487242677152,-0.24035255078174414,-0.033916614455468855,2.000491279308239
-1.226968558942144,-0.4610487242677152,-0.5174139266867082,-0.49283983422854716,-0.8077788410482583
0.08930565017448598,-0.4190048861027892,-0.5501798450753336,-0.12373550318247453,2.140904785326064
0.4822077988514781,-0.41901526345409257,-0.512251763246462,-0.2551475728357061,-0.6673653350304334
3.4319250289580183,-0.3891267132436111,1.8067042092636194,-2.3418857389989673,-0.5269518290126085
-1.5736849618973496,-0.4610487242677152,-0.5783283746900438,-0.19015197115089488,2.7025588093973636
-0.008352183060216187,2.736262530704792,0.9477807551877512,-0.06128433218900294,-0.24612481697695876
-0.8196855392770855,2.5185878986105763,0.11142031421196105,-0.19062929331499445,0.03470219505869099
0.31412142961177253,-0.4610487242677152,-0.4327530147876094,-0.3705673695955079,-0.6673653350304334
-1.095709358311643,-0.4610487242677152,-0.4845170647057123,-0.44872173667151005,-0.8077788410482583
0.19611910132339677,-0.4610487242677152,-0.5642660350827456,-0.1286637727300556,-0.5269518290126085
0.12691970970763522,2.1590325967828035,-0.7100016123973955,-0.014574534227014553,-0.38653832299478363
-1.3134100128769426,-0.4160017548052944,-0.6031164095604657,-0.4768364668743658,-0.8077788410482583
0.7604953129391981,-0.36600351485611066,3.076478282447115,2.036535364568013,-0.24612481697695876
0.08606215572052799,-0.42000607349064617,-0.5052714271814132,0.057186681980688804,-0.38653832299478363
-1.5587031851782194,-0.4610487242677152,-0.13818209212916163,-0.06805325562499956,1.5792507612547646
0.27949360278207425,-0.4190048861027892,-0.43959152005876867,-0.35438174057260197,-0.5269518290126085
0.6783061544095232,-0.4610487242677152,-0.3283173858326257,-0.010938095585181797,-0.6673653350304334
0.13502478308297214,-0.33421058511518686,3.2473816771505883,2.490867689997669,-0.38653832299478363
-1.2809426830124997,-0.375049964384912,-0.5290872147314054,-0.5110034677741087,-0.8077788410482583
0.6319513916066509,-0.4610487242677152,-0.5000099391747471,-0.41751173453661955,-0.8077788410482583
0.3285119055540501,-0.4610487242677152,-0.21963192114516072,0.05114409139659772,-0.8077788410482583
2.0996441488928244,-0.4610487242677152,0.9524015259847349,2.491410749632723,-0.38653832299478363
0.381122014990487,-0.4610487242677152,-0.43618412845758514,-0.3381075438492139,-0.6673653350304334
0.2622573972312879,-0.40023841798095144,-0.37766666282289674,-0.4008907577860146,-0.6673653350304334
-0.8531890313456163,-0.16013077105833626,0.49319206496701257,-0.23585533964598146,0.03470219505869099
-1.1726368413605093,-0.4180493443263138,-0.5702813899417515,-0.49049028360025676,-0.6673653350304334
0.3047026728570324,1.3994680130194812,0.49069234993263355,-0.25514121265245115,0.17511570107651586
-1.1433788178390987,-0.4610487242677152,-0.645361916978645,-0.42715835563543036,-0.8077788410482583
0.34323248931530675,1.9211205012680659,-0.01678972736055492,-0.177346493070374,0.03470219505869099
-1.1449781934609167,-0.4610487242677152,-0.49189964167800426,-0.4836320687514351,-0.6673653350304334
-1.2904398643797343,-0.3522957196477325,-0.5446873871159961,-0.4568543302476048,-0.8077788410482583
-1.5795870729975445,-0.4610487242677152,-0.3398888255914787,-0.15241439294740805,2.140904785326064
-1.2945630262452448,-0.3750721662078928,-0.5809273402487811,-0.44213623226320536,-0.6673653350304334
-1.28660518377696,-0.4170493587462813,-0.5412968048601828,-0.4667338195390993,-0.8077788410482583
0.4030800282035916,-0.4610487242677152,-0.42370194886751067,-0.34109852049561384,-0.6673653350304334
0.22121262506314296,-0.4180493443263138,-0.30821791486156197,-0.45146855561346905,-0.5269518290126085
-1.313840461613279,-0.4610487242677152,-0.5427222399030064,-0.4835041237652539,-0.8077788410482583
0.3524039340981146,-0.4610487242677152,-0.48874324170619987,0.039336832864203766,-0.5269518290126085
0.4123163372496507,-0.4610487242677152,0.18095286227181173,2.43407717234488,-0.6673653350304334
0.35999162545255536,-0.4207939855991691,-0.4555047402881757,-0.14860472893375679,2.421731797361714
0.3820505887898764,-0.4028823443412456,-0.5224057901642182,-0.14945292605819332,2.5621453033795385
0.08732845268633416,2.1711282356530535,0.8283454604585698,-0.1279466982894876,-0.10571131095913389
3.67242117643341,-0.37947998841778297,1.8823926806031173,-2.353737229053863,-0.5269518290126085
0.3423053394753104,-0.4207939855991691,-0.49900571870402527,-0.10895887859221971,-0.5269518290126085
-1.372225132496581,-0.4610487242677152,-0.5987166074995851,-0.43878347448430427,-0.8077788410482583
0.05341030042727181,-0.4610487242677152,0.22044648281578785,-0.011552932066166149,-0.24612481697695876
-0.5589830710576016,-0.4610487242677152,-0.1641541660893168,-0.04585491433241227,1.7196642672725895
-1.1937270138018958,-0.4180493443263138,-0.5392384718039515,-0.41918173576880247,-0.8077788410482583
-1.3982337562656306,-0.4610487242677152,-0.5856408956444583,-0.19296379295328317,1.8600777732904143
3.8050209158961334,-0.2585922526867425,1.8763550349019626,-2.3182018978125867,-0.6673653350304334
-0.2780170288961759,-0.3750721662078928,2.9340416786573047,0.5541823791533849,-0.24612481697695876
0.47516355245160646,-0.4610487242677152,0.289031228338196,2.3723433859546126,-0.38653832299478363
0.3146115234330717,-0.4199188825846354,-0.4380541119735178,-0.099274721175088,0.7367697251478154
0.5076844419818024,-0.4610487242677152,-0.44864005724234285,-0.4201816307992365,-0.6673653350304334
0.2778476928590337,-0.37304999322484694,-0.43519050089572237,-0.36091093729568585,-0.6673653350304334
-0.962751833888088,1.8320109703157517,0.1404880784590361,-0.2292108083387287,0.17511570107651586
0.2587612319554643,2.3742514060666124,-0.02654301906365207,-0.09585768275273499,0.03470219505869099
-0.12521591718417285,-0.4610487242677152,0.021607329901699026,-0.0010817344745243163,-0.24612481697695876
0.1370922431775258,-0.3805574638054657,-0.43134599596242573,-0.11791213997564816,-0.5269518290126085
0.43307610716993766,-0.4610487242677152,-0.47403664456887196,-0.24759682358644727,-0.6673653350304334
0.8186715578128412,-0.31147514781894986,0.8324997429886858,2.740552271344814,-0.10571131095913389
0.3948883993535096,-0.4208030940365905,-0.5244227886685202,-0.1305662034525714,-0.5269518290126085
0.4352504127523294,-0.4610487242677152,-0.1875974642781583,-0.18410402147438548,-0.5269518290126085
0.6200445774787788,-0.35298009820290177,-0.2977613106399473,-0.929407959565533,-0.6673653350304334
0.4225822153957483,-0.4610487242677152,-0.561221819888729,-0.12843353147050787,1.4388372552369397
-1.1539870144972848,-0.4610487242677152,-0.5004362004855162,-0.44361449752901777,-0.8077788410482583
0.37137727754942573,-0.4610487242677152,-0.34977904459720477,-0.35610104187594693,-0.5269518290126085
0.347768253274768,-0.42083038229618475,-0.11102893422019101,-0.09634712996574112,1.4388372552369397
-0.08815045530559733,2.3639716248672364,0.15828503503383445,-0.11653138874666069,-0.10571131095913389
0.42863689063087995,-0.4610487242677152,-0.47351414936277975,-0.1455667464058644,1.017596737183465
-0.6276679062568861,-0.4610487242677152,-0.5877008606051284,-0.19823707821144193,2.000491279308239
-1.434740828696717,-0.4190048861027892,-0.5676369830777422,-0.4809708362845584,-0.6673653350304334
-1.3684635642081544,-0.4610487242677152,-0.542829727548435,-0.45699799462825125,-0.8077788410482583
0.29844816362551385,-0.4610487242677152,0.2238481077065504,2.507078298892057,-0.38653832299478363
-0.7072378288688903,-0.4610487242677152,-0.5386692014052658,-0.22467761350185292,2.8429723154151882
-1.2897863877015892,-0.32905062770341265,-0.47788363583438875,-0.43562414559260754,-0.6673653350304334
0.3623673343822478,-0.3842242730012364,2.1881281209632073,0.5729907846239668,-0.24612481697695876
0.24218448310806748,-0.4142727092953825,2.883190592015304,1.845111715371289,-0.24612481697695876
-1.3335893388154585,-0.375049964384912,-0.4926368296163284,-0.4146979435506185,-0.8077788410482583
0.2373679371141185,-0.4610487242677152,-0.36088683559263285,-0.4359033870817722,-0.5269518290126085
0.4908606880659741,-0.32905062770341265,-0.4797480471029155,-0.40433300675292116,-0.8077788410482583
-1.259553248905851,-0.4610487242677152,-0.5693600214202419,-0.443636999467578,-0.8077788410482583
-1.2084363170933017,-0.4190048861027892,-0.563747396423416,-0.4615301785718059,-0.6673653350304334
-0.44728258852100045,2.0032230564598947,0.18488570420653502,-0.28954884559349764,0.17511570107651586
-0.09592368386432758,-0.4610487242677152,-0.13303311031884185,0.05547427498397829,-0.38653832299478363
-0.07036882464957261,-0.4610487242677152,-0.19292607808308831,0.016659139357890238,-0.8077788410482583
0.1660557691818557,-0.4199188825846354,-0.43155026872971985,-0.13356940150892996,2.8429723154151882
-1.5172387592462087,-0.378808471558108,-0.5005450979913104,-0.18049304598638188,2.140904785326064
-1.2649640881586448,-0.4610487242677152,-0.6045994038643366,-0.5024689138552848,-0.6673653350304334
0.18535122701515694,-0.42545235991389563,-0.4221336745047856,1.514618211086593,-0.6673653350304334
0.5769659995154987,0.25534548693647047,-0.22459650155219432,-0.9177726322440527,-0.5269518290126085
-0.2832724109657986,-0.4610487242677152,-0.17552716245129307,0.0836191023473749,-0.6673653350304334
0.049190761189211264,-0.4610487242677152,-0.5799035080211045,-0.16569118500656912,2.000491279308239
0.38111896316504845,-0.4207939855991691,-0.4733826589723477,-0.10318085627461103,0.7367697251478154
0.15899524820893865,0.07363921761232266,0.42832713515269516,-0.4637802144291763,-0.24612481697695876
-0.31794467961065537,-0.4610487242677152,0.14079090676412723,2.409464268982133,-0.6673653350304334
0.5074069919004868,-0.4610487242677152,-0.5138749960617862,-0.45523208585349206,-0.8077788410482583
-0.04547456681258823,2.482382803830499,0.08928135427570774,-0.15764401963107413,-0.10571131095913389
1.5634564360926686,-0.3676108518151685,1.0765089804139278,2.6378920610618057,-0.10571131095913389
-1.4278287754822674,-0.4610487242677152,-0.6184871193227144,-0.4887078997550337,-0.6673653350304334
0.6375403253315246,-0.4610487242677152,-0.3888449529776653,-0.135918172991351,2.000491279308239
0.42421008641379415,-0.42000607349064617,-0.041727399239616776,-0.10696758399084909,-0.6673653350304334
0.5441390905113719,-0.3432088876263651,2.394353512161121,0.5706894032428241,-0.24612481697695876
0.6351757538538327,-0.4610487242677152,-0.6125170331987764,-0.21402670095555804,2.7025588093973636
-0.06429938963053317,-0.2784896653810431,-0.6306851776665401,-3.1655781758683195,-0.38653832299478363
-0.22389622491120248,1.5689205613056518,0.22570837604674115,-0.32561267417012063,-0.10571131095913389
0.3869035657238305,-0.4610487242677152,-0.5371305085309003,-0.17300167893838406,2.5621453033795385
-1.3080190169377892,-0.417061252074116,-0.5523540108498078,-0.5161123812536189,-0.8077788410482583
0.2503327383493203,2.337864347542829,0.1385435047923223,-0.274906712880863,-0.10571131095913389
1.354003825544118,-0.30185694337373237,0.9038757419996296,2.6562660504419107,-0.10571131095913389
0.050889427320625735,-0.42170938574600736,2.656218873990902,0.5255517071763852,-0.24612481697695876
0.22845043324354616,-0.38070275500778744,-0.18341489859377472,0.07541682782207314,-0.6673653350304334
0.4641860448269048,3.706258856610003,-0.28295750485365906,0.0060329455033905095,-0.24612481697695876
-1.1433788178390987,-0.4170493587462813,-0.48262850836773186,-0.45571837264408527,-0.8077788410482583
0.12326386060740782,-0.4610487242677152,0.1835304492469575,2.4479239350204445,-0.6673653350304334
-1.0061435636548592,-0.4610487242677152,-0.5816070742505955,-0.4527190336628545,-0.6673653350304334
-0.7458635596083579,-0.28084905529461845,-4.329507745762072,0.8775136594531978,-0.38653832299478363
-0.06880821309768796,-0.32908630768691743,3.1896072979013903,0.5440943606008904,-0.24612481697695876
0.12493348570805417,-0.4610487242677152,-0.6981248106613899,0.25773945670455733,1.017596737183465
-1.2259984753426396,-0.375049964384912,-0.5529121091918849,-0.44108494308585156,-0.8077788410482583
-1.2418474661573635,-0.3320505844435106,-0.5355284129350729,-0.48954035504013577,-0.8077788410482583
-0.38416133495855326,-0.4610487242677152,-0.355499538317251,0.03815593598956844,0.4559427131121656
-0.09765593247358043,-0.4610487242677152,-0.23419778913792552,-0.03822137981307154,2.000491279308239
0.13061951709040184,1.214406872244466,0.33197860301802123,-0.283916962593941,0.03470219505869099
-0.952607927189141,-0.41806044523780417,-0.5811278795601084,-0.46177810602677893,-0.8077788410482583
0.36642940971444954,-0.4026333551320472,0.2603008171067089,2.6267823054679584,-0.5269518290126085
0.5816769086442528,-0.4610487242677152,-0.5779195115100545,-0.4202817818869141,-0.8077788410482583
-0.18664457269698032,-0.4610487242677152,-0.34681295424072384,-0.15415023769921946,2.140904785326064
0.24636351918469956,-0.3787890409015555,-0.2323553427386813,-0.4578434636599357,-0.5269518290126085
0.346167011775065,-0.4208030940365905,-0.4668388309215508,-0.09385278678337325,1.017596737183465
0.4046798507109781,-0.4610487242677152,-0.28137561498411356,-0.5484814325550129,-0.5269518290126085
0.5019273770127376,3.6296731937479247,-0.31417376367787964,-0.02673831958552712,-0.24612481697695876
0.5498136755289661,-0.41806044523780417,-0.17341492086500127,-0.4950974399715751,-0.5269518290126085
-0.2769711482254109,-0.4610487242677152,-0.060279187334797285,-0.04218968515950984,1.8600777732904143
0.5353301230316345,-0.4610487242677152,-0.4845174012882942,-0.48228856799112435,-0.8077788410482583
-0.3715531898756288,2.549354083408776,0.052729111526225524,-0.16248503717209806,0.03470219505869099
0.829144783753094,-0.4610487242677152,-0.1787730173655558,-0.043800495119526835,1.8600777732904143
0.04402729576680754,-0.3074228305739579,3.2016826275801633,0.5285549367767737,-0.24612481697695876
-1.2852355886106122,-0.37304999322484694,-0.516549910898075,-0.4583587596110176,-0.8077788410482583
0.06470920294910454,1.6954776935649936,0.23899523457739766,-0.2622826147402758,-0.10571131095913389
-0.23452429591359544,-0.4610487242677152,-0.2964796124368348,-0.0434406708103859,1.7196642672725895
0.2452704615172835,2.229454155047766,0.03832987927571883,-0.2529911698313265,-0.10571131095913389
0.17292770098533053,2.2075039586663574,0.061560012989733175,-0.23847388502698388,-0.10571131095913389
0.4007716673888146,-0.4610487242677152,-0.6300542655018324,-0.16457901885712842,-0.5269518290126085
-1.0083408290165208,-0.4160017548052944,-0.5155317057732226,-0.4893108424660756,-0.6673653350304334
0.20103749516298275,-0.4610487242677152,-0.5143613138493536,-0.10326808834001816,-0.38653832299478363
-1.310643603039715,-0.4610487242677152,-0.5509145767925211,-0.4498021282970381,-0.8077788410482583
0.4947242467558162,-0.4610487242677152,-0.42433642800384275,-0.12124988512765526,-0.5269518290126085
0.21045471486242534,-0.4610487242677152,0.16665835325728376,2.3391395040214435,-0.38653832299478363
0.3218468570406544,-0.4610487242677152,-0.4916482375545825,-0.28410200860711154,-0.5269518290126085
-1.1635089183804832,-0.4610487242677152,-0.5496631631193419,-0.5131723275397992,-0.8077788410482583
0.9922821484376858,-0.4610487242677152,1.5886088396033442,-2.4021952742346535,-0.6673653350304334
0.01698417241822164,-0.4610487242677152,0.30355707700450646,2.426399529498522,-0.5269518290126085
-0.14539267268538456,1.8235533459609017,0.33951733436401066,-0.0763380945519311,0.17511570107651586
-1.2751065871260314,-0.39882422481149193,-0.5940617003368811,-0.4756785832822266,-0.8077788410482583
0.8319820646897639,-0.32051651883436616,0.79752208336032,2.8058604410143784,-0.10571131095913389
-0.07976528418569073,-0.4199188825846354,-0.40258020896415675,-0.15558976793566967,2.7025588093973636
-1.4174808890964858,-0.4610487242677152,-0.573430166622888,-0.17744051276240655,2.000491279308239
-1.323582883824593,-0.4610487242677152,-0.5607749315515486,-0.43703134709751473,-0.8077788410482583
-1.7785624250614387,-0.4610487242677152,-0.17690944327940966,0.028264982385802148,2.140904785326064
-0.3457919764132702,-0.33185674603849624,-4.250566719328745,0.8894792905288416,-0.38653832299478363
1.473449356229428,-0.4610487242677152,1.035910415397022,2.571021403422297,-0.10571131095913389
0.1831737032139111,2.305143318025845,-0.6317850634131179,-0.009313133112820931,-0.38653832299478363
0.5797501190157736,-0.4132996404170453,0.2487792162712523,2.4890803328451225,-0.38653832299478363
0.28592047528056547,-0.4610487242677152,-0.4102079640788844,0.05609676250046042,1.2984237492191149
0.15092700591019073,-0.37896342271357714,-0.45736088054137275,0.05543260827227658,-0.38653832299478363
0.511167870347006,-0.4199577026420658,-0.19164935052169224,-0.12498341859072962,-0.6673653350304334
0.20326061215986124,2.0658143482939075,0.07526784906265226,-0.25872739624540775,-0.10571131095913389
0.27500769119413276,-0.4610487242677152,-0.5080879748333625,-0.14869080004484106,-0.24612481697695876
-0.29840610584381344,2.283034922301449,0.09584579356948608,-0.12238621379846844,-0.10571131095913389
-1.3348080180195667,-0.375049964384912,-0.48795276495499096,-0.48453949008059555,-0.6673653350304334
0.834092070324836,-0.33777565939076654,-0.14719073022373688,-0.01114698522701499,2.140904785326064
0.458961547807146,-0.41901526345409257,-0.40645623857822244,-0.2936222156516898,-0.6673653350304334
-1.2118358605866564,-0.4610487242677152,-0.658035068730936,-0.5062600635108147,-0.6673653350304334
-0.8768396937552358,-0.40432498401078903,2.918101611601349,0.9775832280709041,-0.38653832299478363
0.16532797475821415,-0.41901526345409257,-0.22286751247778983,-0.45692997397645146,-0.5269518290126085
-1.544865487214583,-0.4610487242677152,-0.5904847225197843,-0.19941052709090235,2.8429723154151882
0.13707024741159843,-0.4610487242677152,-0.6020309494030454,0.1937004330061362,0.7367697251478154
-0.14898029406261848,2.1693311259878736,0.10755165067300164,-0.09682128364334114,0.03470219505869099
-0.3104799281740776,1.888173647163064,-0.746466660888973,0.033792268989794184,-0.38653832299478363
0.458490257334571,-0.4610487242677152,-0.520240507246818,0.026371849898901064,-0.5269518290126085
0.29941014572896374,-0.4199285979129118,-0.5305971467262462,-0.18086358336117941,1.017596737183465
0.1758282360865916,2.0947001053958223,0.06825900735616248,-0.20686973753603127,0.17511570107651586
0.4316359327404371,-0.4610487242677152,-0.07583886956010807,-0.08957518820089577,-0.6673653350304334
0.4854069469335337,-0.4610487242677152,0.2685583511298727,2.3906068590079013,-0.5269518290126085
-0.040061648126344336,-0.41806044523780417,3.0289827553465565,0.603756872255825,-0.24612481697695876
0.05111794848860626,-0.4610487242677152,3.140831378790267,0.5258475955841508,-0.24612481697695876
0.21176625437996793,-0.4610487242677152,-0.4749514404780459,-0.3867694936453136,-0.5269518290126085
-1.3471610562105678,-0.3709547853428737,-0.6052283992065888,-0.4788952688819292,-0.6673653350304334
0.30262082024314907,-0.4056059283582052,2.157159520324672,0.5607455914334506,-0.24612481697695876
0.8445802411128946,-0.4610487242677152,-0.3108755426986835,-0.1261698903452271,2.140904785326064
-1.578586000549859,-0.4610487242677152,-0.32348167334418393,-0.16689029718353823,2.2813182913438887
0.355928366557028,-0.4610487242677152,-0.15290449450599236,-0.45337803997043424,-0.5269518290126085
-0.2596411295398272,-0.4610487242677152,-0.5836378813647857,-0.213475196815117,2.000491279308239
-1.3348080180195667,-0.4170493587462813,-0.4617047652477538,-0.48389329168143896,-0.6673653350304334
-1.3134100128769426,-0.41901526345409257,-0.6300774503933406,-0.4370621799095054,-0.8077788410482583
-1.40907097685954,-0.4610487242677152,-0.5029535646049689,-0.46257172017145426,-0.8077788410482583
0.045641855454998916,-0.4610487242677152,-0.5821184998868564,0.06600880143902374,-0.38653832299478363
0.17179876239923123,3.179124811072257,-0.45950380691870135,0.01975327667066222,-0.38653832299478363
-0.8720537724077942,-0.4610487242677152,-0.15046426692566758,-0.15433947373710338,1.8600777732904143
-0.03108842904105969,2.184131128020957,0.01865521654849466,-0.10585037156316478,0.03470219505869099
0.0994147548344161,-0.378808471558108,-0.13617818006829532,-0.053409006614842686,1.4388372552369397
0.11370966519883569,-0.3638871779374813,0.25805702982393386,0.02818312518253562,-0.24612481697695876
0.4170018904061279,-0.4610487242677152,-0.3829976580589243,-0.3351774193012262,-0.6673653350304334
0.012804831449486034,2.2153134275574655,0.07159164485015838,-0.06686790461037204,0.03470219505869099
3.9840640363938298,-0.35402258520301083,1.5663103109347547,2.534831659823241,-0.10571131095913389
0.10567656602474951,2.3230724911917475,-0.05965500176024477,-0.07450201084212628,0.03470219505869099
0.5802894491985735,-0.4199577026420658,-0.48046214454925085,-0.011658840653359412,-0.38653832299478363
-0.1315479048255193,-0.4610487242677152,-0.44300642973080684,-0.17952682753647986,2.5621453033795385
0.1384070687537318,-0.40432498401078903,-0.6128777274240097,0.24235330966033505,0.7367697251478154
0.6435855129544488,-0.06885429508316893,2.5051656259958666,2.5251441273576933,-0.38653832299478363
4.3932191075937,-0.4610487242677152,1.9475227722558826,-2.336247865021394,-0.6673653350304334
-0.7354185222084221,-0.4207939855991691,-0.6521998701950366,-0.14920306149308063,1.8600777732904143
-1.2363425596885929,-0.3142775589807134,-0.5455587291603659,-0.45232530813169436,-0.8077788410482583
1.0440104766627585,-0.3926443063059338,1.2359543514241091,2.6407682067145917,-0.38653832299478363
-1.3040364269863942,-0.4610487242677152,-0.5474125906472086,-0.4410902541617953,-0.8077788410482583
0.6657007645167742,-0.3964201673770223,0.20812501314093898,-2.00260355358535,-0.5269518290126085
-0.32386409557629875,-0.4199188825846354,-0.45656583509640214,-0.18862336368919919,2.5621453033795385
1.406550545737717,-0.2707915155389225,2.1689042612610034,2.5005729909505083,-0.38653832299478363
-0.037182670896775794,-0.4610487242677152,-0.14430327558994488,0.06308153303416417,-0.6673653350304334
1.3616251480001684,-0.4610487242677152,0.6090435783373045,2.5119933202070395,-0.5269518290126085
0.602667145057992,-0.4610487242677152,-0.4205884928149854,-0.3422334234098014,-0.6673653350304334
5.222948182155712,-0.4610487242677152,1.7463112498206341,-2.6058905413884306,-0.38653832299478363
0.32335255572563776,-0.29470558937532715,1.3080999443971346,-2.4613279106423236,-0.5269518290126085
-1.522886222507992,-0.4180493443263138,-0.49725584094023184,-0.49719525651181895,-0.6673653350304334
0.05858086886345977,3.1538919427055854,0.8229865755223692,-0.08162014880631767,-0.24612481697695876
0.6305509227510522,-0.41310071691831257,0.04443322549789641,2.4451368739813257,-0.38653832299478363
0.6297918819291256,-0.4029372441929558,-0.4013788658921026,-0.25869614235475674,-0.6673653350304334
0.2833591436012897,-0.4610487242677152,-0.4593842391517715,-0.1570679550574475,2.421731797361714
-0.10844038255815774,2.2591618432795606,-0.11108166694698941,-0.11716655867661793,0.03470219505869099
0.3653236910863601,-0.42111804511744055,-0.030667578780828854,1.9731917328331376,-0.6673653350304334
-0.5485932391849508,-0.36718059072554726,3.2999576154720955,1.770268424419024,-0.38653832299478363
0.2006467144351782,-0.4610487242677152,-0.22797446566227128,-0.0614593551736434,-0.5269518290126085
0.25740026333976296,-0.4191700073619217,-0.05584084147590115,-0.16052822098320974,-0.6673653350304334
0.23341436984730518,-0.4610487242677152,-0.4616147118024126,-0.20634041564266056,2.140904785326064
-1.3055736122881472,-0.4610487242677152,-0.4858154029476883,-0.43616465542734006,-0.8077788410482583
-1.650490890440365,2.3553199171882135,-0.04655963399346982,-0.13323688061372482,0.03470219505869099
0.4101070028240641,-0.4610487242677152,0.25326871096109826,2.3827422115896795,-0.38653832299478363
-0.10431489094746245,-0.4610487242677152,-0.4784186858944042,-0.17782330521441977,2.7025588093973636
0.29435409701154563,-0.4610487242677152,-0.41823849360017695,-0.40781743320303454,-0.6673653350304334
0.20103859583080094,0.9356983220803891,0.3477114267708787,-0.32087374578129085,0.03470219505869099
-1.2365232311369285,-0.4610487242677152,-0.4947164100706356,-0.4602684609920489,-0.6673653350304334
0.25139817775709805,-0.33208388717798143,-0.4819509136116501,-0.3132962373978701,-0.5269518290126085
1.969527302317467,-0.4610487242677152,1.192123962571713,-2.4088845025061123,-0.6673653350304334
0.29147518989173254,-0.4610487242677152,-0.23369608080595256,0.018725903596271447,-0.8077788410482583
0.012164348369130691,1.6021882806640708,0.2568176180620551,-0.29101547838956976,0.03470219505869099
0.7401555255133059,-0.42101985843279055,2.2983497844434195,1.4388282198191578,-0.24612481697695876
-0.48160689274339646,-0.4610487242677152,0.30184300914269085,2.4977660699131774,-0.5269518290126085
-1.2808253229132345,-0.4170493587462813,-0.4552980271129986,-0.47283592118716733,-0.8077788410482583
0.23789610423698898,2.06771950667395,0.03822339719599387,-0.1886136627506322,0.03470219505869099
3.865237541103778,-0.2632028718239021,1.7644817107215047,-2.315809001535899,-0.5269518290126085
-1.1062167659946907,-0.4610487242677152,-0.622767773907815,-0.46953711776458174,-0.8077788410482583
-1.23449706299653,-0.3320505844435106,-0.6177825627811465,-0.4479894557748865,-0.8077788410482583
0.47137184069787447,-0.4610487242677152,-0.430263695616908,-0.3813002900626018,-0.6673653350304334
0.22514684445540753,-0.4610487242677152,0.5459096406516208,3.0889749201050565,-0.24612481697695876
0.44610320141373827,-0.4610487242677152,-0.3771991455588255,-0.31327146978917936,-0.6673653350304334
0.3196745716092112,-0.4208757396377513,-0.48878016587278533,0.02245283155133154,-0.24612481697695876
0.4196703863088205,-0.4207939855991691,-0.5713735740113048,-0.20690310802316492,2.5621453033795385
-1.1013813570433062,-0.4610487242677152,-0.5923609126040343,-0.4598604347890228,-0.8077788410482583
0.39930405935092994,3.6312313510171133,-0.34133467276044943,0.018588133394518914,-0.24612481697695876
-1.1493864034685901,-0.37304999322484694,-0.447869827807906,-0.4651781032536001,-0.8077788410482583
-0.028262356288707106,-0.32590781588045287,3.106186035116332,0.4772695933163761,-0.24612481697695876
-0.22760554066492308,1.8945485162883562,0.3949167542177023,-0.10715149848958153,0.17511570107651586
0.5558741933728834,-0.41901526345409257,-0.4763951626092741,-0.29984544026477555,-0.6673653350304334
-1.238510188502103,-0.4610487242677152,-0.5760464064308904,-0.4593234855839124,-0.8077788410482583
0.3626484898505321,-0.4610487242677152,0.2753951782358174,2.450943167770221,-0.5269518290126085
0.1936853224411321,-0.3805574638054657,-0.3403108820139267,-0.5290597025849623,-0.5269518290126085
1.6928438937487733,-0.4610487242677152,0.7811546783831607,2.7715392042552174,-0.24612481697695876
1.41550732093487,-0.4039516704464278,-0.12440561465069912,-1.2021352787204378,-0.6673653350304334
0.18032474609804114,-0.4610487242677152,-0.08555686936504682,-0.07842879258753684,1.8600777732904143
0.28350941427390836,-0.4610487242677152,-0.5567317601153291,-0.4734118788317373,-0.8077788410482583
0.08091616078830695,-0.4191700073619217,-0.12998371418944935,0.07487459073355088,-0.5269518290126085
0.32843378131310264,3.266532651402588,-0.1735885733496455,-0.08823174070253018,-0.24612481697695876
-0.6418086264745047,-0.41909800656742685,0.40533910521315636,-0.31220572741320557,0.03470219505869099
0.3542218268627532,-0.4610487242677152,-0.3992999357978469,0.10891786659958248,1.15801024320129
0.37137727754942573,-0.3750721662078928,-0.41136920517858877,-0.4192339669460734,-0.6673653350304334
0.044195877512211476,2.4679304848610504,-0.12797155986454328,-0.13731808289746686,0.03470219505869099
-1.74948776201352,-0.4208030940365905,-0.1437715814748201,0.05754300336391406,1.2984237492191149
0.2913360776549957,-0.41901526345409257,-0.2091916844318998,-0.4306236546416854,-0.5269518290126085
0.34525910794978926,-0.4610487242677152,-0.41409919378244825,0.008141765892673179,-0.5269518290126085
-1.0522970364559792,-0.32905062770341265,-0.5475050404733836,-0.5114565536337773,-0.8077788410482583
0.4550532471111971,-0.42163262598809725,-0.5209727857518117,-0.10976637916184637,2.421731797361714
-0.37939497712645515,-0.4199188825846354,-0.6024269084946193,-0.17896459619220526,1.8600777732904143
-0.19311597732309105,-0.4610487242677152,-0.5389124701352769,-0.190432571339908,1.4388372552369397
-0.023345172629513092,1.5488780651282017,0.2905875827657202,-0.13306819816042,0.03470219505869099
-1.1783197980870739,-0.417061252074116,-0.5480586685811951,-0.4758601677951439,-0.8077788410482583
0.6703706603728666,-0.4170493587462813,-0.5335230125681013,-0.4821308880220394,-0.8077788410482583
0.2007954851441754,-0.4610487242677152,-0.5674639475594684,-0.12628977994303714,-0.38653832299478363
-1.3721959849017216,-0.4610487242677152,-0.5139689442397362,-0.46790076967625777,-0.8077788410482583
4.369391787217495,-0.15924540465701167,1.0844668663458337,-2.7537428590610142,-0.38653832299478363
-0.2377032825897943,1.9215789329226884,-0.04859525765012371,-0.15362802681054394,0.03470219505869099
-1.0115966574815618,-0.4610487242677152,-0.6359658792390982,-0.22666879769554,1.8600777732904143
0.020198689673415985,2.1815123358327955,0.8673780742982817,-0.07175104119769996,-0.10571131095913389
0.9549199981015832,-0.4199285979129118,-0.18093328683320414,-0.013556515314788275,2.140904785326064
1.2440694652961517,-0.21896502015055755,1.2388784244092226,2.5965225774195417,-0.38653832299478363
0.2587465390692624,-0.4610487242677152,-0.2608219581876426,-0.024140573853153068,-0.10571131095913389
0.46335671137178885,-0.41901526345409257,-0.4184239858802376,-0.1241738043586574,-0.5269518290126085
-1.4362468770386303,-0.4170493587462813,-0.5595291932970433,-0.5101647850191154,-0.8077788410482583
0.5130074356015049,-0.4190463494641235,-0.09645860764970676,-0.09797186049254995,1.4388372552369397
0.4073979806499017,-0.4610487242677152,-0.4168936433772834,-0.40448204014488515,-0.6673653350304334
0.35258529120876453,-0.4208757396377513,0.032342815981264615,-0.10205061608705158,-0.6673653350304334
-0.08729782405611375,-0.41806044523780417,3.063753312393666,0.4836909974509361,-0.24612481697695876
0.12160112548830884,1.8302373000532555,0.2653230715678694,-0.28086246977949303,0.17511570107651586
-1.3316077179903867,-0.4610487242677152,-0.5037264277713214,-0.4321131205580373,-0.8077788410482583
-1.6161048519084051,-0.4610487242677152,-0.6437656304066591,-0.1684755519060579,2.140904785326064
-1.3903981985197713,-0.4610487242677152,-0.6414465188919001,0.2125705434749738,1.15801024320129
1.8551358878366893,-0.4610487242677152,0.865946460463508,2.7415896047193997,-0.10571131095913389
-1.1396391419165721,-0.33768834520330415,-0.42160625892549625,-0.1275041582352928,2.140904785326064
2.7124508028401593,-0.30460183503076826,1.5757290303349936,-2.324088275242801,-0.5269518290126085
0.3483117247683247,-0.4199188825846354,-0.38535684119514285,-0.1409742977350897,2.5621453033795385
0.05216313066798863,-0.4610487242677152,-0.5191478167611846,-0.21023843172416923,1.7196642672725895
-1.265441102805272,-0.4610487242677152,-0.5326493377045346,-0.20523714825974224,2.421731797361714
1.4015228482390023,-0.3926443063059338,1.286835252809974,2.503284408487229,-0.38653832299478363
0.354712023480109,-0.4180493443263138,-0.46198672995315787,-0.3322728184392479,-0.6673653350304334
0.04247075542440128,-0.4610487242677152,-0.1925964633406427,2.3326550545190674,-0.38653832299478363
-1.0811412009021482,-0.4610487242677152,-0.6324981022282041,-0.16350104602340862,2.000491279308239
0.15014777763895334,-0.3701495655867874,-0.20627629865023034,1.8005934472478227,-0.6673653350304334
0.2656287600781414,3.4450488339058887,-0.46625214878533666,0.02695400129291619,-0.38653832299478363
0.44373347795039353,-0.4610487242677152,-0.5148805639499386,-0.11809227558400458,1.15801024320129
-0.196776066770859,-0.4610487242677152,-0.3696994887305328,-0.12489697447249536,2.2813182913438887
-1.3408323278064203,-0.39882422481149193,-0.675715897129359,-0.4373392775769468,-0.8077788410482583
0.29143401463304364,-0.4610487242677152,0.18690369192253312,-0.15697438172410574,-0.24612481697695876
0.22480758583437913,-0.4610487242677152,-0.4407240624898631,-0.40186295835701247,-0.5269518290126085
3.362318282985782,-0.2918255399585211,1.8478004425036771,-2.419029268028614,-0.6673653350304334
0.08216158234018749,-0.4610487242677152,-0.635370698755844,-0.22885897844673603,2.8429723154151882
0.09253433379727073,-0.421641177045423,0.13177454277219994,0.07128134105622563,-0.24612481697695876
0.5762941524279939,-0.4199577026420658,-0.161550824349944,-0.048213621778935525,0.03470219505869099
-1.4366327869456192,-0.4610487242677152,-0.531226808376958,-0.4308306306886676,-0.8077788410482583
0.47537734662289693,-0.4028960838902565,-0.11837540727662911,-0.07537636763670881,1.4388372552369397
0.48753922153268225,-0.4199577026420658,-0.4921691230613976,0.06389113857216897,-0.38653832299478363
0.7676534033427761,-0.42083038229618475,-0.24672299585745103,-0.05276461322947439,2.000491279308239
0.3322063944594191,1.5317262670416811,0.1401185125004896,-0.3502448826654921,-0.10571131095913389
0.3173390988119238,-0.4610487242677152,-0.1860960052595953,0.01648997324344205,-0.8077788410482583
-0.07451343977788814,2.209865769530837,0.04213747524813181,-0.10126384706323537,0.03470219505869099
-0.31937712422077585,1.9030030484756346,0.42377125470518706,-0.14793110482313385,0.17511570107651586
0.6210631523569771,-0.3771472888671384,-0.6373591188719588,0.10934321016249718,0.5963562191299905
0.6863788016434125,-0.4610487242677152,-0.17190524828170514,-0.12833047997430677,-0.6673653350304334
-0.034189026616798644,-0.4610487242677152,-0.4333634993132497,-0.17140513718171255,2.7025588093973636
0.3485940963396891,-0.4610487242677152,-0.41799688114140543,1.364762947981268,-0.6673653350304334
-0.34702948568863057,-0.4199285979129118,-0.22949597706744754,-0.0005195946480204817,2.000491279308239
0.09205079016636165,-0.4610487242677152,-0.3468542117937883,-0.5380539725988437,-0.5269518290126085
-1.2132656460905342,-0.4610487242677152,-0.7180159275164373,-0.46541827919583906,-0.6673653350304334
0.6892249319915691,-0.4610487242677152,0.08559295494393736,-0.017796442300933933,-0.6673653350304334
0.6681096485730569,-0.41901526345409257,-0.5244508237995198,-0.40286094572192005,-0.8077788410482583
-1.1654587129466307,-0.4170493587462813,-0.5155619621652101,-0.47303860820683424,-0.8077788410482583
5.285355085065537,-0.23979941171774322,1.6717390926780487,-2.2331346878419684,-0.5269518290126085
0.17646504647899924,-0.4610487242677152,-0.6547189889241889,0.26027994379315483,0.8771832311656402
0.8987974077977814,-0.4610487242677152,-0.21644745410642188,-0.025805632385936153,2.000491279308239
-1.2982871233930986,-0.4180493443263138,-0.4469242153749707,-0.45735641571542085,-0.8077788410482583
0.26555079705674456,2.9959289929106547,0.026456772196602637,-0.07754747102752572,-0.24612481697695876
-1.4661411765507926,-0.4199285979129118,-0.5282152567779399,-0.20165453146983553,2.5621453033795385
-0.8599216376445936,-0.4610487242677152,-0.6670700156937382,-0.14101752792774983,1.7196642672725895
0.33473776010005457,-0.4610487242677152,-0.12406673616053118,0.006302124141184339,-0.8077788410482583
-1.311104898427395,-0.4610487242677152,-0.6193937318958083,-0.43203460803894234,-0.8077788410482583
0.15215169050844615,2.72026039853083,0.9329817728576306,-0.07762492889991297,-0.10571131095913389
-0.12021008282760058,-0.42000607349064617,-0.16849199058090517,-0.058125888337909645,2.140904785326064
2.7080120099209544,-0.3096909068739814,0.8311290503981823,-2.6570684597756595,-0.38653832299478363
-1.2934431489377733,-0.4610487242677152,-0.4417951702208048,-0.4065141264465043,-0.8077788410482583
0.5303691202938629,-0.4610487242677152,-0.4349425692517449,-0.329112091156306,-0.6673653350304334
0.0357854942983475,-0.4610487242677152,0.06570943094182534,0.03415288883813949,-0.24612481697695876
0.4088986038358161,-0.4610487242677152,-0.0782618672157401,-0.46176166263878,-0.5269518290126085
0.44312730979907017,-0.4610487242677152,0.0032892920587975446,-0.08210748119608294,-0.6673653350304334
-0.022123636466670416,-0.4610487242677152,3.105812475763031,0.6118540623323792,-0.24612481697695876
-0.09989296066987537,-0.4610487242677152,-0.1018422371399256,0.09832015718585936,-0.5269518290126085
0.1840560426745664,-0.4610487242677152,-0.4828452825225379,1.0208090416720137,-0.6673653350304334
0.08714809007797401,-0.4199188825846354,-0.44793075444578223,-0.10665765261871633,0.8771832311656402
0.39147940525137087,-0.4610487242677152,0.19344814001180333,-0.04619910810159185,-0.6673653350304334
-0.42347622645758554,-0.37696104793786317,-0.4764338116927631,-0.20245708217580163,2.421731797361714
-1.1759661206296785,-0.4610487242677152,-0.6239739306363676,-0.4072128724406613,-0.8077788410482583
0.16087953046245623,-0.4610487242677152,-0.3844812187635841,-0.40809962561726243,-0.5269518290126085
-1.489606908448753,-0.4199188825846354,-0.6134909714102819,-0.18856280774297987,2.2813182913438887
0.3148059594515867,-0.378808471558108,-0.5324773643384221,-0.17327087490753812,1.017596737183465
0.4009392381331162,-0.4199188825846354,-0.12766617245848436,-0.12111234895765804,1.8600777732904143
0.8757159964652701,-0.4610487242677152,-0.21068052869291495,0.002334665317582449,2.140904785326064
-1.6658636037567192,-0.4610487242677152,-0.5751010523458325,-0.1607308686802262,1.4388372552369397
-1.2140244806883345,-0.4170493587462813,-0.5345937996270915,-0.4377075815123852,-0.6673653350304334
0.22187922540213678,-0.3678661857833293,0.2456664061172695,2.4789382276000342,-0.5269518290126085
-0.042730779496473484,-0.4240152364530427,-0.10162938604188826,-0.09403203408583234,-0.38653832299478363
3.26120010189491,-0.4610487242677152,1.7542240675709626,-2.280198851170201,-0.5269518290126085
0.6584627025217621,-0.4610487242677152,-0.3796654163320347,-0.4224994540870513,-0.8077788410482583
0.3568504302368712,-0.4610487242677152,-0.5165570340535716,-0.42997985044177567,-0.5269518290126085
1.379865919551578,-0.32051651883436616,1.4330170419111548,2.8444264309941243,-0.10571131095913389
0.7212187695819164,-0.4208030940365905,-0.23681239758263456,-0.09297274407349142,1.8600777732904143
-5.047227417980544e-05,2.6825706217737193,0.8663576292199153,-0.024459973076572817,-0.24612481697695876
-1.5479949626583285,-0.4610487242677152,-0.542267468996658,-0.19685747833978878,2.8429723154151882
-1.4246218948014457,-0.4002541170405358,-0.5474787510299004,-0.492713575729977,-0.8077788410482583
0.22664004904716475,-0.4610487242677152,0.18548638301431788,-0.05539469379199695,-0.24612481697695876
0.5329510701255595,-0.27138836972946334,-1.0411307655925968,-3.380252285894589,-0.38653832299478363
-1.1547731502102503,-0.4170493587462813,-0.5168227785889202,-0.46098791452675664,-0.6673653350304334
3.7860007303419896,-0.2806383364516577,1.6197336435114367,-2.196109201857887,-0.5269518290126085
0.3164544159887594,-0.4610487242677152,3.1245511035975584,2.262950123268328,-0.24612481697695876
0.31321214103799017,2.2546281423647825,0.1002312648082847,-0.20662404770726145,0.03470219505869099
0.2179043785464543,-0.4610487242677152,-0.3142148054176367,-0.6491309001684759,-0.5269518290126085
1.8827561430015731,-0.4037425230288503,0.0806619707056489,-1.5697343389034424,-0.5269518290126085
0.6274674719270034,-0.42083038229618475,-0.05354884400919426,0.06607808046389958,1.2984237492191149
-1.426583237166505,-0.41901526345409257,-0.2696824155366706,-0.12662355880250295,2.140904785326064
0.1055115387957897,-0.3949781710368758,1.5889394055194472,2.4736995439974665,-0.38653832299478363
-1.3540825025740648,-0.31082549376862334,-0.5360705553930879,-0.4782953156844281,-0.8077788410482583
2.2660425610466084,-0.4610487242677152,0.6450383619508603,3.2102389186052176,-0.38653832299478363
1.8754477129146834,-0.4610487242677152,1.79272660028453,-2.6497052171280737,-0.6673653350304334
0.15318327442955007,1.8035196257732782,0.1405072706341062,-0.29874818352932675,-0.10571131095913389
-1.1011785532229768,-0.4610487242677152,-0.6555459588231098,-0.19942733031483276,2.000491279308239
-1.146826290124193,-0.417061252074116,-0.5518868761515221,-0.48506830262511724,-0.8077788410482583
-1.0561155938850428,-0.4610487242677152,-0.5980064780030564,-0.45424721202159113,-0.8077788410482583
-1.0449858637127654,-0.4610487242677152,-0.5753401363572197,-0.19587386569333015,2.000491279308239
0.17239307545257967,-0.417061252074116,2.9576123970562964,0.5094823460959018,-0.24612481697695876
0.5924296326750986,-0.4610487242677152,-0.28241170660241244,-0.09448163495503319,2.140904785326064
-1.1226818653774038,-0.4610487242677152,-0.4959338305725534,-0.48374108594204324,-0.8077788410482583
-0.1176824876105447,-0.4610487242677152,0.07377105398722235,-0.09439974585237332,-0.38653832299478363
-1.459156345340335,1.8901656911412088,-0.06425088263359688,-0.10500183209252045,0.03470219505869099
0.24992246723075823,-0.4180493443263138,-0.5824687449790623,-0.43817390103692166,-0.8077788410482583
0.5307978591238783,-0.4190048861027892,-0.5587292917243609,-0.20805413211957866,2.5621453033795385
-0.3102186870754101,-0.4199577026420658,2.69881997269574,0.35992958526652064,-0.24612481697695876
0.3549639132269081,-0.4610487242677152,0.19061415759722847,2.3918013125977606,-0.6673653350304334
0.511345627447275,-0.41901526345409257,-0.1890015592400118,-0.1095040931841349,-0.6673653350304334
-0.7876295828222526,2.0855229719301085,0.0659942317894275,-0.26283548343042246,0.17511570107651586
0.6206310666229256,-0.4610487242677152,-0.6673946963811265,-0.15428594142208282,-0.5269518290126085
-1.1787121563743155,-0.4610487242677152,-0.5801333707492744,-0.4551560171179288,-0.6673653350304334
1.701590323938138,-0.34120996995602887,1.6910444826551168,2.4290183518837694,-0.38653832299478363
0.47982886745224823,-0.4144574550255223,0.23240137402619263,2.474923112804308,-0.6673653350304334
-1.1163520185019762,-0.4170493587462813,-0.4889383524462197,-0.44264306305749657,-0.8077788410482583
-0.6745125876394961,-0.4209389828777783,2.830485442515399,0.7753420429947872,-0.38653832299478363
0.24165638170790227,-0.4610487242677152,-0.31247691352994866,-0.1627932345143422,2.140904785326064
-1.4452472399762228,-0.3787890409015555,-0.529798004932562,-0.2295128219099334,2.8429723154151882
0.1900073266435501,2.276182462573058,0.08439278170549253,-0.24969611307958547,0.17511570107651586
2.2969706579399047,-0.3863202948413143,1.7452124455820435,-2.464443789697184,-0.5269518290126085
0.19950489711363972,-0.41901526345409257,-0.141914883343684,-0.4164748039570492,-0.5269518290126085
0.050356803090940504,1.7343140283402283,0.8613792816109063,-0.1422668719449002,-0.10571131095913389
0.6565661252779306,-0.4610487242677152,2.3034311057634005,1.4209096587834422,-0.24612481697695876
1.5813861762011598,-0.3938628031284689,0.9033992709362033,3.0564527396267995,-0.38653832299478363
0.4482416081705015,-0.4610487242677152,-0.4021549004881533,-0.36998338331794506,-0.6673653350304334
2.591075277636876,-0.34120996995602887,0.9978013224631489,2.449272115205158,-0.38653832299478363
-1.2084363170933017,-0.3548535723234185,-0.5805535309747758,-0.4307920371233948,-0.8077788410482583
-1.340966527114874,-0.4170493587462813,-0.5404852053526582,-0.4458694146193351,-0.8077788410482583
-0.1118198059654865,1.924840663933327,0.20162260580850885,-0.1252540889424463,0.03470219505869099
-0.27194391592699885,2.345426818857973,0.3461959920199527,-0.11378752451159574,0.17511570107651586
0.4868392399361753,3.493297116857335,0.10920530618990901,-0.12171227341692345,-0.24612481697695876
0.07684879999625797,-0.4029372441929558,3.6605808972894875,1.878543539105805,-0.38653832299478363
0.5816769086442528,-0.4170493587462813,-0.5522197520182293,-0.4667508483491283,-0.8077788410482583
0.23668036567416956,-0.4610487242677152,-0.5324382473078846,-0.13571259655998183,-0.10571131095913389
0.10628507192131029,2.040190272479998,0.5137262852662036,-0.24725517715023837,0.17511570107651586
0.5908377239504529,-0.3750721662078928,-0.3666935419268688,-0.2523222703212096,-0.6673653350304334
-0.10723139420230687,2.0465094360145986,-0.09581008270315539,-0.13916045207077793,0.03470219505869099
0.681992966707085,-0.4610487242677152,-0.5507147384303789,-0.44360378046317583,-0.8077788410482583
-1.1855601646114398,-0.4610487242677152,-0.5862422308018062,-0.40984345563587016,-0.6673653350304334
0.5642861446327041,-0.41901526345409257,-0.4692805941016848,-0.24424041916119346,-0.6673653350304334
-1.4246218948014457,-0.37304999322484694,-0.5897525256431225,-0.4893721635497986,-0.8077788410482583
-1.3941690940288332,-0.4610487242677152,-0.5417501481390596,-0.4238961408182494,-0.6673653350304334
0.6763749158408584,-0.40857484238738623,0.06284224871530526,-1.0258679146706626,-0.6673653350304334
-1.5579820842697496,-0.4199188825846354,-0.5434948791678462,-0.17945401144084427,1.5792507612547646
-0.4302015524586007,2.350778102293027,0.07309692800230118,-0.16564121462632167,0.03470219505869099
3.715310267224834,-0.3164716008899401,2.1436203015816004,-2.1899670574427983,-0.5269518290126085
-1.4603233798204285,-0.4199188825846354,-0.5280224140907243,-0.20653641180611873,1.4388372552369397
-1.4297018040429603,-0.4610487242677152,-0.5880609920237541,-0.46323759142255383,-0.8077788410482583
0.49402253675773405,-0.4190048861027892,-0.43511695349706464,-0.3893542859082632,-0.6673653350304334
0.2075403374626794,-0.4610487242677152,-0.36357599633515586,-0.2930685343245312,-0.5269518290126085
0.1731016691019367,-0.4610487242677152,-0.514347980749635,-0.1512400570942987,1.8600777732904143
0.009373742707376394,1.7854091132580046,0.3263445230255307,-0.12751433409318436,0.03470219505869099
-1.206202824801773,-0.4610487242677152,-0.532858223490607,-0.43563605577677045,-0.8077788410482583
-1.166496230668591,-0.31082549376862334,-0.5097850794297614,-0.44504457305796497,-0.6673653350304334
0.21506712570391104,-0.378808471558108,-0.4741426598400661,-0.2773305160920729,-0.6673653350304334
-0.354617957893761,-0.3771472888671384,3.007526187806219,0.6048529696750349,-0.38653832299478363
0.5611725599627447,-0.4610487242677152,-0.4551596144235557,-0.23933209214011425,-0.6673653350304334
-0.3782438875418676,2.5180138322530827,0.0886057571001088,-0.12801877901752912,0.03470219505869099
0.2513769818663489,-0.4610487242677152,-0.3353146476221541,1.6176955210331816,-0.6673653350304334
-1.2074172280828417,-0.4610487242677152,-0.5086439140231735,-0.49638695544037265,-0.6673653350304334
0.32080579145142657,-0.3581909554176363,2.5405567565656164,1.6149852662466688,-0.24612481697695876
0.38112439272069343,-0.4610487242677152,-0.4919426839526158,-0.18548820654887738,1.017596737183465
-0.15359896543655635,2.0620216276899246,-0.06598201714190312,-0.12922880612081883,0.03470219505869099
0.12870064821798516,-0.4199188825846354,-0.5174454106334188,-0.18253627200559366,2.2813182913438887
-1.1855601646114398,-0.4610487242677152,-0.5157065204838382,-0.38103484986380337,-0.8077788410482583
-0.42223267544163984,-0.4209389828777783,-0.6157494078063175,0.2523115919328573,0.7367697251478154
0.7326264227397148,-0.4610487242677152,-0.3590635633740134,2.3319678928748466,-0.38653832299478363
0.3687350456392099,-0.4207939855991691,-0.5611598019891003,-0.0718205083936382,-0.5269518290126085
-0.01953141753437509,2.4679304848610504,-0.11299218149883863,-0.0908880871823427,0.03470219505869099
0.14778159930668658,-0.4610487242677152,-0.2278371312539197,0.004332531248248629,-0.24612481697695876
-0.6513158197257769,-0.4610487242677152,0.13847942075564285,-0.2974748542690459,-0.6673653350304334
0.3618111613616925,-0.42193700195847855,2.1632863804574303,0.9786687346460061,-0.24612481697695876
-1.1982116205536506,-0.4180493443263138,-0.571735166852907,-0.4724937890817463,-0.8077788410482583
2.312837256815153,-0.2723748208082209,3.0912101859112147,2.2915582694027057,-0.10571131095913389
-0.5358154119096535,1.6354576536325331,0.282685587082664,-0.8204794901388283,-0.24612481697695876
0.3389446930406804,-0.4610487242677152,-0.42020913444917285,-0.6059192658245117,-0.6673653350304334
-0.14097439594797026,1.83754701721895,-0.11746056047189653,-0.24405137470617316,0.03470219505869099
0.5648479159137016,1.4991090548094113,0.2214016576754507,-0.3685694736022418,0.17511570107651586
0.16614992590922298,1.1658746218443776,0.3401843131203021,-0.32634593965866476,0.03470219505869099
0.3577317375706486,-0.4610487242677152,-0.4878544211944649,-0.14392036667494504,1.2984237492191149
0.2481818471876305,-0.40172145034468226,-0.5036058029846382,0.06778067910140402,-0.38653832299478363
-0.38742301160237586,-0.41186923527608027,3.5239280555679025,1.9413222331136393,-0.38653832299478363
-1.3780934375478238,-0.4170493587462813,-0.522346929710714,-0.4662533209987527,-0.8077788410482583
0.2831369000505034,-0.4610487242677152,-0.695561592181749,0.2187439199702053,1.017596737183465
0.6387211434068808,-0.42000607349064617,-0.178536216538812,-0.09186105156659843,-0.6673653350304334
0.28399503422772315,-0.35723903803955004,-0.5691423792891712,-0.44293516295316837,-0.8077788410482583
-0.3334692243685597,-0.41186923527608027,3.3646988598682053,1.8732608135870574,-0.38653832299478363
0.17910472640432568,-0.38070275500778744,-0.571135337406693,0.054868862122314864,-0.38653832299478363
0.5156132018881773,-0.37698180264047004,-0.4199498181136372,-0.33608936813030615,-0.6673653350304334
-1.313840461613279,-0.417061252074116,-0.5475571653494132,-0.4492076313539445,-0.6673653350304334
0.5795603058329878,-0.41806044523780417,-0.24301858863134523,-0.4927040751826946,-0.5269518290126085
-1.3940809716379141,-0.4180493443263138,-0.4592433741915344,-0.45618339440851224,-0.6673653350304334
-0.25325243264200464,-0.4610487242677152,-0.313364965416089,-0.1430864647397528,2.2813182913438887
0.25196009103720707,-0.4167973488643238,0.3590849019507444,2.3599257968641916,-0.38653832299478363
3.3060681452390663,-0.30460183503076826,1.889769893034559,-2.4058598251875662,-0.5269518290126085
-1.363805527716771,-0.4199188825846354,-0.6127986345336873,-0.1721990573080631,1.4388372552369397
1.0516447202747201,-0.4610487242677152,0.5128391710944646,2.6036303293565486,-0.5269518290126085
-0.9569647440004645,-0.4199188825846354,-0.5352681546526354,-0.19400039679404676,2.421731797361714
-0.5912730420198142,-0.4160145177944905,-0.5130527861382256,-0.45591368253680914,-0.8077788410482583
0.4423659978124764,-0.4610487242677152,-0.0484590326375578,0.017122143858020345,1.4388372552369397
1.0923833606377726,-0.4610487242677152,0.8643231611254931,2.7306546268962117,-0.10571131095913389
0.09956673198404022,2.575931656839028,0.9134320001253182,-0.03928511447572286,-0.10571131095913389
0.3038307758345603,-0.4610487242677152,-0.4846864071292403,-0.10733199788305602,-0.38653832299478363
0.27527394186182874,2.0125946813723767,-0.04327257075861351,-0.1511263718064674,0.03470219505869099
3.0650326288771255,-0.4610487242677152,2.0685869013128153,2.888729124637518,-0.10571131095913389
-1.308196792850279,-0.41806044523780417,-0.6483795150124092,-0.457978017272268,-0.8077788410482583
-0.18528119253362269,2.456462012489657,0.1430407793956039,-0.12419268123314604,0.03470219505869099
-1.0676419285801657,-0.4180493443263138,-0.552478551003533,-0.4256938561681076,-0.8077788410482583
0.1016159182914269,-0.417061252074116,2.9892724424705093,0.4440585370812244,-0.24612481697695876
-0.6697329923395464,-0.4199285979129118,-0.5196800662303551,-0.13547146289200174,0.31552920709434074
0.23587007560905746,-0.4610487242677152,-0.47581794397630894,0.0760967696512384,-0.38653832299478363
-1.1447936788989712,-0.375049964384912,-0.5208868855005823,-0.4362460152972489,-0.8077788410482583
-0.3130754560737951,-0.31753751228436655,-0.5249270600880228,-0.16962739713864888,2.000491279308239
0.2059611333537995,-0.4610487242677152,-0.505201929022459,0.037007746812859676,-0.38653832299478363
-0.03245100295405364,2.684828266690802,0.873154728288612,-0.08551652193520975,-0.10571131095913389
0.12386983566414449,-0.4610487242677152,-0.39566084302085985,-0.11952122539883704,2.5621453033795385
-1.3480695759296404,-0.4170493587462813,-0.4517901547576757,-0.47422485262876096,-0.6673653350304334
1.812951027922223,-0.4610487242677152,0.8826544293446594,2.486925370266848,-0.38653832299478363
-1.1991500311400372,-0.4180493443263138,-0.5728260387878928,-0.4608519530121851,-0.6673653350304334
-0.7448876388766905,-0.4610487242677152,3.080399243760717,0.8892559565363157,-0.38653832299478363
-0.15741154716409497,-0.4610487242677152,-0.08825353856962141,-0.12459114758193507,1.8600777732904143
0.17491398263496594,-0.4610487242677152,-0.5224928449589777,-0.06609007268628465,-0.5269518290126085
0.4139162180701927,-0.4610487242677152,0.04657526721147766,2.453438218227636,-0.6673653350304334
0.2776598157652506,-0.417061252074116,-0.43745904630921456,-0.25706476468449907,-0.6673653350304334
-1.5181756467331962,-0.4610487242677152,-0.5122551615083119,-0.21737238078206098,2.8429723154151882
-1.177309233156017,-0.4610487242677152,-0.5633793583260225,-0.4686987183903309,-0.8077788410482583
0.20262927216100005,-0.4610487242677152,-0.44485451367165946,-0.44462376542968707,-0.5269518290126085
0.10232782292526404,2.0283179072298743,0.09197283402649778,-0.23015440772612875,0.17511570107651586
-0.1324307960012652,2.1938141996246086,0.07758705930872803,-0.20891026324389486,-0.10571131095913389
-0.4141349949378685,1.43393427484102,0.3444882848137569,-0.7529647971555159,-0.24612481697695876
0.06348348363848842,-0.4610487242677152,-0.3736350361666516,-0.08174045737670121,2.140904785326064
0.045904870273253184,-0.4610487242677152,0.15303103700219733,2.4489943007329265,-0.6673653350304334
1.06851139973812,1.8095325708081211,0.3169859187355361,-0.9118585209668619,-0.24612481697695876
